700 0 1 0           
30 Autodesk Translation Framework 20 ASM 231.2.0.65535 NT 24 Tue Oct 14 13:45:41 2025 
1 9.999999999999999547e-07 1.000000000000000036e-10 
body $1 -1 $-1 $2 $-1 $3 #
rgb_color-st-attrib $-1 -1 $4 $-1 $0 0.627450980392156854 0.627450980392156854 0.627450980392156854 #
lump $-1 -1 $-1 $-1 $5 $0 #
transform $-1 -1 1 0 0 0 1 0 0 0 1 0 0 0 1 no_rotate no_reflect no_shear #
ATTRIB_CUSTOM-attrib $-1 -1 $-1 $1 $0 @20 Timestamp_attrib_def 1 1760439726101792 #
shell $-1 -1 $-1 $-1 $-1 $6 $-1 $2 #
face $7 -1 $-1 $8 $9 $5 $-1 $10 forward double out #
DXID-attrib $-1 -1 $-1 $-1 $6 @10 ASM ENTITY @1 0 #
face $11 -1 $-1 $12 $13 $5 $-1 $14 forward double out #
loop $-1 -1 $-1 $-1 $15 $6 #
plane-surface $-1 -1 $-1 -11.69944819402237002 0.3999813451258570907 96.39545973620700181 1 0 0 0 0.9999528859999999852 2.220341435155147929e-16 forward_v I I I I #
DXID-attrib $-1 -1 $-1 $-1 $8 @10 ASM ENTITY @1 1 #
face $16 -1 $-1 $17 $18 $5 $-1 $19 reversed double out #
loop $-1 -1 $-1 $-1 $20 $8 #
plane-surface $-1 -1 $-1 0.3999806775853060326 4.999764048548225759 96.39545973620700181 0 -1 -2.220446049250312588e-16 0.9999528859999999852 0 0 forward_v I I I I #
coedge $-1 -1 $-1 $21 $22 $23 $24 reversed $9 $-1 #
DXID-attrib $-1 -1 $-1 $-1 $12 @10 ASM ENTITY @1 2 #
face $25 -1 $-1 $26 $27 $5 $-1 $28 reversed double out #
loop $-1 -1 $-1 $-1 $29 $12 #
plane-surface $-1 -1 $-1 12.49940954919298086 0.3999813451258570907 96.39545973620700181 1 0 0 0 0.9999528859999999852 2.220341435155147929e-16 forward_v I I I I #
coedge $-1 -1 $-1 $30 $31 $32 $33 reversed $13 $-1 #
coedge $-1 -1 $-1 $34 $15 $35 $36 reversed $9 $-1 #
coedge $-1 -1 $-1 $15 $34 $37 $38 reversed $9 $-1 #
coedge $-1 -1 $-1 $39 $40 $15 $24 forward $41 $-1 #
edge $-1 -1 $-1 $42 -0 $43 1 $23 $44 forward @7 tangent #
DXID-attrib $-1 -1 $-1 $-1 $17 @10 ASM ENTITY @1 3 #
face $45 -1 $-1 $46 $47 $5 $-1 $48 forward double out #
loop $-1 -1 $-1 $-1 $49 $17 #
plane-surface $-1 -1 $-1 0.3999806775853060326 -4.199801358296511467 96.39545973620700181 0 -1 -2.220446049250312588e-16 0.9999528859999999852 0 0 forward_v I I I I #
coedge $-1 -1 $-1 $50 $51 $52 $53 reversed $18 $-1 #
coedge $-1 -1 $-1 $54 $20 $55 $56 reversed $13 $-1 #
coedge $-1 -1 $-1 $20 $54 $57 $58 reversed $13 $-1 #
coedge $-1 -1 $-1 $59 $60 $20 $33 forward $61 $-1 #
edge $-1 -1 $-1 $62 -11.38999955058097768 $63 11.20999987721443247 $32 $64 forward @7 unknown #
coedge $-1 -1 $-1 $22 $21 $65 $66 reversed $9 $-1 #
coedge $-1 -1 $-1 $67 $68 $21 $36 forward $69 $-1 #
edge $-1 -1 $-1 $70 -3.705000162124633789 $42 3.895000219345092773 $35 $71 forward @7 unknown #
coedge $-1 -1 $-1 $72 $59 $22 $38 forward $61 $-1 #
edge $-1 -1 $-1 $43 -3.890000218152998457 $73 3.710000163316728106 $37 $74 forward @7 unknown #
coedge $-1 -1 $-1 $57 $23 $59 $75 reversed $41 $-1 #
coedge $-1 -1 $-1 $23 $57 $67 $76 reversed $41 $-1 #
loop $-1 -1 $-1 $-1 $39 $77 #
vertex $-1 -1 $-1 $24 $78 #
vertex $-1 -1 $-1 $24 $79 #
straight-curve $-1 -1 $-1 -11.69944819402237002 4.199802502651733604 96.89543617920702445 0 2.220341435155147929e-16 -0.9999528859999999852 F -0 F 1 #
DXID-attrib $-1 -1 $-1 $-1 $26 @10 ASM ENTITY @1 4 #
face $80 -1 $-1 $81 $82 $5 $-1 $83 forward double out #
loop $-1 -1 $-1 $-1 $84 $26 #
plane-surface $-1 -1 $-1 -9.536293992046919046e-08 4.999764048548247075 3.499835100999995952 0 -1 -2.220446049250312588e-16 0.9999528859999999852 0 0 forward_v I I I I #
coedge $-1 -1 $-1 $85 $86 $87 $88 reversed $27 $-1 #
coedge $-1 -1 $-1 $89 $29 $90 $91 reversed $18 $-1 #
coedge $-1 -1 $-1 $29 $89 $92 $93 reversed $18 $-1 #
coedge $-1 -1 $-1 $60 $94 $29 $53 forward $61 $-1 #
edge $-1 -1 $-1 $95 -3.710000163316728106 $96 3.890000218152998457 $52 $97 forward @7 unknown #
coedge $-1 -1 $-1 $31 $30 $98 $99 reversed $13 $-1 #
coedge $-1 -1 $-1 $100 $101 $30 $56 forward $102 $-1 #
edge $-1 -1 $-1 $103 -0 $62 1 $55 $104 forward @7 tangent #
coedge $-1 -1 $-1 $40 $39 $31 $58 forward $41 $-1 #
edge $-1 -1 $-1 $63 -1 $105 0 $57 $106 forward @7 tangent #
coedge $-1 -1 $-1 $37 $32 $39 $75 forward $61 $-1 #
coedge $-1 -1 $-1 $32 $52 $100 $107 forward $61 $-1 #
loop $-1 -1 $-1 $-1 $37 $108 #
vertex $-1 -1 $-1 $33 $109 #
vertex $-1 -1 $-1 $33 $110 #
straight-curve $-1 -1 $-1 0.3099850811543389817 4.999764048548225759 95.89548329320700759 -0.9999528859999999852 0 0 F -11.38999955058097768 F 11.20999987721443247 #
coedge $-1 -1 $-1 $111 $112 $34 $66 forward $113 $-1 #
edge $-1 -1 $-1 $73 -1 $70 0 $65 $114 forward @7 tangent #
coedge $-1 -1 $-1 $98 $35 $40 $76 forward $69 $-1 #
coedge $-1 -1 $-1 $35 $115 $111 $116 forward $69 $-1 #
loop $-1 -1 $-1 $117 $67 $118 #
vertex $-1 -1 $-1 $36 $119 #
straight-curve $-1 -1 $-1 -11.69944819402237002 0.3049857923469755372 96.89543617920702445 0 0.9999528859999999852 2.220341435155147929e-16 F -3.705000162124633789 F 3.895000219345092773 #
coedge $-1 -1 $-1 $120 $37 $112 $121 forward $61 $-1 #
vertex $-1 -1 $-1 $66 $122 #
straight-curve $-1 -1 $-1 -11.69944819402237002 0.3099855579690136698 95.89548329320700759 0 -0.9999528859999999852 -2.220341435155147929e-16 F -3.890000218152998457 F 3.710000163316728106 #
edge $-1 -1 $-1 $63 0 $43 1.570796326794896558 $59 $123 forward @7 unknown #
edge $-1 -1 $-1 $42 -1.570796326794896558 $105 0 $67 $124 forward @7 unknown #
face $125 -1 $-1 $126 $41 $5 $-1 $127 reversed double out #
point $-1 -1 $-1 -11.69944819402237002 4.199802502651733604 96.89543617920702445 #
point $-1 -1 $-1 -11.69944819402237002 4.199802502651733604 95.89548329320700759 #
DXID-attrib $-1 -1 $-1 $-1 $46 @10 ASM ENTITY @1 5 #
face $128 -1 $-1 $129 $130 $5 $-1 $131 reversed double out #
loop $-1 -1 $-1 $-1 $132 $46 #
plane-surface $-1 -1 $-1 -12.49941164717763087 5.72177632417722522e-07 3.499835100999995063 1 0 0 0 0.9999528859999999852 2.220341435155147929e-16 forward_v I I I I #
coedge $-1 -1 $-1 $133 $134 $135 $136 reversed $47 $-1 #
coedge $-1 -1 $-1 $137 $49 $115 $138 reversed $27 $-1 #
coedge $-1 -1 $-1 $49 $137 $120 $139 reversed $27 $-1 #
coedge $-1 -1 $-1 $112 $111 $49 $88 forward $113 $-1 #
edge $-1 -1 $-1 $140 0 $141 1 $87 $142 forward @7 tangent #
coedge $-1 -1 $-1 $51 $50 $143 $144 reversed $18 $-1 #
coedge $-1 -1 $-1 $145 $146 $50 $91 forward $147 $-1 #
edge $-1 -1 $-1 $148 -0 $95 1 $90 $149 forward @7 tangent #
coedge $-1 -1 $-1 $101 $100 $51 $93 forward $102 $-1 #
edge $-1 -1 $-1 $96 -1 $150 0 $92 $151 forward @7 tangent #
coedge $-1 -1 $-1 $52 $120 $145 $152 forward $61 $-1 #
vertex $-1 -1 $-1 $53 $153 #
vertex $-1 -1 $-1 $53 $154 #
straight-curve $-1 -1 $-1 12.49940954919298086 0.3099855579690136698 95.89548329320700759 0 0.9999528859999999852 2.220341435155147929e-16 F -3.710000163316728106 F 3.890000218152998457 #
coedge $-1 -1 $-1 $155 $67 $54 $99 forward $69 $-1 #
edge $-1 -1 $-1 $105 -11.19999982010234518 $103 11.39999960769306497 $98 $156 forward @7 unknown #
coedge $-1 -1 $-1 $92 $55 $60 $107 reversed $102 $-1 #
coedge $-1 -1 $-1 $55 $92 $155 $157 reversed $102 $-1 #
loop $-1 -1 $-1 $-1 $100 $126 #
vertex $-1 -1 $-1 $56 $158 #
straight-curve $-1 -1 $-1 11.69944800329649048 4.999764048548225759 96.89543617920702445 0 2.220341435155147929e-16 -0.9999528859999999852 F -0 F 1 #
vertex $-1 -1 $-1 $99 $159 #
straight-curve $-1 -1 $-1 -10.89948664812587786 4.999764048548225759 96.89543617920702445 0 -2.220341435155147929e-16 0.9999528859999999852 F -1 F 0 #
edge $-1 -1 $-1 $96 0 $62 1.570796326794896558 $60 $160 forward @7 unknown #
face $161 -1 $-1 $-1 $162 $5 $-1 $163 reversed double out #
point $-1 -1 $-1 11.69944800329649048 4.999764048548225759 95.89548329320700759 #
point $-1 -1 $-1 -10.89948664812587786 4.999764048548225759 95.89548329320700759 #
coedge $-1 -1 $-1 $87 $65 $68 $116 reversed $113 $-1 #
coedge $-1 -1 $-1 $65 $87 $72 $121 reversed $113 $-1 #
loop $-1 -1 $-1 $-1 $65 $164 #
straight-curve $-1 -1 $-1 -11.69944819402237002 -3.399839812400019312 96.89543617920702445 0 -2.220341435155147929e-16 0.9999528859999999852 F -1 F 0 #
coedge $-1 -1 $-1 $68 $165 $85 $138 forward $69 $-1 #
edge $-1 -1 $-1 $140 0 $70 1.570796326794896558 $68 $166 forward @7 unknown #
loop $-1 -1 $-1 $-1 $167 $118 #
face $168 -1 $-1 $169 $69 $5 $-1 $170 reversed double out #
point $-1 -1 $-1 -11.69944819402237002 -3.399839812400019312 96.89543617920702445 #
coedge $-1 -1 $-1 $94 $72 $86 $139 forward $61 $-1 #
edge $-1 -1 $-1 $73 -1.570796326794896558 $141 0 $72 $171 forward @7 unknown #
point $-1 -1 $-1 -11.69944819402237002 -3.399839812400019312 95.89548329320700759 #
ellipse-curve $-1 -1 $-1 -10.89948664812587786 4.199802502651733604 95.89548329320700759 0 -2.220446049250312588e-16 1 0 0.7999615458964919323 1.77627145413803802e-16 1 F 0 F 1.570796326794896558 #
ellipse-curve $-1 -1 $-1 -10.89948664812587786 4.199802502651733604 96.89543617920702445 0 2.220446049250312588e-16 -1 0 0.7999615458964919323 1.77627145413803802e-16 1 F -1.570796326794896558 F 0 #
DXID-attrib $-1 -1 $-1 $-1 $77 @10 ASM ENTITY @2 32 #
face $172 -1 $-1 $173 $102 $5 $-1 $174 reversed double out #
cone-surface $-1 -1 $-1 -10.89948664812587786 4.199802502651733604 96.89543617920702445 0 -2.220446049250312588e-16 1 0 0.7999615458964919323 1.77627145413803802e-16 1 I I 0 1 0.9999528859999999852 forward I I I I #
DXID-attrib $-1 -1 $-1 $-1 $81 @10 ASM ENTITY @1 6 #
face $175 -1 $-1 $176 $177 $5 $-1 $178 reversed double out #
loop $-1 -1 $-1 $-1 $179 $81 #
plane-surface $-1 -1 $-1 -9.536293992046919046e-08 -4.999764811451752777 3.499835100999994175 0 -1 -2.220446049250312588e-16 0.9999528859999999852 0 0 forward_v I I I I #
coedge $-1 -1 $-1 $180 $181 $182 $183 reversed $82 $-1 #
coedge $-1 -1 $-1 $184 $84 $185 $186 reversed $47 $-1 #
coedge $-1 -1 $-1 $84 $184 $187 $188 reversed $47 $-1 #
coedge $-1 -1 $-1 $189 $190 $84 $136 forward $191 $-1 #
edge $-1 -1 $-1 $192 -11.69999942996285114 $193 11.70000114224172982 $135 $194 forward @7 unknown #
coedge $-1 -1 $-1 $86 $85 $195 $196 reversed $27 $-1 #
edge $-1 -1 $-1 $197 -11.39999960769306497 $140 11.19999982010234518 $115 $198 forward @7 unknown #
edge $-1 -1 $-1 $141 -11.20999987721443247 $199 11.38999955058097768 $120 $200 forward @7 unknown #
vertex $-1 -1 $-1 $88 $201 #
vertex $-1 -1 $-1 $88 $202 #
straight-curve $-1 -1 $-1 -10.89948664812587786 -4.199801358296511467 96.89543617920702445 0 2.220341435155147929e-16 -0.9999528859999999852 F 0 F 1 #
coedge $-1 -1 $-1 $165 $155 $89 $144 forward $69 $-1 #
edge $-1 -1 $-1 $150 -3.895000219345092773 $148 3.705000162124633789 $143 $203 forward @7 unknown #
coedge $-1 -1 $-1 $195 $90 $94 $152 reversed $147 $-1 #
coedge $-1 -1 $-1 $90 $195 $165 $204 reversed $147 $-1 #
loop $-1 -1 $-1 $-1 $195 $173 #
vertex $-1 -1 $-1 $91 $205 #
straight-curve $-1 -1 $-1 12.49940954919298086 -3.399839812400019312 96.89543617920702445 0 2.220341435155147929e-16 -0.9999528859999999852 F -0 F 1 #
vertex $-1 -1 $-1 $144 $206 #
straight-curve $-1 -1 $-1 12.49940954919298086 4.199802502651733604 96.89543617920702445 0 -2.220341435155147929e-16 0.9999528859999999852 F -1 F 0 #
edge $-1 -1 $-1 $199 0 $95 1.570796326794896558 $94 $207 forward @7 unknown #
point $-1 -1 $-1 12.49940954919298086 -3.399839812400019312 95.89548329320700759 #
point $-1 -1 $-1 12.49940954919298086 4.199802502651733604 95.89548329320700759 #
coedge $-1 -1 $-1 $143 $98 $101 $157 forward $69 $-1 #
straight-curve $-1 -1 $-1 0.2999854951849424411 4.999764048548225759 96.89543617920702445 0.9999528859999999852 0 0 F -11.19999982010234518 F 11.39999960769306497 #
edge $-1 -1 $-1 $103 -1.570796326794896558 $150 0 $155 $208 forward @7 unknown #
point $-1 -1 $-1 11.69944800329649048 4.999764048548225759 96.89543617920702445 #
point $-1 -1 $-1 -10.89948664812587786 4.999764048548225759 96.89543617920702445 #
ellipse-curve $-1 -1 $-1 11.69944800329649048 4.199802502651733604 95.89548329320700759 0 -2.220446049250312588e-16 1 0.7999615458964919323 0 0 1 F 0 F 1.570796326794896558 #
DXID-attrib $-1 -1 $-1 $-1 $108 @10 ASM ENTITY @2 78 #
loop $-1 -1 $-1 $61 $209 $108 #
plane-surface $-1 -1 $-1 0.2199894847233718476 0.2199897708121667517 95.89548329320700759 0 -2.220446049250312588e-16 1 0 -0.9999528859999999852 -2.220341435155147929e-16 forward_v I I I I #
face $210 -1 $-1 $77 $113 $5 $-1 $211 reversed double out #
coedge $-1 -1 $-1 $115 $143 $146 $204 forward $69 $-1 #
ellipse-curve $-1 -1 $-1 -10.89948664812587786 -3.399839812400019312 96.89543617920702445 0 2.220446049250312588e-16 -1 0 -0.7999615458964919323 -1.77627145413803802e-16 1 F 0 F 1.570796326794896558 #
coedge $-1 -1 $-1 $212 $213 $214 $215 forward $117 $-1 #
DXID-attrib $-1 -1 $-1 $-1 $118 @10 ASM ENTITY @2 57 #
face $216 -1 $-1 $217 $218 $5 $-1 $219 reversed double out #
plane-surface $-1 -1 $-1 0.199990312784578822 0.2099902395680940115 96.89543617920702445 0 -2.220446049250312588e-16 1 0 -0.9999528859999999852 -2.220341435155147929e-16 forward_v I I I I #
ellipse-curve $-1 -1 $-1 -10.89948664812587786 -3.399839812400019312 95.89548329320700759 0 -2.220446049250312588e-16 1 0 -0.7999615458964919323 -1.77627145413803802e-16 1 F -1.570796326794896558 F 0 #
DXID-attrib $-1 -1 $-1 $-1 $126 @10 ASM ENTITY @2 33 #
face $220 -1 $-1 $221 $147 $5 $-1 $222 reversed double out #
cone-surface $-1 -1 $-1 11.69944800329649048 4.199802502651733604 96.89543617920702445 0 -2.220446049250312588e-16 1 0.7999615458964919323 0 0 1 I I 0 1 0.9999528859999999852 forward I I I I #
DXID-attrib $-1 -1 $-1 $-1 $129 @10 ASM ENTITY @1 7 #
face $223 -1 $-1 $224 $225 $5 $-1 $226 forward double out #
loop $-1 -1 $-1 $-1 $227 $129 #
plane-surface $-1 -1 $-1 12.49940954919298086 5.72177632417722522e-07 3.499835100999995063 1 0 0 0 0.9999528859999999852 2.220341435155147929e-16 forward_v I I I I #
coedge $-1 -1 $-1 $228 $229 $230 $231 reversed $130 $-1 #
coedge $-1 -1 $-1 $232 $132 $233 $234 reversed $82 $-1 #
coedge $-1 -1 $-1 $132 $232 $235 $236 reversed $82 $-1 #
coedge $-1 -1 $-1 $237 $238 $132 $183 forward $239 $-1 #
edge $-1 -1 $-1 $240 -1 $241 0 $182 $242 forward @7 tangent #
coedge $-1 -1 $-1 $134 $133 $243 $244 reversed $47 $-1 #
coedge $-1 -1 $-1 $245 $246 $133 $186 forward $247 $-1 #
edge $-1 -1 $-1 $248 -1 $192 -0 $185 $249 forward @7 tangent #
coedge $-1 -1 $-1 $238 $237 $134 $188 forward $239 $-1 #
edge $-1 -1 $-1 $193 0 $250 1 $187 $251 forward @7 tangent #
coedge $-1 -1 $-1 $235 $135 $237 $252 forward $191 $-1 #
coedge $-1 -1 $-1 $135 $253 $245 $254 forward $191 $-1 #
loop $-1 -1 $-1 $255 $235 $256 #
vertex $-1 -1 $-1 $136 $257 #
vertex $-1 -1 $-1 $136 $258 #
straight-curve $-1 -1 $-1 -1.928932172853535135e-07 4.999764048548247075 2.999858657999996403 -0.9999528859999999852 0 0 F -11.69999942996285114 F 11.70000114224172982 #
coedge $-1 -1 $-1 $146 $145 $137 $196 forward $147 $-1 #
edge $-1 -1 $-1 $199 -1 $197 0 $195 $259 forward @7 tangent #
vertex $-1 -1 $-1 $138 $260 #
straight-curve $-1 -1 $-1 0.2999854951849424411 -4.199801358296511467 96.89543617920702445 -0.9999528859999999852 0 0 F -11.39999960769306497 F 11.19999982010234518 #
vertex $-1 -1 $-1 $196 $261 #
straight-curve $-1 -1 $-1 0.3099850811543389817 -4.199801358296511467 95.89548329320700759 0.9999528859999999852 0 0 F -11.20999987721443247 F 11.38999955058097768 #
point $-1 -1 $-1 -10.89948664812587786 -4.199801358296511467 96.89543617920702445 #
point $-1 -1 $-1 -10.89948664812587786 -4.199801358296511467 95.89548329320700759 #
straight-curve $-1 -1 $-1 12.49940954919298086 0.3049857923469755372 96.89543617920702445 0 -0.9999528859999999852 -2.220341435155147929e-16 F -3.895000219345092773 F 3.705000162124633789 #
edge $-1 -1 $-1 $148 -1.570796326794896558 $197 0 $165 $262 forward @7 unknown #
point $-1 -1 $-1 12.49940954919298086 -3.399839812400019312 96.89543617920702445 #
point $-1 -1 $-1 12.49940954919298086 4.199802502651733604 96.89543617920702445 #
ellipse-curve $-1 -1 $-1 11.69944800329649048 -3.399839812400019312 95.89548329320700759 0 -2.220446049250312588e-16 1 0 -0.7999615458964919323 -1.77627145413803802e-16 1 F 0 F 1.570796326794896558 #
ellipse-curve $-1 -1 $-1 11.69944800329649048 4.199802502651733604 96.89543617920702445 0 2.220446049250312588e-16 -1 0.7999615458964919323 0 0 1 F -1.570796326794896558 F 0 #
coedge $-1 -1 $-1 $209 $209 $263 $264 forward $162 $-1 #
DXID-attrib $-1 -1 $-1 $-1 $164 @10 ASM ENTITY @2 31 #
cone-surface $-1 -1 $-1 -10.89948664812587786 -3.399839812400019312 96.89543617920702445 0 -2.220446049250312588e-16 1 0 -0.7999615458964919323 -1.77627145413803802e-16 1 I I 0 1 0.9999528859999999852 forward I I I I #
coedge $-1 -1 $-1 $265 $167 $266 $267 forward $117 $-1 #
coedge $-1 -1 $-1 $167 $268 $269 $270 forward $117 $-1 #
coedge $-1 -1 $-1 $271 $272 $167 $215 reversed $273 $-1 #
edge $-1 -1 $-1 $274 -0.8799993991851806641 $275 1.069999456405639648 $167 $276 forward @7 unknown #
DXID-attrib $-1 -1 $-1 $-1 $169 @10 ASM ENTITY @2 58 #
face $277 -1 $-1 $278 $279 $5 $-1 $280 forward double out #
loop $-1 -1 $-1 $281 $282 $169 #
plane-surface $-1 -1 $-1 -2.622480830050171252e-07 1.430444098807037989e-07 3.999811543999994612 0 2.220446049250312588e-16 -1 0 0.9999528859999999852 2.220341435155147929e-16 forward_v I I I I #
DXID-attrib $-1 -1 $-1 $-1 $173 @10 ASM ENTITY @2 34 #
face $283 -1 $-1 $284 $285 $5 $-1 $286 reversed double out #
cone-surface $-1 -1 $-1 11.69944800329649048 -3.399839812400019312 96.89543617920702445 0 -2.220446049250312588e-16 1 0 -0.7999615458964919323 -1.77627145413803802e-16 1 I I 0 1 0.9999528859999999852 forward I I I I #
DXID-attrib $-1 -1 $-1 $-1 $176 @10 ASM ENTITY @1 8 #
face $287 -1 $-1 $288 $289 $5 $-1 $290 reversed double out #
loop $-1 -1 $-1 $-1 $291 $176 #
plane-surface $-1 -1 $-1 -10.19951981865175483 5.72177632417722522e-07 1.499929328999991762 1 0 0 0 0.9999528859999999852 2.220341435155147929e-16 forward_v I I I I #
coedge $-1 -1 $-1 $292 $293 $253 $294 reversed $177 $-1 #
coedge $-1 -1 $-1 $295 $179 $296 $297 reversed $130 $-1 #
coedge $-1 -1 $-1 $179 $295 $298 $299 reversed $130 $-1 #
coedge $-1 -1 $-1 $300 $301 $179 $231 forward $302 $-1 #
edge $-1 -1 $-1 $303 -1 $304 0 $230 $305 forward @7 tangent #
coedge $-1 -1 $-1 $181 $180 $306 $307 reversed $82 $-1 #
coedge $-1 -1 $-1 $308 $309 $180 $234 forward $281 $-1 #
edge $-1 -1 $-1 $310 -4.199999594688414106 $240 4.200000023841859331 $233 $311 forward @7 unknown #
coedge $-1 -1 $-1 $312 $189 $181 $236 forward $191 $-1 #
edge $-1 -1 $-1 $241 -4.200000091032549676 $313 4.199999527497723761 $235 $314 forward @7 unknown #
coedge $-1 -1 $-1 $187 $182 $189 $252 reversed $239 $-1 #
coedge $-1 -1 $-1 $182 $187 $308 $315 reversed $239 $-1 #
loop $-1 -1 $-1 $-1 $237 $316 #
vertex $-1 -1 $-1 $183 $317 #
vertex $-1 -1 $-1 $183 $318 #
straight-curve $-1 -1 $-1 -12.49941164717763087 4.199802502651755809 2.999858657999995959 0 2.220341435155147929e-16 -0.9999528859999999852 F -1 F 0 #
coedge $-1 -1 $-1 $319 $308 $184 $244 forward $281 $-1 #
edge $-1 -1 $-1 $250 -11.70000115633010118 $248 11.69999941587447978 $243 $320 forward @7 unknown #
coedge $-1 -1 $-1 $321 $185 $190 $254 reversed $247 $-1 #
coedge $-1 -1 $-1 $185 $321 $319 $322 reversed $247 $-1 #
loop $-1 -1 $-1 $-1 $245 $323 #
vertex $-1 -1 $-1 $186 $324 #
straight-curve $-1 -1 $-1 11.69944800329649048 4.999764048548247075 2.999858657999996403 0 2.220341435155147929e-16 -0.9999528859999999852 F -1 F -0 #
vertex $-1 -1 $-1 $244 $325 #
straight-curve $-1 -1 $-1 -11.69945010128113871 4.999764048548247075 2.999858657999996403 0 -2.220341435155147929e-16 0.9999528859999999852 F 0 F 1 #
edge $-1 -1 $-1 $193 -1.57079632679490766 $241 0 $189 $326 forward @7 unknown #
coedge $-1 -1 $-1 $190 $327 $227 $294 forward $191 $-1 #
edge $-1 -1 $-1 $328 0 $192 1.570796326794896558 $190 $329 forward @7 unknown #
loop $-1 -1 $-1 $-1 $330 $256 #
face $331 -1 $-1 $332 $191 $5 $-1 $333 reversed double out #
point $-1 -1 $-1 11.69944800329649048 4.999764048548247075 2.999858657999996403 #
point $-1 -1 $-1 -11.69945010128112983 4.999764048548250628 2.999858657999996403 #
straight-curve $-1 -1 $-1 11.69944800329649048 -4.199801358296511467 96.89543617920702445 0 -2.220341435155147929e-16 0.9999528859999999852 F -1 F 0 #
point $-1 -1 $-1 11.69944800329649048 -4.199801358296511467 96.89543617920702445 #
point $-1 -1 $-1 11.69944800329649048 -4.199801358296511467 95.89548329320700759 #
ellipse-curve $-1 -1 $-1 11.69944800329649048 -3.399839812400019312 96.89543617920702445 0 2.220446049250312588e-16 -1 0 -0.7999615458964919323 -1.77627145413803802e-16 1 F -1.570796326794896558 F 0 #
coedge $-1 -1 $-1 $263 $263 $209 $264 reversed $334 $-1 #
edge $-1 -1 $-1 $335 -1.570796377351649786 $335 4.712388929827936224 $209 $336 forward @7 unknown #
coedge $-1 -1 $-1 $337 $212 $338 $339 reversed $117 $-1 #
coedge $-1 -1 $-1 $340 $341 $212 $267 reversed $342 $-1 #
edge $-1 -1 $-1 $275 -1.570796326794896558 $343 0 $212 $344 forward @7 unknown #
coedge $-1 -1 $-1 $213 $345 $346 $347 reversed $117 $-1 #
coedge $-1 -1 $-1 $348 $349 $213 $270 reversed $350 $-1 #
edge $-1 -1 $-1 $351 0 $274 1.570796326794896558 $213 $352 forward @7 unknown #
coedge $-1 -1 $-1 $353 $214 $349 $354 reversed $273 $-1 #
coedge $-1 -1 $-1 $214 $353 $340 $355 reversed $273 $-1 #
loop $-1 -1 $-1 $-1 $271 $356 #
vertex $-1 -1 $-1 $354 $357 #
vertex $-1 -1 $-1 $355 $358 #
straight-curve $-1 -1 $-1 -10.19951981865175483 0.1149946867892124441 96.89543617920702445 0 -0.9999528859999999852 -2.220341435155147929e-16 F -0.8799993991851806641 F 1.069999456405639648 #
DXID-attrib $-1 -1 $-1 $-1 $217 @10 ASM ENTITY @2 59 #
face $359 -1 $-1 $360 $361 $5 $-1 $362 reversed double out #
loop $-1 -1 $-1 $363 $364 $217 #
plane-surface $-1 -1 $-1 -2.886661920993356902e-07 1.759059604774814729e-07 16.05344856298431466 0 -2.220446049250312588e-16 1 0 -0.9999528859999999852 -2.220341435155147929e-16 forward_v I I I I #
loop $-1 -1 $-1 $-1 $308 $169 #
coedge $-1 -1 $-1 $282 $282 $365 $366 forward $218 $-1 #
DXID-attrib $-1 -1 $-1 $-1 $221 @10 ASM ENTITY @2 35 #
face $367 -1 $-1 $368 $369 $5 $-1 $370 reversed double out #
loop $-1 -1 $-1 $371 $365 $221 #
cone-surface $-1 -1 $-1 -2.07519171173581567e-07 2.075191676210353096e-07 16.05344856298431466 1.540336140159558973e-19 -2.222613203554965634e-16 1 0 14.37694167190972294 3.195438038672615379e-15 1 I I 0 1 0.9999528859999999852 forward I I I I #
DXID-attrib $-1 -1 $-1 $-1 $224 @10 ASM ENTITY @1 9 #
face $372 -1 $-1 $373 $374 $5 $-1 $375 forward double out #
loop $-1 -1 $-1 $-1 $376 $224 #
plane-surface $-1 -1 $-1 10.19951867429649006 5.72177632417722522e-07 1.499929328999991762 1 0 0 0 0.9999528859999999852 2.220341435155147929e-16 forward_v I I I I #
coedge $-1 -1 $-1 $377 $378 $379 $380 forward $225 $-1 #
coedge $-1 -1 $-1 $381 $227 $382 $383 reversed $177 $-1 #
coedge $-1 -1 $-1 $227 $381 $321 $384 reversed $177 $-1 #
edge $-1 -1 $-1 $385 -4.199999527497723761 $328 4.200000091032549676 $253 $386 forward @7 unknown #
coedge $-1 -1 $-1 $229 $228 $387 $388 reversed $130 $-1 #
coedge $-1 -1 $-1 $309 $389 $228 $297 forward $281 $-1 #
edge $-1 -1 $-1 $390 -11.69999750852586828 $303 11.69999924898147725 $296 $391 forward @7 unknown #
coedge $-1 -1 $-1 $327 $312 $229 $299 forward $191 $-1 #
edge $-1 -1 $-1 $304 -11.69999923489310589 $392 11.69999752261423964 $298 $393 forward @7 unknown #
coedge $-1 -1 $-1 $306 $230 $312 $394 reversed $302 $-1 #
coedge $-1 -1 $-1 $230 $306 $309 $395 reversed $302 $-1 #
loop $-1 -1 $-1 $-1 $306 $396 #
vertex $-1 -1 $-1 $231 $397 #
vertex $-1 -1 $-1 $231 $398 #
straight-curve $-1 -1 $-1 -11.69944819402237002 -4.999764811451752777 2.999858657999994183 0 2.220341435155147929e-16 -0.9999528859999999852 F -1 F 0 #
coedge $-1 -1 $-1 $301 $300 $232 $307 forward $302 $-1 #
edge $-1 -1 $-1 $313 0 $310 1 $306 $399 forward @7 tangent #
coedge $-1 -1 $-1 $243 $233 $238 $315 forward $281 $-1 #
coedge $-1 -1 $-1 $233 $296 $301 $395 forward $281 $-1 #
vertex $-1 -1 $-1 $234 $400 #
straight-curve $-1 -1 $-1 -12.49941164717763087 3.576110193729400582e-07 3.999811543999994612 0 0.9999528859999999852 2.220341435155147929e-16 F -4.199999594688414106 F 4.200000023841859331 #
coedge $-1 -1 $-1 $298 $235 $300 $394 forward $191 $-1 #
vertex $-1 -1 $-1 $307 $401 #
straight-curve $-1 -1 $-1 -12.49941164717763087 2.904234946502378101e-07 2.999858657999994627 0 -0.9999528859999999852 -2.220341435155147929e-16 F -4.200000091032549676 F 4.199999527497723761 #
edge $-1 -1 $-1 $240 0 $250 1.57079632679490766 $308 $402 forward @7 unknown #
face $403 -1 $-1 $396 $239 $5 $-1 $404 reversed double out #
point $-1 -1 $-1 -12.49941164717763087 4.199802502651755809 3.999811543999995944 #
point $-1 -1 $-1 -12.49941164717763087 4.199802502651755809 2.999858657999995959 #
coedge $-1 -1 $-1 $405 $243 $246 $322 forward $281 $-1 #
straight-curve $-1 -1 $-1 -1.788055096864700291e-07 4.999764048548247075 3.999811543999996388 0.9999528859999999852 0 0 F -11.70000115633010118 F 11.69999941587447978 #
coedge $-1 -1 $-1 $246 $245 $293 $384 forward $247 $-1 #
edge $-1 -1 $-1 $248 -1.570796326794896558 $406 0 $319 $407 forward @7 unknown #
face $408 -1 $-1 $409 $247 $5 $-1 $410 reversed double out #
point $-1 -1 $-1 11.69944800329649048 4.999764048548247075 3.999811543999996388 #
point $-1 -1 $-1 -11.69945010128112983 4.999764048548250628 3.999811543999996388 #
ellipse-curve $-1 -1 $-1 -11.69945010128113871 4.199802502651755809 2.999858657999995959 0 -2.220446049250312588e-16 1 -0.7999615458964919323 0 0 1 F -1.57079632679490766 F 0 #
coedge $-1 -1 $-1 $253 $298 $411 $412 forward $191 $-1 #
vertex $-1 -1 $-1 $294 $413 #
ellipse-curve $-1 -1 $-1 11.69944800329649048 4.199802502651755809 2.999858657999995959 0 -2.220446049250312588e-16 1 0.7999615458964919323 0 0 1 F 0 F 1.570796326794896558 #
coedge $-1 -1 $-1 $414 $415 $416 $417 forward $255 $-1 #
DXID-attrib $-1 -1 $-1 $-1 $256 @10 ASM ENTITY @2 62 #
face $418 -1 $-1 $419 $420 $5 $-1 $421 forward double out #
plane-surface $-1 -1 $-1 -2.904234946502378101e-07 8.669360435299388829e-09 2.999858657999994627 0 2.220446049250312588e-16 -1 0 0.9999528859999999852 2.220341435155147929e-16 forward_v I I I I #
loop $-1 -1 $-1 $-1 $263 $422 #
vertex $-1 -1 $-1 $264 $423 #
ellipse-curve $-1 -1 $-1 -3.447726392826044699e-07 3.447726179673267135e-07 95.89548329320700759 0 2.220446049250312588e-16 -1 0 14.36453813683340286 3.194449399955725754e-15 1 I I #
coedge $-1 -1 $-1 $424 $265 $425 $426 forward $117 $-1 #
coedge $-1 -1 $-1 $427 $428 $265 $339 forward $429 $-1 #
edge $-1 -1 $-1 $430 -9.300000179897654817 $343 9.500000010837208464 $338 $431 forward @7 unknown #
coedge $-1 -1 $-1 $432 $266 $272 $355 forward $342 $-1 #
coedge $-1 -1 $-1 $266 $432 $427 $433 reversed $342 $-1 #
loop $-1 -1 $-1 $-1 $340 $434 #
vertex $-1 -1 $-1 $433 $435 #
ellipse-curve $-1 -1 $-1 -9.399557319125879218 -0.9549543576620380669 96.89543617920702445 0 -2.220446049250312588e-16 1 0 -0.7999624995258769466 -1.776273571620638671e-16 1 F -1.570796326794896558 F 0 #
coedge $-1 -1 $-1 $268 $424 $436 $437 forward $117 $-1 #
coedge $-1 -1 $-1 $438 $439 $268 $347 forward $440 $-1 #
edge $-1 -1 $-1 $351 -9.500000010837208464 $441 9.300000179897654817 $346 $442 forward @7 unknown #
coedge $-1 -1 $-1 $443 $269 $439 $444 reversed $350 $-1 #
coedge $-1 -1 $-1 $269 $443 $271 $354 forward $350 $-1 #
loop $-1 -1 $-1 $-1 $269 $445 #
vertex $-1 -1 $-1 $270 $446 #
ellipse-curve $-1 -1 $-1 -9.399557319125879218 0.9949526256826999315 96.89543617920702445 0 -2.220446049250312588e-16 1 0 0.7999624995258769466 1.776273571620638671e-16 1 F 0 F 1.570796326794896558 #
coedge $-1 -1 $-1 $272 $271 $447 $448 reversed $273 $-1 #
edge $-1 -1 $-1 $449 -3 $274 0 $349 $450 forward @7 tangent #
edge $-1 -1 $-1 $275 0 $451 3 $340 $452 forward @7 tangent #
face $453 -1 $-1 $454 $273 $5 $-1 $455 forward double out #
point $-1 -1 $-1 -10.19951981865175128 0.9949526256826999315 96.89543617920702445 #
point $-1 -1 $-1 -10.19951981865175483 -0.9549543576620380669 96.89543617920702445 #
DXID-attrib $-1 -1 $-1 $-1 $278 @10 ASM ENTITY @2 60 #
face $456 -1 $-1 $256 $457 $5 $-1 $458 forward double out #
loop $-1 -1 $-1 $459 $460 $278 #
plane-surface $-1 -1 $-1 3.907116442984734483 1.243584178001695374e-07 41.69803610910349789 0 -2.220446049250312588e-16 1 0 -0.9999528859999999852 -2.220341435155147929e-16 forward_v I I I I #
loop $-1 -1 $-1 $-1 $461 $217 #
coedge $-1 -1 $-1 $364 $364 $462 $463 forward $279 $-1 #
coedge $-1 -1 $-1 $365 $365 $282 $366 reversed $285 $-1 #
edge $-1 -1 $-1 $464 1.570796367761253309 $464 7.853981674940839319 $282 $465 forward @7 unknown #
DXID-attrib $-1 -1 $-1 $-1 $284 @10 ASM ENTITY @2 36 #
face $466 -1 $-1 $422 $467 $5 $-1 $468 reversed double out #
loop $-1 -1 $-1 $469 $462 $284 #
cone-surface $-1 -1 $-1 -2.300514553934156582e-07 -9.253470452583152823e-08 41.69803610910349789 5.318072947396589792e-17 -2.625157897919172707e-16 1 0 17.83385307758781479 4.681668025695980192e-15 1 I I 0 1 0.9999528859999999852 forward I I I I #
loop $-1 -1 $-1 $-1 $470 $221 #
DXID-attrib $-1 -1 $-1 $-1 $288 @10 ASM ENTITY @2 10 #
face $471 -1 $-1 $472 $473 $5 $-1 $474 reversed double out #
loop $-1 -1 $-1 $-1 $475 $288 #
plane-surface $-1 -1 $-1 -4.249514248862134025 -17.9885206333149128 0.5077531912982272688 -0.1672741135864209416 -0.6998910922892936926 -0.6943859372553398135 0.972561711659223449 -0.2324424471438261697 -5.161259134385833534e-17 forward_v I I I I #
coedge $-1 -1 $-1 $476 $477 $478 $479 forward $289 $-1 #
coedge $-1 -1 $-1 $480 $291 $415 $481 reversed $225 $-1 #
coedge $-1 -1 $-1 $291 $480 $482 $483 forward $225 $-1 #
coedge $-1 -1 $-1 $484 $416 $291 $380 reversed $485 $-1 #
edge $-1 -1 $-1 $486 -1.500000000000003331 $487 1.500000000000003553 $291 $488 forward @7 tangent #
coedge $-1 -1 $-1 $293 $292 $405 $489 reversed $177 $-1 #
coedge $-1 -1 $-1 $411 $490 $292 $383 forward $491 $-1 #
edge $-1 -1 $-1 $492 -1 $385 0 $382 $493 forward @7 tangent #
edge $-1 -1 $-1 $328 0 $406 1 $321 $494 forward @7 tangent #
vertex $-1 -1 $-1 $294 $495 #
straight-curve $-1 -1 $-1 12.49940954919298086 2.904234946502378101e-07 2.999858657999994627 0 0.9999528859999999852 2.220341435155147929e-16 F -4.199999527497723761 F 4.200000091032549676 #
coedge $-1 -1 $-1 $490 $411 $295 $388 forward $491 $-1 #
edge $-1 -1 $-1 $392 0 $390 1 $387 $496 forward @7 tangent #
coedge $-1 -1 $-1 $296 $405 $490 $497 forward $281 $-1 #
vertex $-1 -1 $-1 $297 $498 #
straight-curve $-1 -1 $-1 -1.788055096864700291e-07 -4.999764811451752777 3.999811543999994168 -0.9999528859999999852 0 0 F -11.69999750852586828 F 11.69999924898147725 #
vertex $-1 -1 $-1 $388 $499 #
straight-curve $-1 -1 $-1 -1.928932172853535135e-07 -4.999764811451752777 2.999858657999994183 0.9999528859999999852 0 0 F -11.69999923489310589 F 11.69999752261423964 #
edge $-1 -1 $-1 $313 -1.570796326794896558 $304 0 $312 $500 forward @7 unknown #
edge $-1 -1 $-1 $303 0 $310 1.570796326794896558 $309 $501 forward @7 unknown #
face $502 -1 $-1 $503 $302 $5 $-1 $504 reversed double out #
point $-1 -1 $-1 -11.69944819402237002 -4.999764811451752777 3.999811543999994168 #
point $-1 -1 $-1 -11.69944819402237002 -4.999764811451752777 2.999858657999994183 #
straight-curve $-1 -1 $-1 -12.49941164717763087 -4.19980135829649015 2.999858657999994183 0 -2.220341435155147929e-16 0.9999528859999999852 F 0 F 1 #
point $-1 -1 $-1 -12.49941164717763087 -4.19980135829649015 3.999811543999994168 #
point $-1 -1 $-1 -12.49941164717763087 -4.19980135829649015 2.999858657999994183 #
ellipse-curve $-1 -1 $-1 -11.69945010128113871 4.199802502651755809 3.999811543999995944 0 2.220446049250312588e-16 -1 -0.7999615458964919323 0 0 1 F 0 F 1.57079632679490766 #
DXID-attrib $-1 -1 $-1 $-1 $316 @10 ASM ENTITY @2 39 #
cone-surface $-1 -1 $-1 -11.69945010128113871 4.199802502651755809 2.999858657999995959 0 2.220446049250312588e-16 -1 -0.7999615458964919323 0 0 1 I I 0 1 0.9999528859999999852 forward I I I I #
coedge $-1 -1 $-1 $389 $319 $381 $489 forward $281 $-1 #
vertex $-1 -1 $-1 $489 $505 #
ellipse-curve $-1 -1 $-1 11.69944800329649048 4.199802502651755809 3.999811543999995944 0 2.220446049250312588e-16 -1 0.7999615458964919323 0 0 1 F -1.570796326794896558 F 0 #
DXID-attrib $-1 -1 $-1 $-1 $323 @10 ASM ENTITY @2 42 #
face $506 -1 $-1 $507 $485 $5 $-1 $508 reversed double out #
cone-surface $-1 -1 $-1 11.69944800329649048 4.199802502651755809 2.999858657999995959 0 2.220446049250312588e-16 -1 0.7999615458964919323 0 0 1 I I 0 1 0.9999528859999999852 forward I I I I #
coedge $-1 -1 $-1 $387 $382 $327 $412 reversed $491 $-1 #
edge $-1 -1 $-1 $392 -1.570796326794869913 $385 0 $327 $509 forward @7 unknown #
point $-1 -1 $-1 12.49940954919298086 4.199802502651755809 2.999858657999995959 #
coedge $-1 -1 $-1 $510 $330 $511 $512 reversed $255 $-1 #
coedge $-1 -1 $-1 $330 $513 $377 $481 forward $255 $-1 #
coedge $-1 -1 $-1 $379 $514 $330 $417 reversed $485 $-1 #
edge $-1 -1 $-1 $487 -1.570797518886797306 $515 0 $330 $516 forward @7 unknown #
DXID-attrib $-1 -1 $-1 $-1 $332 @10 ASM ENTITY @2 63 #
face $517 -1 $-1 $518 $519 $5 $-1 $520 reversed double out #
loop $-1 -1 $-1 $-1 $521 $332 #
plane-surface $-1 -1 $-1 -9.536293992046919046e-08 1.774917517005263345 1.499929328999995759 0 -1 -2.220446049250312588e-16 0.9999528859999999852 0 0 forward_v I I I I #
face $522 -1 $-1 $316 $523 $5 $-1 $524 reversed double out #
point $-1 -1 $-1 -14.36453848160602398 -3.814517916547934229e-07 95.89548329320700759 #
coedge $-1 -1 $-1 $345 $337 $525 $526 forward $117 $-1 #
coedge $-1 -1 $-1 $527 $528 $337 $426 reversed $529 $-1 #
edge $-1 -1 $-1 $430 0 $530 1.570796326794896558 $337 $531 forward @7 unknown #
coedge $-1 -1 $-1 $532 $338 $341 $433 forward $429 $-1 #
coedge $-1 -1 $-1 $338 $532 $527 $533 forward $429 $-1 #
loop $-1 -1 $-1 $-1 $427 $534 #
vertex $-1 -1 $-1 $533 $535 #
straight-curve $-1 -1 $-1 0.09999510871081945806 -1.754916857187915014 96.89543617920702445 -0.9999528859999999852 0 0 F -9.300000179897654817 F 9.500000010837208464 #
coedge $-1 -1 $-1 $341 $340 $536 $537 reversed $342 $-1 #
edge $-1 -1 $-1 $343 0 $538 3 $427 $539 forward @7 tangent #
face $540 -1 $-1 $541 $342 $5 $-1 $542 reversed double out #
point $-1 -1 $-1 -9.399557319125879218 -1.754916857187915014 96.89543617920702445 #
coedge $-1 -1 $-1 $543 $544 $345 $437 reversed $545 $-1 #
edge $-1 -1 $-1 $546 -1.570796326794896558 $441 0 $345 $547 forward @7 unknown #
coedge $-1 -1 $-1 $548 $346 $544 $549 forward $440 $-1 #
coedge $-1 -1 $-1 $346 $548 $348 $444 forward $440 $-1 #
loop $-1 -1 $-1 $-1 $346 $550 #
vertex $-1 -1 $-1 $437 $551 #
straight-curve $-1 -1 $-1 0.09999510871081945806 1.794915125208576878 96.89543617920702445 0.9999528859999999852 0 0 F -9.500000010837208464 F 9.300000179897654817 #
coedge $-1 -1 $-1 $349 $348 $552 $553 reversed $350 $-1 #
edge $-1 -1 $-1 $554 -3 $351 -0 $439 $555 forward @7 tangent #
face $556 -1 $-1 $434 $350 $5 $-1 $557 reversed double out #
point $-1 -1 $-1 -9.399557319125879218 1.794915125208576878 96.89543617920702445 #
coedge $-1 -1 $-1 $552 $536 $353 $448 forward $558 $-1 #
edge $-1 -1 $-1 $451 -0.9689994898709386462 $449 0.9809993657198816663 $447 $559 forward @7 unknown #
vertex $-1 -1 $-1 $354 $560 #
straight-curve $-1 -1 $-1 -10.19951981865175483 0.9949526256826999315 96.89543617920702445 0 2.220341435155147929e-16 -0.9999528859999999852 F -3 F 0 #
vertex $-1 -1 $-1 $448 $561 #
straight-curve $-1 -1 $-1 -10.19951981865175483 -0.9549543576620380669 96.89543617920702445 0 -2.220341435155147929e-16 0.9999528859999999852 F 0 F 3 #
DXID-attrib $-1 -1 $-1 $-1 $356 @10 ASM ENTITY @2 14 #
face $562 -1 $-1 $563 $564 $5 $-1 $565 reversed double out #
plane-surface $-1 -1 $-1 -10.19951981865175483 0.01999913401033090454 98.39536550820702132 1 0 0 0 0.9999528859999999852 2.220341435155147929e-16 forward_v I I I I #
DXID-attrib $-1 -1 $-1 $-1 $360 @10 ASM ENTITY @2 61 #
loop $-1 -1 $-1 $566 $567 $360 #
plane-surface $-1 -1 $-1 4.01564759038736252 1.086077774901974224e-07 63.6969957865859584 0 -2.220446049250312588e-16 1 0 -0.9999528859999999852 -2.220341435155147929e-16 forward_v I I I I #
loop $-1 -1 $-1 $-1 $568 $278 #
coedge $-1 -1 $-1 $460 $460 $569 $570 forward $361 $-1 #
coedge $-1 -1 $-1 $461 $461 $470 $571 forward $363 $-1 #
coedge $-1 -1 $-1 $462 $462 $364 $463 reversed $369 $-1 #
edge $-1 -1 $-1 $572 1.488122796115122437 $572 7.771308103294709113 $364 $573 forward @7 unknown #
vertex $-1 -1 $-1 $366 $574 #
ellipse-curve $-1 -1 $-1 -2.07519171173581567e-07 2.07519171173581567e-07 3.999811543999994612 0 -2.220446049250312588e-16 1 0 14.37694167190972294 3.195438038672615379e-15 1 I I #
DXID-attrib $-1 -1 $-1 $-1 $368 @10 ASM ENTITY @2 37 #
loop $-1 -1 $-1 $575 $576 $368 #
cone-surface $-1 -1 $-1 8.031295249647964596 1.385521369330793707e-07 41.69803610910349789 1.261243720772751705e-17 2.208036818939405121e-16 -1 0 -4.999764367883208216 -1.103966381030742551e-15 1 I I 0 1 0.9999528859999999852 forward I I I I #
loop $-1 -1 $-1 $-1 $569 $284 #
coedge $-1 -1 $-1 $470 $470 $461 $571 reversed $371 $-1 #
DXID-attrib $-1 -1 $-1 $-1 $373 @10 ASM ENTITY @2 11 #
face $577 -1 $-1 $578 $579 $5 $-1 $580 reversed double out #
loop $-1 -1 $-1 $-1 $581 $373 #
plane-surface $-1 -1 $-1 -3.996750965851799897 -18.37446716048064843 0.8410708199648937455 0.1654606021623981071 0.7098275107990421606 0.6846661186628796303 -0.9738456450163124334 0.2270031583535596365 5.040482661335046381e-17 forward_v I I I I #
tcoedge-coedge $-1 -1 $-1 $582 $583 $584 $585 reversed $374 $586 -2.185750254846259288 -3.827386585442127398e-08 #
coedge $-1 -1 $-1 $587 $376 $588 $589 forward $289 $-1 #
coedge $-1 -1 $-1 $376 $587 $590 $591 forward $289 $-1 #
coedge $-1 -1 $-1 $592 $593 $376 $479 reversed $594 $-1 #
edge $-1 -1 $-1 $595 -0.9749994277954101562 $596 0.9749994277954101562 $376 $597 forward @7 unknown #
coedge $-1 -1 $-1 $378 $377 $598 $599 forward $225 $-1 #
edge $-1 -1 $-1 $600 -0.9749991460279971989 $487 0.9749997095628231136 $415 $601 forward @7 unknown #
coedge $-1 -1 $-1 $602 $603 $378 $483 reversed $594 $-1 #
edge $-1 -1 $-1 $604 -0.9749994277954101562 $486 0.9749994277954101562 $378 $605 forward @7 unknown #
coedge $-1 -1 $-1 $514 $379 $603 $606 reversed $485 $-1 #
loop $-1 -1 $-1 $-1 $484 $409 #
vertex $-1 -1 $-1 $380 $607 #
vertex $-1 -1 $-1 $380 $608 #
straight-curve $-1 -1 $-1 -10.19951981865175483 0.9749540638500013845 1.499929328999991762 0 -2.220341435155147929e-16 0.9999528859999999852 F -1.500000000000003331 F 1.500000000000003553 #
edge $-1 -1 $-1 $406 -4.200000023841859331 $492 4.199999594688414106 $405 $609 forward @7 unknown #
coedge $-1 -1 $-1 $382 $387 $389 $497 reversed $491 $-1 #
loop $-1 -1 $-1 $-1 $387 $503 #
vertex $-1 -1 $-1 $383 $610 #
straight-curve $-1 -1 $-1 12.49940954919298086 -4.19980135829649015 2.999858657999994183 0 2.220341435155147929e-16 -0.9999528859999999852 F -1 F 0 #
straight-curve $-1 -1 $-1 12.49940954919298086 4.199802502651755809 2.999858657999995959 0 -2.220341435155147929e-16 0.9999528859999999852 F 0 F 1 #
point $-1 -1 $-1 12.49940954919298086 -4.19980135829649015 2.999858657999994183 #
straight-curve $-1 -1 $-1 11.69944609603772001 -4.999764811451752777 2.999858657999994183 0 -2.220341435155147929e-16 0.9999528859999999852 F 0 F 1 #
edge $-1 -1 $-1 $492 0 $390 1.570796326794869913 $389 $611 forward @7 unknown #
point $-1 -1 $-1 11.6994460960377431 -4.999764811451755442 3.999811543999994168 #
point $-1 -1 $-1 11.6994460960377431 -4.999764811451755442 2.999858657999994183 #
ellipse-curve $-1 -1 $-1 -11.69944819402237002 -4.19980135829649015 2.999858657999994183 0 -2.220446049250312588e-16 1 0 -0.799963453155261961 -1.776275689103238828e-16 1 F -1.570796326794896558 F 0 #
ellipse-curve $-1 -1 $-1 -11.69944819402237002 -4.19980135829649015 3.999811543999994168 0 2.220446049250312588e-16 -1 0 -0.799963453155261961 -1.776275689103238828e-16 1 F 0 F 1.570796326794896558 #
DXID-attrib $-1 -1 $-1 $-1 $396 @10 ASM ENTITY @2 40 #
face $612 -1 $-1 $323 $491 $5 $-1 $613 reversed double out #
cone-surface $-1 -1 $-1 -11.69944819402237002 -4.19980135829649015 2.999858657999994183 0 2.220446049250312588e-16 -1 0 -0.799963453155261961 -1.776275689103238828e-16 1 I I 0 1 0.9999528859999999852 forward I I I I #
point $-1 -1 $-1 12.49940954919298086 4.199802502651755809 3.999811543999995944 #
DXID-attrib $-1 -1 $-1 $-1 $409 @10 ASM ENTITY @2 43 #
face $614 -1 $-1 $615 $616 $5 $-1 $617 reversed double out #
cone-surface $-1 -1 $-1 -9.399557319125879218 0.9749550174788179646 -4.496191194441041541e-15 0 2.220446049250312588e-16 -1 0 0.7999624995264453808 1.776273571621900602e-16 1 I I 0 1 0.9999528859999999852 forward I I I I #
ellipse-curve $-1 -1 $-1 11.69944609603772001 -4.19980135829649015 2.999858657999994183 0 -2.220446049250312588e-16 1 0.799963453155261961 0 0 1 F -1.570796326794869913 F 0 #
coedge $-1 -1 $-1 $618 $414 $619 $620 forward $255 $-1 #
coedge $-1 -1 $-1 $621 $622 $414 $512 forward $420 $-1 #
edge $-1 -1 $-1 $623 -9.400000192902304263 $515 9.399999997832559018 $511 $624 forward @7 unknown #
coedge $-1 -1 $-1 $415 $625 $626 $627 forward $255 $-1 #
coedge $-1 -1 $-1 $416 $484 $621 $628 reversed $485 $-1 #
vertex $-1 -1 $-1 $628 $629 #
ellipse-curve $-1 -1 $-1 -9.399557319125879218 0.9749550174788179646 2.999858657999995515 0 2.220446049250312588e-16 -1 0 0.7999624995264453808 1.776273571621900602e-16 1 F -1.570797518886797306 F 0 #
DXID-attrib $-1 -1 $-1 $-1 $419 @10 ASM ENTITY @2 64 #
face $630 -1 $-1 $631 $632 $5 $-1 $633 reversed double out #
loop $-1 -1 $-1 $-1 $634 $419 #
plane-surface $-1 -1 $-1 -9.536293992046919046e-08 -1.774916372649998575 1.499929328999994871 0 -1 -2.220446049250312588e-16 0.9999528859999999852 0 0 forward_v I I I I #
coedge $-1 -1 $-1 $622 $621 $635 $636 reversed $420 $-1 #
DXID-attrib $-1 -1 $-1 $-1 $422 @10 ASM ENTITY @2 38 #
loop $-1 -1 $-1 $334 $637 $422 #
cone-surface $-1 -1 $-1 -3.447726392826044699e-07 3.447726179673267135e-07 95.89548329320700759 2.481643532366430998e-19 -2.223844142795340457e-16 1 0 14.36453813683340286 3.194449399955725754e-15 1 I I 0 1 0.9999528859999999852 forward I I I I #
coedge $-1 -1 $-1 $638 $639 $424 $526 reversed $564 $-1 #
edge $-1 -1 $-1 $530 -1.070000410079956055 $546 0.8800003528594970703 $424 $640 forward @7 unknown #
coedge $-1 -1 $-1 $641 $425 $428 $533 reversed $529 $-1 #
coedge $-1 -1 $-1 $425 $641 $638 $642 forward $529 $-1 #
loop $-1 -1 $-1 $-1 $527 $541 #
vertex $-1 -1 $-1 $526 $643 #
ellipse-curve $-1 -1 $-1 9.399557128399997907 -0.9549553112914230812 96.89543617920702445 0 -2.220446049250312588e-16 1 0 -0.7999615458964919323 -1.77627145413803802e-16 1 F 0 F 1.570796326794896558 #
coedge $-1 -1 $-1 $428 $427 $644 $645 forward $429 $-1 #
edge $-1 -1 $-1 $646 -3 $430 -0 $428 $647 forward @7 tangent #
face $648 -1 $-1 $108 $429 $5 $-1 $649 reversed double out #
point $-1 -1 $-1 9.399557128399997907 -1.754916857187915014 96.89543617920702445 #
coedge $-1 -1 $-1 $447 $644 $432 $537 forward $558 $-1 #
edge $-1 -1 $-1 $538 0 $451 1.570796326794896558 $536 $650 forward @7 unknown #
vertex $-1 -1 $-1 $537 $651 #
straight-curve $-1 -1 $-1 -9.399557319125879218 -1.754916857187915014 96.89543617920702445 0 -2.220341435155147929e-16 0.9999528859999999852 F 0 F 3 #
DXID-attrib $-1 -1 $-1 $-1 $434 @10 ASM ENTITY @2 54 #
face $652 -1 $-1 $653 $529 $5 $-1 $654 reversed double out #
cone-surface $-1 -1 $-1 -9.399557319125879218 -0.9549543576620380669 96.89543617920702445 0 2.220446049250312588e-16 -1 0 -0.7999624995258769466 -1.776273571620638671e-16 1 I I 0 1 0.9999528859999999852 forward I I I I #
coedge $-1 -1 $-1 $655 $436 $639 $656 forward $545 $-1 #
coedge $-1 -1 $-1 $436 $655 $438 $549 reversed $545 $-1 #
loop $-1 -1 $-1 $-1 $436 $653 #
vertex $-1 -1 $-1 $526 $657 #
ellipse-curve $-1 -1 $-1 9.399557128399997907 0.9949535793120849458 96.89543617920702445 0 -2.220446049250312588e-16 1 0 0.7999615458964919323 1.77627145413803802e-16 1 F -1.570796326794896558 F 0 #
coedge $-1 -1 $-1 $439 $438 $658 $659 forward $440 $-1 #
edge $-1 -1 $-1 $441 0 $660 3 $438 $661 forward @7 tangent #
face $662 -1 $-1 $534 $440 $5 $-1 $663 forward double out #
point $-1 -1 $-1 9.399557128399997907 1.794915125208576878 96.89543617920702445 #
coedge $-1 -1 $-1 $658 $447 $443 $553 forward $558 $-1 #
edge $-1 -1 $-1 $449 -1.570796326794896558 $554 0 $552 $664 forward @7 unknown #
vertex $-1 -1 $-1 $444 $665 #
straight-curve $-1 -1 $-1 -9.399557319125879218 1.794915125208576878 96.89543617920702445 0 2.220341435155147929e-16 -0.9999528859999999852 F -3 F -0 #
DXID-attrib $-1 -1 $-1 $-1 $445 @10 ASM ENTITY @2 53 #
cone-surface $-1 -1 $-1 -9.399557319125879218 0.9949526256826999315 96.89543617920702445 0 2.220446049250312588e-16 -1 0 0.7999624995258769466 1.776273571620638671e-16 1 I I 0 1 0.9999528859999999852 forward I I I I #
loop $-1 -1 $-1 $-1 $552 $666 #
straight-curve $-1 -1 $-1 -10.19951981865175483 0.01399947876693476839 99.89529483720701819 0 0.9999528859999999852 2.220341435155147929e-16 F -0.9689994898709386462 F 0.9809993657198816663 #
point $-1 -1 $-1 -10.19951981865175128 0.9949526256826999315 99.89529483720701819 #
point $-1 -1 $-1 -10.19951981865175483 -0.9549543576620380669 99.89529483720701819 #
DXID-attrib $-1 -1 $-1 $-1 $454 @10 ASM ENTITY @2 15 #
face $667 -1 $-1 $668 $669 $5 $-1 $670 reversed double out #
loop $-1 -1 $-1 $-1 $525 $454 #
plane-surface $-1 -1 $-1 10.19951867429649006 0.01999913401033090454 98.39536550820702132 1 0 0 0 0.9999528859999999852 2.220341435155147929e-16 forward_v I I I I #
loop $-1 -1 $-1 $-1 $671 $360 #
coedge $-1 -1 $-1 $567 $567 $637 $672 forward $457 $-1 #
coedge $-1 -1 $-1 $568 $568 $576 $673 forward $459 $-1 #
coedge $-1 -1 $-1 $569 $569 $460 $570 reversed $469 $-1 #
edge $-1 -1 $-1 $674 -1.488122796115122437 $674 4.795062511064463351 $460 $675 forward @7 unknown #
edge $-1 -1 $-1 $676 -1.570796367761253309 $676 4.712388939418333145 $461 $677 forward @7 unknown #
vertex $-1 -1 $-1 $463 $678 #
ellipse-curve $-1 -1 $-1 -2.300514553934156582e-07 -9.253469742073894717e-08 16.05344856298431466 0 -2.220446049250312588e-16 1 0 17.83385307758781479 4.681668025695980192e-15 1 I I #
point $-1 -1 $-1 -14.37694187942888213 -3.814517490242379101e-07 3.999811543999994612 #
loop $-1 -1 $-1 $-1 $679 $368 #
coedge $-1 -1 $-1 $576 $576 $568 $673 reversed $467 $-1 #
DXID-attrib $-1 -1 $-1 $-1 $472 @10 ASM ENTITY @2 12 #
face $680 -1 $-1 $356 $681 $5 $-1 $682 forward double out #
loop $-1 -1 $-1 $-1 $683 $472 #
plane-surface $-1 -1 $-1 4.249514058136253603 17.98851987041140177 0.5077531912982352624 -0.1672741847827488859 -0.6998906784593655894 0.6943863372150663738 0.972561658218848768 -0.2324426707434160688 -5.161264099294094206e-17 forward_v I I I I #
coedge $-1 -1 $-1 $684 $685 $583 $686 forward $473 $-1 #
coedge $-1 -1 $-1 $583 $475 $-1 $687 forward $374 $-1 #
coedge $-1 -1 $-1 $475 $582 $581 $686 reversed $374 $-1 #
tcoedge-coedge $-1 -1 $-1 $688 $689 $475 $585 forward $690 $691 3.827386576796581219e-08 2.185750254846259288 #
tedge-edge $-1 -1 $-1 $692 3.827386576796581219e-08 $693 2.185750254846259288 $584 $694 forward @7 unknown 0.0132778547003655871 #
pcurve $-1 -1 $-1 0 forward { exppc nubs 1 open 2 
	-2.185750254846259288 1 -3.827386585442127398e-08 1 
	-1.289367235456538197 0.6840197885090830709 
	0.3977494953393652111 -0.705635257146074224 
	0 
	plane -4.249514248862134025 -17.9885206333149128 0.5077531912982272688 -0.1672741135864209416 -0.6998910922892936926 -0.6943859372553398135 0.972561711659223449 -0.2324424471438261697 -5.161259134385833534e-17 forward_v I I I I 
	} 0 0 #
coedge $-1 -1 $-1 $477 $476 $618 $695 reversed $289 $-1 #
coedge $-1 -1 $-1 $696 $697 $476 $589 reversed $698 $-1 #
edge $-1 -1 $-1 $596 -1.500000000000003331 $699 1.500000000000003553 $476 $700 forward @7 tangent #
coedge $-1 -1 $-1 $619 $701 $477 $591 reversed $702 $-1 #
edge $-1 -1 $-1 $703 -1.500000000000003553 $595 1.500000000000003331 $477 $704 forward @7 tangent #
coedge $-1 -1 $-1 $635 $478 $701 $705 forward $594 $-1 #
coedge $-1 -1 $-1 $478 $706 $696 $707 forward $594 $-1 #
loop $-1 -1 $-1 $-1 $602 $708 #
vertex $-1 -1 $-1 $479 $709 #
vertex $-1 -1 $-1 $479 $710 #
straight-curve $-1 -1 $-1 10.19951867429649006 5.72177632417722522e-07 -1.15957330180488084e-14 0 -0.9999528859999999852 -2.220341435155147929e-16 F -0.9749994277954101562 F 0.9749994277954101562 #
coedge $-1 -1 $-1 $626 $711 $480 $599 reversed $616 $-1 #
edge $-1 -1 $-1 $600 -1.500000000000003553 $604 1.500000000000003331 $480 $712 forward @7 tangent #
vertex $-1 -1 $-1 $481 $713 #
straight-curve $-1 -1 $-1 -10.19951981865175483 2.904234946502378101e-07 2.999858657999994627 0 0.9999528859999999852 2.220341435155147929e-16 F -0.9749991460279971989 F 0.9749997095628231136 #
coedge $-1 -1 $-1 $706 $482 $711 $714 forward $594 $-1 #
coedge $-1 -1 $-1 $482 $635 $484 $606 forward $594 $-1 #
vertex $-1 -1 $-1 $599 $715 #
straight-curve $-1 -1 $-1 -10.19951981865175483 5.72177632417722522e-07 -1.15957330180488084e-14 0 0.9999528859999999852 2.220341435155147929e-16 F -0.9749994277954101562 F 0.9749994277954101562 #
edge $-1 -1 $-1 $716 0 $486 1.570797518886797306 $603 $717 forward @7 unknown #
point $-1 -1 $-1 -10.19951981865175483 0.9749540638500013845 -1.143475839104901614e-14 #
point $-1 -1 $-1 -10.19951981865175483 0.9749540638500013845 2.999858657999995515 #
straight-curve $-1 -1 $-1 12.49940954919298086 3.576110193729400582e-07 3.999811543999994612 0 -0.9999528859999999852 -2.220341435155147929e-16 F -4.200000023841859331 F 4.199999594688414106 #
point $-1 -1 $-1 12.49940954919298086 -4.19980135829649015 3.999811543999994168 #
ellipse-curve $-1 -1 $-1 11.69944609603772001 -4.19980135829649015 3.999811543999994168 0 2.220446049250312588e-16 -1 0.799963453155261961 0 0 1 F 0 F 1.570796326794869913 #
DXID-attrib $-1 -1 $-1 $-1 $503 @10 ASM ENTITY @2 41 #
cone-surface $-1 -1 $-1 11.69944609603772001 -4.19980135829649015 2.999858657999994183 0 2.220446049250312588e-16 -1 0.799963453155261961 0 0 1 I I 0 1 0.9999528859999999852 forward I I I I #
DXID-attrib $-1 -1 $-1 $-1 $507 @10 ASM ENTITY @2 44 #
face $718 -1 $-1 $719 $698 $5 $-1 $720 reversed double out #
loop $-1 -1 $-1 $-1 $598 $507 #
cone-surface $-1 -1 $-1 -9.399557319125879218 -0.9749538731235530831 -4.929157943694650744e-15 0 2.220446049250312588e-16 -1 0 -0.7999624995264453808 -1.776273571621900602e-16 1 I I 0 1 0.9999528859999999852 forward I I I I #
coedge $-1 -1 $-1 $721 $510 $587 $695 forward $255 $-1 #
coedge $-1 -1 $-1 $722 $590 $510 $620 reversed $702 $-1 #
edge $-1 -1 $-1 $623 0 $703 1.570798710980119139 $510 $723 forward @7 unknown #
coedge $-1 -1 $-1 $521 $511 $514 $628 forward $420 $-1 #
coedge $-1 -1 $-1 $511 $521 $722 $724 forward $420 $-1 #
vertex $-1 -1 $-1 $620 $725 #
straight-curve $-1 -1 $-1 -1.928932172853535135e-07 1.774917517005263345 2.999858657999995515 -0.9999528859999999852 0 0 F -9.400000192902304263 F 9.399999997832559018 #
coedge $-1 -1 $-1 $513 $721 $726 $727 reversed $255 $-1 #
coedge $-1 -1 $-1 $728 $598 $513 $627 reversed $616 $-1 #
edge $-1 -1 $-1 $729 0 $600 1.570797518886797306 $513 $730 forward @7 unknown #
edge $-1 -1 $-1 $515 -3 $716 0 $621 $731 forward @7 tangent #
point $-1 -1 $-1 -9.399557319125879218 1.774917517005263345 2.999858657999995515 #
DXID-attrib $-1 -1 $-1 $-1 $518 @10 ASM ENTITY @2 65 #
face $732 -1 $-1 $733 $734 $5 $-1 $735 forward double out #
loop $-1 -1 $-1 $-1 $736 $518 #
plane-surface $-1 -1 $-1 -18.99910445254824509 -3.814517632344230987e-07 52.69751594784472815 1 0 0 0 0.9999528859999999852 2.220341435155147929e-16 forward_v I I I I #
coedge $-1 -1 $-1 $726 $737 $728 $738 forward $519 $-1 #
coedge $-1 -1 $-1 $603 $592 $521 $636 forward $594 $-1 #
edge $-1 -1 $-1 $739 -9.400000134749070924 $716 9.400000055985792358 $635 $740 forward @7 unknown #
coedge $-1 -1 $-1 $637 $637 $567 $672 reversed $523 $-1 #
coedge $-1 -1 $-1 $741 $525 $528 $642 reversed $564 $-1 #
coedge $-1 -1 $-1 $525 $741 $543 $656 reversed $564 $-1 #
straight-curve $-1 -1 $-1 10.19951867429649006 0.1149946867892124441 96.89543617920702445 0 0.9999528859999999852 2.220341435155147929e-16 F -1.070000410079956055 F 0.8800003528594970703 #
coedge $-1 -1 $-1 $528 $527 $742 $743 reversed $529 $-1 #
edge $-1 -1 $-1 $744 -3 $530 -0 $528 $745 forward @7 tangent #
point $-1 -1 $-1 10.19951867429649006 -0.9549553112914230812 96.89543617920702445 #
coedge $-1 -1 $-1 $536 $742 $532 $645 reversed $558 $-1 #
edge $-1 -1 $-1 $538 -9.400000028176741296 $646 9.400000162558121986 $532 $746 forward @7 unknown #
vertex $-1 -1 $-1 $533 $747 #
straight-curve $-1 -1 $-1 9.399557128399997907 -1.754916857187915014 96.89543617920702445 0 2.220341435155147929e-16 -0.9999528859999999852 F -3 F -0 #
DXID-attrib $-1 -1 $-1 $-1 $534 @10 ASM ENTITY @2 77 #
plane-surface $-1 -1 $-1 -9.536293992046919046e-08 -1.754916857187915014 98.39536550820702132 0 -1 -2.220446049250312588e-16 0.9999528859999999852 0 0 forward_v I I I I #
ellipse-curve $-1 -1 $-1 -9.399557319125879218 -0.9549543576620380669 99.89529483720701819 0 2.220446049250312588e-16 -1 0 -0.7999624995258769466 -1.776273571620638671e-16 1 F 0 F 1.570796326794896558 #
point $-1 -1 $-1 -9.399557319125879218 -1.754916857187915014 99.89529483720701819 #
DXID-attrib $-1 -1 $-1 $-1 $541 @10 ASM ENTITY @2 55 #
face $748 -1 $-1 $118 $545 $5 $-1 $749 reversed double out #
cone-surface $-1 -1 $-1 9.399557128399997907 -0.9549553112914230812 96.89543617920702445 0 2.220446049250312588e-16 -1 0 -0.7999615458964919323 -1.77627145413803802e-16 1 I I 0 1 0.9999528859999999852 forward I I I I #
coedge $-1 -1 $-1 $544 $543 $750 $751 reversed $545 $-1 #
edge $-1 -1 $-1 $546 0 $752 3 $543 $753 forward @7 tangent #
point $-1 -1 $-1 10.19951867429649006 0.9949535793120849458 96.89543617920702445 #
coedge $-1 -1 $-1 $750 $552 $548 $659 reversed $558 $-1 #
edge $-1 -1 $-1 $660 -9.400000162558121986 $554 9.400000028176741296 $548 $754 forward @7 unknown #
vertex $-1 -1 $-1 $751 $755 #
straight-curve $-1 -1 $-1 9.399557128399997907 1.794915125208576878 96.89543617920702445 0 -2.220341435155147929e-16 0.9999528859999999852 F 0 F 3 #
DXID-attrib $-1 -1 $-1 $-1 $550 @10 ASM ENTITY @2 76 #
plane-surface $-1 -1 $-1 -9.536293992046919046e-08 1.794915125208576878 98.39536550820702132 0 -1 -2.220446049250312588e-16 0.9999528859999999852 0 0 forward_v I I I I #
ellipse-curve $-1 -1 $-1 -9.399557319125879218 0.9949526256826999315 99.89529483720701819 0 2.220446049250312588e-16 -1 0 0.7999624995258769466 1.776273571620638671e-16 1 F -1.570796326794896558 F 0 #
point $-1 -1 $-1 -9.399557319125879218 1.794915125208576878 99.89529483720701819 #
face $756 -1 $-1 $757 $758 $5 $-1 $759 reversed double out #
DXID-attrib $-1 -1 $-1 $-1 $563 @10 ASM ENTITY @2 16 #
face $760 -1 $-1 $761 $762 $5 $-1 $763 forward double out #
loop $-1 -1 $-1 $-1 $764 $563 #
plane-surface $-1 -1 $-1 -4.211495524718805505 17.98465806874775552 0.5046424919789402885 0.168528279590534541 -0.6965847267967736345 0.6974008441145731485 0.9719130715358916817 0.2351398639052885708 5.221153818297541778e-17 forward_v I I I I #
coedge $-1 -1 $-1 $671 $671 $679 $765 forward $566 $-1 #
edge $-1 -1 $-1 $766 1.570796377351649786 $766 7.85398168453123624 $567 $767 forward @7 unknown #
edge $-1 -1 $-1 $768 -1.570796222789212937 $768 4.712389084390373739 $568 $769 forward @7 unknown #
vertex $-1 -1 $-1 $570 $770 #
ellipse-curve $-1 -1 $-1 -2.300514553934156582e-07 -9.253470452583152823e-08 41.69803610910349789 0 2.220446049250312588e-16 -1 0 17.83385307758781479 4.681668025695980192e-15 1 I I #
vertex $-1 -1 $-1 $571 $771 #
ellipse-curve $-1 -1 $-1 -2.07519171173581567e-07 2.075191676210353096e-07 16.05344856298431466 0 2.220446049250312588e-16 -1 0 14.37694167190972294 3.195438038672615379e-15 1 I I #
point $-1 -1 $-1 -17.77294159912709759 1.472708529151238732 16.05344856298431466 #
coedge $-1 -1 $-1 $679 $679 $671 $765 reversed $575 $-1 #
DXID-attrib $-1 -1 $-1 $-1 $578 @10 ASM ENTITY @2 13 #
loop $-1 -1 $-1 $-1 $772 $578 #
plane-surface $-1 -1 $-1 3.996750775125920363 18.37446655651537952 0.8410708199649018502 0.1654605727940894055 0.7098276428361062207 -0.6846659888707699038 -0.9738456632597918272 0.2270030800888511724 5.040480923509418718e-17 forward_v I I I I #
coedge $-1 -1 $-1 $773 $774 $775 $776 reversed $579 $-1 #
coedge $-1 -1 $-1 $685 $581 $777 $778 reversed $473 $-1 #
coedge $-1 -1 $-1 $581 $684 $779 $780 reversed $473 $-1 #
edge $-1 -1 $-1 $693 6.114122770319188962e-07 $781 2.279359128776225596 $581 $782 forward @7 tangent #
edge $-1 -1 $-1 $692 7.62779566853067123e-09 $781 0.879089995374385591 $582 $783 forward @7 unknown #
coedge $-1 -1 $-1 $784 $584 $785 $786 reversed $690 $-1 #
coedge $-1 -1 $-1 $584 $784 $-1 $787 forward $690 $-1 #
loop $-1 -1 $-1 $-1 $784 $788 #
pcurve $-1 -1 $-1 0 forward { exppc nubs 3 open 2 
	3.827386576796581219e-08 3 2.185750254846259288 3 
	1.597261671219559309 0.2098067312628524306 
	1.144046744357035905 0.2414831419410795321 
	0.6716892742856561682 0.2715266975629603285 
	0.1830606236741698645 0.2999565172977698424 
	1.703311943371914124e-05 
	cone -8.513994307767416684e-05 -3.097046412592362714e-06 1.129358910678229133 -4.746676068130911293e-06 -1.750900963225361891e-07 -0.9999999999887192459 0 -19.12851485991146916 3.349213509366745184e-06 1 I I -0.7071091132960122261 0.7071044490693912943 0.9999528859999999852 forward I I I I 
	} 0 0 #
tvertex-vertex $789 -1 $-1 $-1 $790 3.036961117862331825e-06 #
tvertex-vertex $-1 -1 $-1 $585 $791 1.129112863795145919e-06 #
straight-curve $-1 -1 $-1 -3.748785392277373507 -17.60443559070867536 -8.404814423506999669e-15 -0.8533098016889201221 -0.2499474140360508356 0.4574871001219988909 F 3.827386576796581219e-08 F 2.185750254846259288 #
edge $-1 -1 $-1 $703 -0.9749997095628231136 $699 0.9749991460279971989 $618 $792 forward @7 unknown #
coedge $-1 -1 $-1 $793 $588 $593 $707 reversed $698 $-1 #
coedge $-1 -1 $-1 $588 $793 $721 $794 reversed $698 $-1 #
loop $-1 -1 $-1 $-1 $793 $615 #
vertex $-1 -1 $-1 $589 $795 #
straight-curve $-1 -1 $-1 10.19951867429649006 -0.9749529194947365029 1.49992932899999154 0 -2.220341435155147929e-16 0.9999528859999999852 F -1.500000000000003331 F 1.500000000000003553 #
coedge $-1 -1 $-1 $590 $722 $592 $705 reversed $702 $-1 #
loop $-1 -1 $-1 $-1 $701 $719 #
vertex $-1 -1 $-1 $695 $796 #
straight-curve $-1 -1 $-1 10.19951867429649006 0.9749540638500013845 1.499929328999991762 0 2.220341435155147929e-16 -0.9999528859999999852 F -1.500000000000003553 F 1.500000000000003331 #
edge $-1 -1 $-1 $595 -1.570798710980119139 $739 0 $592 $797 forward @7 unknown #
coedge $-1 -1 $-1 $593 $602 $737 $798 forward $594 $-1 #
edge $-1 -1 $-1 $799 0 $596 1.570798710980119139 $593 $800 forward @7 unknown #
face $801 -1 $-1 $666 $802 $5 $-1 $803 reversed double out #
point $-1 -1 $-1 10.19951867429649006 0.9749540638500013845 -1.143475839104901614e-14 #
point $-1 -1 $-1 10.19951867429649006 -0.9749529194947365029 -1.186772471680635681e-14 #
coedge $-1 -1 $-1 $598 $728 $602 $714 reversed $616 $-1 #
straight-curve $-1 -1 $-1 -10.19951981865175483 -0.9749529194947365029 1.49992932899999154 0 2.220341435155147929e-16 -0.9999528859999999852 F -1.500000000000003553 F 1.500000000000003331 #
point $-1 -1 $-1 -10.19951981865175483 -0.9749529194947365029 2.999858657999994627 #
edge $-1 -1 $-1 $604 -1.570797518886797306 $804 0 $602 $805 forward @7 unknown #
point $-1 -1 $-1 -10.19951981865175483 -0.9749529194947365029 -1.186772471680635681e-14 #
vertex $-1 -1 $-1 $606 $806 #
ellipse-curve $-1 -1 $-1 -9.399557319125879218 0.9749550174788179646 -4.554270717193773679e-15 -1.658702687258722406e-25 -2.220446049250312588e-16 1 0 0.7999624995264453808 1.776273571621900602e-16 1 F 0 F 1.570797518886797306 #
DXID-attrib $-1 -1 $-1 $-1 $615 @10 ASM ENTITY @2 45 #
face $807 -1 $-1 $808 $702 $5 $-1 $809 reversed double out #
cone-surface $-1 -1 $-1 9.399557128399997907 -0.9749548267512329058 -4.929158155442532969e-15 0 2.220446049250312588e-16 -1 0 -0.7999615458987656691 -1.776271454143086483e-16 1 I I 0 1 0.9999528859999999852 forward I I I I #
coedge $-1 -1 $-1 $625 $618 $697 $794 forward $255 $-1 #
coedge $-1 -1 $-1 $701 $619 $622 $724 reversed $702 $-1 #
ellipse-curve $-1 -1 $-1 9.399557128399997907 0.9749559711064976764 2.999858657999995515 0 2.220446049250312588e-16 -1 0 0.7999615458987656691 1.776271454143086483e-16 1 F 0 F 1.570798710980119139 #
edge $-1 -1 $-1 $739 0 $623 3 $622 $810 forward @7 tangent #
point $-1 -1 $-1 9.399557128399997907 1.774917517005263345 2.999858657999995515 #
coedge $-1 -1 $-1 $811 $634 $625 $727 forward $519 $-1 #
edge $-1 -1 $-1 $729 -9.399999997832559018 $812 9.400000192902304263 $726 $813 forward @7 unknown #
coedge $-1 -1 $-1 $711 $626 $634 $738 reversed $616 $-1 #
vertex $-1 -1 $-1 $627 $814 #
ellipse-curve $-1 -1 $-1 -9.399557319125879218 -0.9749538731235530831 2.999858657999994627 0 2.220446049250312588e-16 -1 0 -0.7999624995264453808 -1.776273571621900602e-16 1 F 0 F 1.570797518886797306 #
straight-curve $-1 -1 $-1 -9.399557319125879218 1.774917517005263345 -4.318563837278850939e-15 0 2.220341435155147929e-16 -0.9999528859999999852 F -3 F 0 #
DXID-attrib $-1 -1 $-1 $-1 $631 @10 ASM ENTITY @2 66 #
face $815 -1 $-1 $816 $817 $5 $-1 $818 reversed double out #
loop $-1 -1 $-1 $-1 $819 $631 #
plane-surface $-1 -1 $-1 -9.499552035548246565 -2.499882596451763028 52.69751594784472815 0 -1 -2.220446049250312588e-16 0.9999528859999999852 0 0 forward_v I I I I #
coedge $-1 -1 $-1 $820 $821 $822 $823 reversed $632 $-1 #
coedge $-1 -1 $-1 $634 $811 $706 $798 reversed $519 $-1 #
edge $-1 -1 $-1 $804 0 $729 3 $634 $824 forward @7 tangent #
vertex $-1 -1 $-1 $705 $825 #
straight-curve $-1 -1 $-1 -1.347427237768809162e-07 1.774917517005263345 -4.318563837278850939e-15 -0.9999528859999999852 3.682886305123732061e-41 -1.658624539140314943e-25 F -9.400000134749070924 F 9.400000055985792358 #
coedge $-1 -1 $-1 $639 $638 $826 $827 reversed $564 $-1 #
coedge $-1 -1 $-1 $644 $826 $641 $743 forward $558 $-1 #
edge $-1 -1 $-1 $744 -1.570796326794896558 $646 0 $742 $828 forward @7 unknown #
vertex $-1 -1 $-1 $642 $829 #
straight-curve $-1 -1 $-1 10.19951867429649006 -0.9549553112914230812 96.89543617920702445 0 2.220341435155147929e-16 -0.9999528859999999852 F -3 F -0 #
straight-curve $-1 -1 $-1 -1.62550464643171412e-07 -1.754916857187915014 99.89529483720701819 0.9999528859999999852 0 0 F -9.400000028176741296 F 9.400000162558121986 #
point $-1 -1 $-1 9.399557128399997907 -1.754916857187915014 99.89529483720701819 #
DXID-attrib $-1 -1 $-1 $-1 $653 @10 ASM ENTITY @2 56 #
cone-surface $-1 -1 $-1 9.399557128399997907 0.9949535793120849458 96.89543617920702445 0 2.220446049250312588e-16 -1 0 0.7999615458964919323 1.77627145413803802e-16 1 I I 0 1 0.9999528859999999852 forward I I I I #
coedge $-1 -1 $-1 $826 $658 $655 $751 forward $558 $-1 #
edge $-1 -1 $-1 $660 0 $752 1.570796326794896558 $750 $830 forward @7 unknown #
vertex $-1 -1 $-1 $827 $831 #
straight-curve $-1 -1 $-1 10.19951867429649006 0.9949535793120849458 96.89543617920702445 0 -2.220341435155147929e-16 0.9999528859999999852 F 0 F 3 #
straight-curve $-1 -1 $-1 -1.62550464643171412e-07 1.794915125208576878 99.89529483720701819 -0.9999528859999999852 0 0 F -9.400000162558121986 F 9.400000028176741296 #
point $-1 -1 $-1 9.399557128399997907 1.794915125208576878 99.89529483720701819 #
DXID-attrib $-1 -1 $-1 $-1 $666 @10 ASM ENTITY @2 70 #
face $832 -1 $-1 $833 $834 $5 $-1 $835 forward double out #
loop $-1 -1 $-1 $558 $836 $666 #
plane-surface $-1 -1 $-1 -2.297379893658736072e-07 0.007999823523538632242 99.89529483720701819 0 2.220446049250312588e-16 -1 0 0.9999528859999999852 2.220341435155147929e-16 forward_v I I I I #
DXID-attrib $-1 -1 $-1 $-1 $668 @10 ASM ENTITY @2 17 #
face $837 -1 $-1 $838 $839 $5 $-1 $840 forward double out #
loop $-1 -1 $-1 $-1 $841 $668 #
plane-surface $-1 -1 $-1 4.211495143267045549 -17.98465830715510094 0.5046424919789321839 0.1685285062112214793 -0.6965844248013504103 -0.6974010909931142033 0.9719129759679763225 0.2351402589196511794 5.221162589378350292e-17 forward_v I I I I #
coedge $-1 -1 $-1 $842 $843 $844 $845 reversed $669 $-1 #
edge $-1 -1 $-1 $846 1.570796222789212937 $846 7.853981529968798725 $671 $847 forward @7 unknown #
vertex $-1 -1 $-1 $672 $848 #
ellipse-curve $-1 -1 $-1 -3.447726392826044699e-07 3.447726250724192813e-07 63.6969957865859584 0 -2.220446049250312588e-16 1 0 14.36453813683340286 3.194449399955725754e-15 1 I I #
vertex $-1 -1 $-1 $673 $849 #
ellipse-curve $-1 -1 $-1 8.031295249647964596 1.385521369330793707e-07 41.69803610910349789 0 -2.220446049250312588e-16 1 0 -4.999764367883208216 -1.103966381030742551e-15 1 I I #
point $-1 -1 $-1 -17.77294159912709759 1.472708529151231627 41.69803610910349789 #
point $-1 -1 $-1 -14.37694187942888213 -3.81451752576784194e-07 16.05344856298431466 #
coedge $-1 -1 $-1 $775 $850 $851 $852 reversed $681 $-1 #
tcoedge-coedge $-1 -1 $-1 $774 $683 $853 $854 reversed $579 $855 -2.185751855420329903 -3.019505756540752373e-08 #
coedge $-1 -1 $-1 $683 $773 $-1 $856 forward $579 $-1 #
coedge $-1 -1 $-1 $850 $772 $683 $776 forward $681 $-1 #
edge $-1 -1 $-1 $857 3.004836925162587466e-08 $858 2.27935862100154063 $775 $859 forward @7 tangent #
coedge $-1 -1 $-1 $860 $861 $684 $778 forward $862 $-1 #
edge $-1 -1 $-1 $863 25.69602664788827795 $781 26.80787423386210477 $777 $864 forward @7 unknown #
coedge $-1 -1 $-1 $865 $785 $685 $780 forward $866 $-1 #
edge $-1 -1 $-1 $693 -0.07095044268940881027 $863 0.07095109744727404189 $779 $867 forward @7 unknown #
vertex $-1 -1 $-1 $687 $868 #
intcurve-curve $-1 -1 $-1 forward { parcur full nubs 3 open 2 
	0 3 2.279359600892460147 3 
	-5.613908047890404873 -18.15075842181940757 0.9999528859999923247 
	-4.871221800733143148 -18.1706282436851545 0.8410708199648950778 
	-4.128535553575885864 -18.19049806555089788 0.6821887539297977199 
	-3.385849306418624138 -18.21036788741664481 0.5233066878947002509 
	0 
	
	plane -3.996750965851799897 -18.37446716048064843 0.8410708199648937455 0.1654606021623981071 0.7098275107990421606 0.6846661186628796303 -0.9738456450163124334 0.2270031583535596365 5.040482661335046381e-17 forward_v I I I I 
	null_surface 
	nubs 1 open 2 
	0 1 2.279359600892460147 1 
	1.625797163884305396 0.2179982972405920261 
	-0.5577254194160059519 -0.4359965944811791672 
	
	nullbs 
	I I 
	0 
	0 
	0 
	surf1 } F 6.114122770319188962e-07 F 2.279359128776225596 #
straight-curve $-1 -1 $-1 -3.748785392277373507 -17.60443559070867536 -8.404814423506999669e-15 0.4128537058606754351 -0.6892723052488524127 0.5952825219958745029 F 7.62779566853067123e-09 F 0.879089995374385591 #
tcoedge-coedge $-1 -1 $-1 $689 $688 $843 $869 forward $690 $870 0 1.414141548199260079 #
coedge $-1 -1 $-1 $779 $844 $688 $786 forward $866 $-1 #
edge $-1 -1 $-1 $871 -51.75929395662952714 $693 -5.496750329658593337 $785 $872 forward @7 unknown #
edge $-1 -1 $-1 $873 0 $692 2.631829990161690613 $689 $874 forward @7 unknown #
face $875 -1 $-1 $876 $690 $5 $-1 $877 forward double out #
vertedge-sys-attrib $-1 -1 $-1 $-1 $692 4 $585 $878 $879 $-1 #
point $-1 -1 $-1 -3.748785424936837529 -17.60443560027512788 1.750979145583089522e-08 #
point $-1 -1 $-1 -5.613907508781741384 -18.15075821463613792 0.9999525456805268275 #
straight-curve $-1 -1 $-1 10.19951867429649006 2.904234946502378101e-07 2.999858657999994627 0 -0.9999528859999999852 -2.220341435155147929e-16 F -0.9749997095628231136 F 0.9749991460279971989 #
coedge $-1 -1 $-1 $697 $696 $811 $880 reversed $698 $-1 #
edge $-1 -1 $-1 $699 -1.570798710980119139 $812 0 $721 $881 forward @7 unknown #
point $-1 -1 $-1 10.19951867429649006 -0.9749529194947365029 2.999858657999994627 #
point $-1 -1 $-1 10.19951867429649006 0.9749540638500013845 2.999858657999995515 #
ellipse-curve $-1 -1 $-1 9.399557128399997907 0.9749559711064976764 -4.554270505445893031e-15 -1.658702687258722406e-25 -2.220446049250312588e-16 1 0 0.7999615458987656691 1.776271454143086483e-16 1 F -1.570798710980119139 F 0 #
edge $-1 -1 $-1 $804 -9.400000055985792358 $799 9.400000134749070924 $706 $882 forward @7 unknown #
vertex $-1 -1 $-1 $880 $883 #
ellipse-curve $-1 -1 $-1 9.399557128399997907 -0.9749548267512329058 -4.987237678195265107e-15 -1.658702687258722406e-25 -2.220446049250312588e-16 1 0 -0.7999615458987656691 -1.776271454143086483e-16 1 F 0 F 1.570798710980119139 #
DXID-attrib $-1 -1 $-1 $-1 $708 @10 ASM ENTITY @2 69 #
loop $-1 -1 $-1 $594 $884 $708 #
plane-surface $-1 -1 $-1 -1.741225111858389259e-07 9.536293992046919046e-08 -4.770754197694708325e-15 -1.658702687258722406e-25 -2.220446049250312588e-16 1 0 -0.9999528859999999852 -2.220341435155147929e-16 forward_v I I I I #
vertex $-1 -1 $-1 $738 $885 #
ellipse-curve $-1 -1 $-1 -9.399557319125879218 -0.9749538731235530831 -4.98723746644738367e-15 -1.658702687258722406e-25 -2.220446049250312588e-16 1 0 -0.7999624995264453808 -1.776273571621900602e-16 1 F -1.570797518886797306 F 0 #
point $-1 -1 $-1 -9.399557319125879218 1.774917517005263345 -4.318563837278850939e-15 #
DXID-attrib $-1 -1 $-1 $-1 $719 @10 ASM ENTITY @2 46 #
face $886 -1 $-1 $887 $888 $5 $-1 $889 reversed double out #
cone-surface $-1 -1 $-1 9.399557128399997907 0.9749559711064976764 -4.496190982693159316e-15 0 2.220446049250312588e-16 -1 0 0.7999615458987656691 1.776271454143086483e-16 1 I I 0 1 0.9999528859999999852 forward I I I I #
straight-curve $-1 -1 $-1 9.399557128399997907 1.774917517005263345 -4.318563837278850939e-15 0 -2.220341435155147929e-16 0.9999528859999999852 F 0 F 3 #
coedge $-1 -1 $-1 $737 $726 $793 $880 forward $519 $-1 #
vertex $-1 -1 $-1 $880 $890 #
straight-curve $-1 -1 $-1 -1.928932172853535135e-07 -1.774916372649998575 2.999858657999994627 0.9999528859999999852 0 0 F -9.399999997832559018 F 9.400000192902304263 #
point $-1 -1 $-1 -9.399557319125879218 -1.774916372649998575 2.999858657999994627 #
DXID-attrib $-1 -1 $-1 $-1 $733 @10 ASM ENTITY @2 67 #
face $891 -1 $-1 $708 $892 $5 $-1 $893 reversed double out #
loop $-1 -1 $-1 $-1 $894 $733 #
plane-surface $-1 -1 $-1 -9.499552035548246565 2.499881833548236898 52.69751594784472815 0 -1 -2.220446049250312588e-16 0.9999528859999999852 0 0 forward_v I I I I #
coedge $-1 -1 $-1 $895 $896 $897 $898 reversed $734 $-1 #
coedge $-1 -1 $-1 $899 $736 $896 $900 reversed $632 $-1 #
coedge $-1 -1 $-1 $736 $899 $894 $901 reversed $632 $-1 #
coedge $-1 -1 $-1 $902 $897 $736 $823 forward $903 $-1 #
edge $-1 -1 $-1 $904 -2.500000158945717033 $905 2.499999841054282967 $822 $906 forward @7 unknown #
straight-curve $-1 -1 $-1 -9.399557319125879218 -1.774916372649998575 -5.106785300856841347e-15 0 -2.220341435155147929e-16 0.9999528859999999852 F 0 F 3 #
point $-1 -1 $-1 9.399557128399997907 1.774917517005263345 -4.318563837278850939e-15 #
coedge $-1 -1 $-1 $742 $750 $741 $827 forward $558 $-1 #
edge $-1 -1 $-1 $752 -0.9810003193941980726 $744 0.9690004435452550524 $826 $907 forward @7 unknown #
ellipse-curve $-1 -1 $-1 9.399557128399997907 -0.9549553112914230812 99.89529483720701819 0 2.220446049250312588e-16 -1 0 -0.7999615458964919323 -1.77627145413803802e-16 1 F -1.570796326794896558 F 0 #
point $-1 -1 $-1 10.19951867429649006 -0.9549553112914230812 99.89529483720701819 #
ellipse-curve $-1 -1 $-1 9.399557128399997907 0.9949535793120849458 99.89529483720701819 0 2.220446049250312588e-16 -1 0 0.7999615458964919323 1.77627145413803802e-16 1 F 0 F 1.570796326794896558 #
point $-1 -1 $-1 10.19951867429649006 0.9949535793120849458 99.89529483720701819 #
DXID-attrib $-1 -1 $-1 $-1 $757 @10 ASM ENTITY @2 71 #
face $908 -1 $-1 $909 $910 $5 $-1 $911 reversed double out #
loop $-1 -1 $-1 $912 $913 $757 #
plane-surface $-1 -1 $-1 -2.953174895330419865e-07 1.684232322136938063e-07 112.6946872005859603 0 -2.220446049250312588e-16 1 0 -0.9999528859999999852 -2.220341435155147929e-16 forward_v I I I I #
coedge $-1 -1 $-1 $914 $915 $916 $917 forward $758 $-1 #
DXID-attrib $-1 -1 $-1 $-1 $761 @10 ASM ENTITY @2 18 #
face $918 -1 $-1 $919 $920 $5 $-1 $921 forward double out #
loop $-1 -1 $-1 $922 $923 $761 #
cone-surface $-1 -1 $-1 -2.272966120527121796e-07 1.285837630767327634e-07 58.3425399446720121 -4.35537054534567782e-09 -4.194434460361939986e-10 1 0 19.50097143684050494 8.179554660521771079e-09 1 I I -0.0377231369309520212 0.9992882291611808743 0.9999528859999999852 forward I I I I #
coedge $-1 -1 $-1 $924 $925 $926 $927 reversed $762 $-1 #
coedge $-1 -1 $-1 $928 $764 $929 $930 reversed $669 $-1 #
tcoedge-coedge $-1 -1 $-1 $764 $928 $784 $869 reversed $669 $931 -1.414141548199260079 -0 #
coedge $-1 -1 $-1 $785 $932 $764 $845 forward $866 $-1 #
edge $-1 -1 $-1 $933 3.062945007645209383 $871 3.20421696215862184 $844 $934 forward @7 unknown #
vertex $-1 -1 $-1 $765 $935 #
ellipse-curve $-1 -1 $-1 8.031295249647964596 1.385521333805330868e-07 63.6969957865859584 0 2.220446049250312588e-16 -1 0 -4.999764367883208216 -1.103966381030742551e-15 1 I I #
point $-1 -1 $-1 -14.36453848160602398 -3.814517845497008551e-07 63.6969957865859584 #
point $-1 -1 $-1 3.031530881764783913 -3.814517738920619504e-07 41.69803610910349789 #
coedge $-1 -1 $-1 $772 $775 $936 $937 reversed $681 $-1 #
coedge $-1 -1 $-1 $938 $939 $772 $852 forward $940 $-1 #
edge $-1 -1 $-1 $857 3.070642121779538769 $941 3.212543765729433343 $851 $942 forward @7 unknown #
tcoedge-coedge $-1 -1 $-1 $943 $944 $773 $854 forward $945 $946 3.019505721954171028e-08 2.185751855420329903 #
tedge-edge $-1 -1 $-1 $947 3.019505721954171028e-08 $857 2.185751855420329903 $853 $948 forward @7 unknown 0.01327862902305862805 #
pcurve $-1 -1 $-1 0 forward { exppc nubs 1 open 2 
	-2.185751855420329903 1 -3.019505756540752373e-08 1 
	1.289367133342871341 0.6840211294778315576 
	-0.3977502610536660654 -0.7056356407356769722 
	0 
	plane 4.249514058136253603 17.98851987041140177 0.5077531912982352624 0.1672741847827488859 0.6998906784593655894 -0.6943863372150663738 0.972561658218848768 -0.2324426707434160688 -5.161264099294094206e-17 reverse_v I I I I 
	} 0 0 #
edge $-1 -1 $-1 $947 6.017497214228631388e-09 $858 0.8790893919872133644 $774 $949 forward @7 unknown #
tvertex-vertex $-1 -1 $-1 $776 $950 1.978249500608789216e-06 #
vertex $-1 -1 $-1 $776 $951 #
intcurve-curve $-1 -1 $-1 forward { parcur full nubs 3 open 2 
	0 3 2.279358662402920732 3 
	5.613907857164525339 18.15075789732324907 0.9999528859999990971 
	4.871221927883727432 18.17062763971988204 0.8410708199649017391 
	4.128535998602925972 18.19049738211651146 0.6821887539298043812 
	3.385850069322128952 18.21036712451314088 0.5233066878947070233 
	0 
	
	plane 3.996750775125920363 18.37446655651537952 0.8410708199649018502 0.1654605727940894055 0.7098276428361062207 -0.6846659888707699038 -0.9738456632597918272 0.2270030800888511724 5.040480923509418718e-17 forward_v I I I I 
	null_surface 
	nubs 1 open 2 
	0 1 2.279358662402920732 1 
	-1.625797157838074547 0.2179982607739627543 
	0.5577244785481960676 -0.4359965215479258971 
	
	nullbs 
	I I 
	0 
	0 
	0 
	surf1 } F 3.004836925162587466e-08 F 2.27935862100154063 #
coedge $-1 -1 $-1 $952 $777 $-1 $878 forward $862 $-1 #
coedge $-1 -1 $-1 $777 $926 $953 $954 reversed $862 $-1 #
loop $-1 -1 $-1 $-1 $926 $955 #
tvertex-vertex $-1 -1 $-1 $778 $956 4.257171674348402685e-07 #
intcurve-curve $-1 -1 $-1 forward { exactcur full nurbs 2 open 2 
	0 2 37.6913881466185785 2 
	11.54330942285306527 -12.04526453818411724 -9.476235235836632853 1 
	-2.14759754564750116 -28.21227340251476079 10.59353745457639917 1.424503750406542091 
	-7.2787134995292746 -7.657847761636414674 -9.476243827882921522 1 
	0 
	
	null_surface 
	null_surface 
	nullbs 
	nullbs 
	I I 
	0 
	0 
	0 
	F 1 F 0 } F 25.69602664788827795 F 26.80787423386210477 #
tcoedge-coedge $-1 -1 $-1 $957 $779 $958 $959 reversed $866 $960 -6.667325196034492682e-07 11.69999976831314825 #
loop $-1 -1 $-1 $-1 $779 $961 #
ellipse-curve $-1 -1 $-1 -8.085655053038765572e-08 -3.848722791475712446e-08 -19.17453488044732168 0.1654606021623981071 0.7098275107990421606 0.6846661186628796303 -4.313059150599809044 -18.50306764578260754 20.22537326721555928 0.6846661292167484092 F -0.07095044268940881027 F 0.07095109744727404189 #
point $-1 -1 $-1 -3.385849741489206366 -18.21036792000371207 0.5233069157386578407 #
tedge-edge $-1 -1 $-1 $871 0 $873 1.414141548199260079 $784 $962 forward @7 unknown 0.01125571350949353469 #
pcurve $-1 -1 $-1 0 forward { exppc nubs 1 open 2 
	0 1 1.414141548199260079 1 
	0.1830517750006976363 2.841636201283866736 
	1.597193323163390577 2.841636711658109604 
	8.766789456745197992e-11 
	cone -8.513994307767416684e-05 -3.097046412592362714e-06 1.129358910678229133 -4.746676068130911293e-06 -1.750900963225361891e-07 -0.9999999999887192459 0 -19.12851485991146916 3.349213509366745184e-06 1 I I -0.7071091132960122261 0.7071044490693912943 0.9999528859999999852 forward I I I I 
	} 0 0 #
tvertex-vertex $-1 -1 $-1 $845 $963 0.009472492955003602999 #
intcurve-curve $-1 -1 $-1 forward { surfintcur full nubs 3 open 21 
	-64.41342690074824873 3 -60.83490318403998032 2 -57.25637946733171191 2 -53.6778557506234435 2 -50.09933203391517509 2 
	-46.52080831720691378 2 -42.94228460049865248 2 -39.36376088379046223 2 -35.78523716708225777 2 -32.20671345037405331 2 
	-28.62818973366586306 2 -25.04966601695767281 2 -21.47114230024946835 2 -17.89261858354126389 2 -14.31409486683307364 2 
	-10.73557115012479812 2 -7.157047433416536819 2 -3.578523716708275515 2 0 3 3.578523716708265745 2 
	7.15704743341653149 3 
	7.270643295275640128 17.55288466891366994 0.9999486319591299743 
	6.100396627227873125 18.03761671014098766 0.9999488744551642272 
	4.880108554281672895 18.40417403378759431 0.9999491278431236196 
	2.426313060907982599 18.88496979499669948 0.9999496383261461396 
	1.192785501865173625 18.99910544715611138 0.9999498954257934891 
	-1.192784576896027016 18.99910544715611493 0.999950393469388521 
	-2.426312135938836434 18.88496979499671014 0.999950651425249748 
	-4.880107629312532502 18.40417403378761207 0.9999511655162922619 
	-6.100395702258732733 18.03761671014100898 0.9999514216552893853 
	-8.44088903835426585 17.06815262768638775 0.9999519139270520718 
	-9.562958178979691581 16.46447382554916317 0.9999521504518732451 
	-11.6380275551059178 15.06935233565632792 0.999952588912783491 
	-12.59096935050264676 14.27782272749372794 0.9999527908370530183 
	-14.27782213019041002 12.59096994780595047 0.9999531493527371584 
	-15.06935173835299402 11.63802815240922683 0.9999533181901053558 
	-16.46447322824580795 9.562958776283005946 0.99995361727277432 
	-17.06815203038301831 8.440889635657578438 0.9999537475360482652 
	-18.037616112837636 6.100396299562045321 0.9999539587694945553 
	-18.40417343648422843 4.88010822661584065 0.9999540399079176467 
	-18.88496919769333005 2.426312733242150355 0.9999541495674689751 
	-18.9991048498527384 1.192785174199344933 0.9999541780672294156 
	-18.9991048498527384 -1.192784904561855708 0.99995418711069739 
	-18.88496919769333005 -2.426312463604664682 0.9999541679633073832 
	-18.40417343648423554 -4.88010795697835853 0.9999540769083943292 
	-18.03761611283763955 -6.100396029924558761 0.9999540050223948429 
	-17.06815203038302542 -8.440889366020090989 0.9999538115358288515 
	-16.4644732282458115 -9.562958506645520274 0.9999536897811488467 
	-15.0693517383530029 -11.63802788277175182 0.999953406434778036 
	-14.27782213019042068 -12.59096967816847368 0.9999532448246810645 
	-12.59096935050266097 -14.2778224578562547 0.9999528991036389369 
	-11.63802755510593201 -15.06935206601886179 0.9999527031837722735 
	-9.562958178979695134 -16.46447355591170947 0.9999522753076823811 
	-8.440889038354269402 -17.06815235804892694 0.9999520433639266237 
	-6.100395702258739838 -18.03761644050356239 0.999951558451043776 
	-4.880107629312544049 -18.40417376415017969 0.9999513050957182791 
	-2.426312135938846648 -18.88496952535928131 0.9999507946586773111 
	-1.192784576896034121 -18.99910517751868611 0.9999505375723585221 
	4.624845662442065229e-07 -18.99910517751869321 0.9999502885542720376 
	1.19278550186516652 -18.99910517751870032 0.9999500395361853311 
	2.426313060907979047 -18.88496952535929552 0.9999497815746798413 
	4.880108554281669342 -18.40417376415019035 0.9999492674520644719 
	6.100396627227865132 -18.0376164405035837 0.9999490112871456393 
	7.270643295275633022 -17.55288439927627309 0.9999487651172449532 
	0.0004445327098279809857 
	
	cone 4.624846408476787498e-07 1.348187340574354503e-07 0.9999528859999952113 -2.693209353964974883e-08 -8.590352498856192212e-09 -0.999999999999999778 0 -18.9991053123374023 1.632090117958695924e-07 1 I I 0 1 0.9999528859999999852 forward I I I I 
	cone -8.513994307767416684e-05 -3.097046412592362714e-06 1.129358910678229133 -4.746676068130911293e-06 -1.750900963225361891e-07 -0.9999999999887192459 0 -19.12851485991146916 3.349213509366745184e-06 1 I I -0.7071091132960122261 0.7071044490693912943 0.9999528859999999852 forward I I I I 
	nullbs 
	nullbs 
	I I 
	0 
	0 
	0 
	} F -51.75929395662952714 F -5.496750329658593337 #
tvertex-vertex $964 -1 $-1 $-1 $965 0.01125580093240399239 #
intcurve-curve $-1 -1 $-1 forward { parcur full nubs 3 open 9 
	0 3 0.3648921263573141061 3 0.7289606037540466987 3 1.092639649912057198 3 1.315914995340261129 3 
	1.678925867459600818 3 1.973872493010391693 3 2.339664211292416418 3 2.631829990680522258 3 
	-5.318438877173444546 17.19545460856418373 1.545234283352490219e-06 
	-7.409931538021706565 16.54857024753373196 1.241185594058308389e-06 
	-9.381181137460133712 15.51625580096791168 9.024901889099942004e-07 
	-11.10391396506266126 14.16589457470677971 5.366582485150803514e-07 
	-12.82275817189120914 12.81858143729185606 1.7165207846621858e-07 
	-14.29324300770020528 11.15543004531404137 -2.158026881379317947e-07 
	-15.41990422265887517 9.284182024785078369 -5.038375915004905267e-07 
	-16.54536028776305656 7.41493561241456689 -7.915643940628542716e-07 
	-17.32702207158282803 5.339137358534867595 -1.021820961725340802e-06 
	-17.71396605257709211 3.191377583685284236 -1.139860943186210423e-06 
	-17.95152455898694654 1.872792389700828508 -1.212329835506071204e-06 
	-18.04124772143402211 0.5275555978752831665 -1.238122015149192124e-06 
	-17.98087100360291757 -0.8110272990265923188 -1.159762494935185993e-06 
	-17.88270788150119728 -2.987354218940075246 -1.032362142390164712e-06 
	-17.38511521324323894 -5.145186580758617012 -6.424363518283927422e-07 
	-16.52038843975191895 -7.144667107639866899 -3.838973610547379151e-07 
	-15.81779724082815619 -8.769246643825949761 -1.73834223119498093e-07 
	-14.87398542566262805 -10.28907581343971422 -4.510595820031646966e-08 
	-13.72978878676948966 -11.63883093554606241 -9.569193698420359384e-08 
	-12.31076033098821298 -13.31279226483146338 -1.584284815760456326e-07 
	-10.58308464412617056 -14.72350291549617118 -4.993357650961248589e-07 
	-8.659670086794202248 -15.77908567971509868 -2.236775612027338372e-07 
	-7.123397161128739441 -16.62220252901154893 -3.50337474632153478e-09 
	-5.463253616856075467 -17.23934401873750488 6.148716337236434812e-07 
	-3.748784944900980243 -17.60443348980971479 2.148013393520159758e-06 
	0.00082199312143845806 
	
	cone -8.513994307767416684e-05 -3.097046412592362714e-06 1.129358910678229133 -4.746676068130911293e-06 -1.750900963225361891e-07 -0.9999999999887192459 0 -19.12851485991146916 3.349213509366745184e-06 1 I I -0.7071091132960122261 0.7071044490693912943 0.9999528859999999852 forward I I I I 
	null_surface 
	nubs 3 open 5 
	0 3 0.6579574976701305644 1 1.315914995340261129 1 1.973872493010391693 1 2.631829990680522258 3 
	1.597264467453379577 2.841636711685212369 
	1.597290848901530724 2.622317547381853853 
	1.597339301995744032 2.183799858606547684 
	1.59736780052473426 1.525750363684134747 
	1.597336036814042126 0.8675296528521951878 
	1.597292293819667419 0.4291258933543450893 
	1.597261695027790918 0.2098067295988301495 
	
	nullbs 
	I I 
	0 
	0 
	2 1.315914995340261129 1.973872493010391693 
	surf1 } F 0 F 2.631829990161690613 #
DXID-attrib $-1 -1 $-1 $-1 $788 @10 ASM ENTITY @2 21 #
face $966 -1 $-1 $967 $945 $5 $-1 $968 forward double out #
cone-surface $-1 -1 $-1 -8.513994307767416684e-05 -3.097046412592362714e-06 1.129358910678229133 -4.746676068130911293e-06 -1.750900963225361891e-07 -0.9999999999887192459 0 -19.12851485991146916 3.349213509366745184e-06 1 I I -0.7071091132960122261 0.7071044490693912943 0.9999528859999999852 forward I I I I #
edge $-1 -1 $-1 $781 5.501883133756015935e-08 $692 0.7509701785590944256 $860 $969 forward @7 unknown #
edge $-1 -1 $-1 $970 0 $692 9.70600806828815621 $971 $972 forward @7 unknown #
edge $-1 -1 $-1 $812 -3 $799 0 $811 $973 forward @7 tangent #
ellipse-curve $-1 -1 $-1 9.399557128399997907 -0.9749548267512329058 2.999858657999994627 0 2.220446049250312588e-16 -1 0 -0.7999615458987656691 -1.776271454143086483e-16 1 F -1.570798710980119139 F 0 #
straight-curve $-1 -1 $-1 -1.347427237768809162e-07 -1.774916372649998575 -5.106785300856841347e-15 0.9999528859999999852 -3.682886305123732061e-41 1.658624539140314943e-25 F -9.400000055985792358 F 9.400000134749070924 #
point $-1 -1 $-1 9.399557128399997907 -1.774916372649998575 -5.106785300856841347e-15 #
coedge $-1 -1 $-1 $974 $975 $976 $977 forward $802 $-1 #
point $-1 -1 $-1 -9.399557319125879218 -1.774916372649998575 -5.106785300856841347e-15 #
DXID-attrib $-1 -1 $-1 $-1 $808 @10 ASM ENTITY @2 47 #
face $978 -1 $-1 $979 $980 $5 $-1 $981 reversed double out #
loop $-1 -1 $-1 $-1 $982 $808 #
cone-surface $-1 -1 $-1 -13.94029319828814906 6.99967072822911085 52.69751594784473525 -1 1.092360524245369064e-08 2.425527610417630205e-24 0 -1.554239428105123656e-15 6.999672109258769481 1 I I 0 1 0.9999528859999999852 forward I I I I #
point $-1 -1 $-1 9.399557128399997907 -1.774916372649998575 2.999858657999994627 #
DXID-attrib $-1 -1 $-1 $-1 $816 @10 ASM ENTITY @2 68 #
loop $-1 -1 $-1 $983 $984 $816 #
plane-surface $-1 -1 $-1 2.462496845637983679e-08 2.088155557103696164e-07 12.69940146147411753 0 -2.220446049250312588e-16 1 0 -0.9999528859999999852 -2.220341435155147929e-16 forward_v I I I I #
coedge $-1 -1 $-1 $985 $986 $821 $901 forward $817 $-1 #
coedge $-1 -1 $-1 $987 $819 $988 $989 reversed $734 $-1 #
coedge $-1 -1 $-1 $819 $987 $820 $900 forward $734 $-1 #
coedge $-1 -1 $-1 $822 $990 $819 $898 forward $903 $-1 #
edge $-1 -1 $-1 $991 -11.17621287703514099 $904 7.823787122964859009 $897 $992 forward @7 unknown #
coedge $-1 -1 $-1 $821 $820 $993 $994 reversed $632 $-1 #
edge $-1 -1 $-1 $995 -7.000001907348632812 $904 7.000001907348632812 $896 $996 forward @7 unknown #
edge $-1 -1 $-1 $905 -7.000001907348632812 $997 7.000001907348632812 $894 $998 forward @7 unknown #
coedge $-1 -1 $-1 $999 $822 $986 $1000 forward $903 $-1 #
loop $-1 -1 $-1 $-1 $1001 $1002 #
vertex $-1 -1 $-1 $823 $1003 #
vertex $-1 -1 $-1 $823 $1004 #
straight-curve $-1 -1 $-1 -18.99910445254824509 -2.225135347703694843e-07 45.69784383858596044 0 0.9999528859999999852 2.220341435155147929e-16 F -2.500000158945717033 F 2.499999841054282967 #
straight-curve $-1 -1 $-1 10.19951867429649006 0.01399947876693476839 99.89529483720701819 0 -0.9999528859999999852 -2.220341435155147929e-16 F -0.9810003193941980726 F 0.9690004435452550524 #
DXID-attrib $-1 -1 $-1 $-1 $833 @10 ASM ENTITY @2 72 #
face $1005 -1 $-1 $1002 $1006 $5 $-1 $1007 reversed double out #
loop $-1 -1 $-1 $-1 $1008 $833 #
plane-surface $-1 -1 $-1 3.81451752576784194e-07 -10.38095710930401694 52.69751694688503107 1 0 0 0 0.9999528859999999852 2.220341435155147929e-16 forward_v I I I I #
loop $-1 -1 $-1 $-1 $1009 $757 #
coedge $-1 -1 $-1 $913 $913 $1010 $1011 forward $834 $-1 #
coedge $-1 -1 $-1 $1012 $836 $1013 $1014 forward $758 $-1 #
coedge $-1 -1 $-1 $836 $1012 $1015 $1016 forward $758 $-1 #
coedge $-1 -1 $-1 $1017 $1018 $836 $917 reversed $1019 $-1 #
edge $-1 -1 $-1 $1020 1.670298026661149349 $1021 4.612887195127200357 $836 $1022 forward @7 unknown #
DXID-attrib $-1 -1 $-1 $-1 $838 @10 ASM ENTITY @2 19 #
face $1023 -1 $-1 $788 $1024 $5 $-1 $1025 forward double out #
loop $-1 -1 $-1 $-1 $1026 $838 #
cone-surface $-1 -1 $-1 0.002124010854433017789 2.333990272287175812e-06 112.3953799127719719 -0.000138179533486701314 -1.450598348420089136e-07 0.9999999904531976513 0 15.79996669572354229 2.291940581271601708e-06 1 I I -0.7071708899973215834 -0.7070426665629141461 0.9999528859999999852 forward I I I I #
loop $-1 -1 $-1 $1027 $1028 $761 #
coedge $-1 -1 $-1 $923 $923 $984 $1029 reversed $839 $-1 #
coedge $-1 -1 $-1 $1030 $841 $-1 $1031 forward $762 $-1 #
coedge $-1 -1 $-1 $841 $1030 $1032 $1033 reversed $762 $-1 #
coedge $-1 -1 $-1 $861 $1034 $841 $927 forward $862 $-1 #
edge $-1 -1 $-1 $1035 -26.42754433854073071 $1036 -25.36525396977624069 $926 $1037 forward @7 unknown #
coedge $-1 -1 $-1 $843 $842 $-1 $1038 forward $669 $-1 #
coedge $-1 -1 $-1 $1039 $1040 $842 $930 forward $1041 $-1 #
edge $-1 -1 $-1 $1042 11.31872462649476141 $933 12.3810233082040817 $929 $1043 forward @7 unknown #
pcurve $-1 -1 $-1 0 forward { exppc nubs 1 open 2 
	-1.414141548199260079 1 -0 1 
	-1.26154802110699249 -0.7150543591343284655 
	-1.324091135390557117 0.6975903753128531726 
	8.396046886788819851e-11 
	plane -4.211495524718805505 17.98465806874775552 0.5046424919789402885 -0.168528279590534541 0.6965847267967736345 -0.6974008441145731485 0.9719130715358916817 0.2351398639052885708 5.221153818297541778e-17 reverse_v I I I I 
	} 0 0 #
coedge $-1 -1 $-1 $844 $957 $1044 $1045 forward $866 $-1 #
tvertex-vertex $-1 -1 $-1 $845 $1046 0.008945845969467283373 #
ellipse-curve $-1 -1 $-1 -6.206201039777154248e-08 -3.249245524678266554e-08 -18.47668560150403394 0.168528279590534541 -0.6965847267967736345 0.6974008441145731485 4.467656494163977143 -18.46634911441248406 -19.52435723367554488 0.6974008426694839891 F 3.062945007645209383 F 3.20421696215862184 #
point $-1 -1 $-1 3.031530881764783913 -3.814517774446082873e-07 63.6969957865859584 #
coedge $-1 -1 $-1 $1047 $1039 $850 $937 forward $1041 $-1 #
edge $-1 -1 $-1 $941 -11.9955208559552684 $858 -10.88366778140673219 $936 $1048 forward @7 unknown #
tcoedge-coedge $-1 -1 $-1 $1049 $851 $1050 $1051 reversed $940 $1052 -1.311680166963831085e-06 11.69999982465242994 #
coedge $-1 -1 $-1 $851 $1032 $943 $1053 forward $940 $-1 #
loop $-1 -1 $-1 $-1 $938 $979 #
tvertex-vertex $-1 -1 $-1 $852 $1054 1.138248085967320314e-06 #
ellipse-curve $-1 -1 $-1 6.241422049522048761e-07 -3.848727765040527131e-08 -19.17454132311871717 -0.1654605727940894055 -0.7098276428361062207 0.6846659888707699038 -4.313057405664741495 -18.50306811562878551 -20.22538055005023239 0.6846659878123253495 F 3.070642121779538769 F 3.212543765729433343 #
coedge $-1 -1 $-1 $1055 $853 $939 $1053 reversed $945 $-1 #
coedge $-1 -1 $-1 $853 $1055 $-1 $1056 forward $945 $-1 #
loop $-1 -1 $-1 $-1 $853 $876 #
pcurve $-1 -1 $-1 0 forward { exppc nubs 3 open 2 
	3.019505721954171028e-08 3 2.185751855420329903 3 
	1.349960497440935381 -2.931786934670975509 
	0.8967458633821507874 -2.900110455564865131 
	0.4243885968414380372 -2.870066836052756809 
	-0.0642399238673402595 -2.841636957513856476 
	1.703325382410271824e-05 
	cone 0.00010381251729031879 7.910861362833724534e-06 0.9544904099040331102 5.705530074703945664e-06 4.064382850984766372e-07 -0.9999999999836408637 0 -18.95364547135936917 -7.703487161869833732e-06 1 I I -0.7071097468214417869 0.707103815539215308 0.9999528859999999852 forward I I I I 
	} 0 0 #
tvertex-vertex $1057 -1 $-1 $-1 $1058 2.875510102962186068e-06 #
straight-curve $-1 -1 $-1 3.748784247922108293 17.60443458939782246 -5.868747545085375268e-16 0.8533097118686204796 0.2499477392886712557 0.4574870899543538316 F 3.019505721954171028e-08 F 2.185751855420329903 #
straight-curve $-1 -1 $-1 3.748784247922108293 17.60443458939782246 -5.868747545085375268e-16 -0.4128523629196472755 0.6892729552916694313 0.5952827007018439698 F 6.017497214228631388e-09 F 0.8790893919872133644 #
point $-1 -1 $-1 5.613907827792444571 18.1507578981090667 0.9999528797164592975 #
point $-1 -1 $-1 3.385850107457523794 18.21036712745565112 0.5233067079667026444 #
coedge $-1 -1 $-1 $1034 $860 $-1 $1059 forward $862 $-1 #
coedge $-1 -1 $-1 $1060 $958 $861 $954 forward $1061 $-1 #
edge $-1 -1 $-1 $863 13.79477731935070572 $1036 22.36714297995051126 $953 $1062 forward @7 unknown #
face $1063 -1 $-1 $1064 $862 $5 $-1 $1065 reversed double out #
point $-1 -1 $-1 -2.990495895784119895 -18.76227421538458628 0.9999522602489424594 #
coedge $-1 -1 $-1 $932 $865 $1066 $1067 reversed $866 $-1 #
tcoedge-coedge $-1 -1 $-1 $953 $1068 $865 $959 forward $1061 $1069 -11.69999976831314825 6.667325196034492682e-07 #
tedge-edge $-1 -1 $-1 $1070 -11.69999976831314825 $863 6.667325196034492682e-07 $958 $1071 forward @7 unknown 4.822312192251045899e-07 #
pcurve $-1 -1 $-1 0 forward { exppc nubs 1 open 2 
	-6.667325196034492682e-07 1 11.69999976831314825 1 
	8.675067963168205391e-07 0.1580592528842869326 
	-11.69999956753886572 0.1580592586075417749 
	0 
	cone 4.624846408476787498e-07 1.348187340574354503e-07 0.9999528859999952113 -2.693209353964974883e-08 -8.590352498856192212e-09 -0.999999999999999778 0 -18.9991053123374023 1.632090117958695924e-07 1 I I 0 1 0.9999528859999999852 forward I I I I 
	} 0 0 #
face $1072 -1 $-1 $1073 $866 $5 $-1 $1074 forward double out #
straight-curve $-1 -1 $-1 -5.613908047890404873 18.15075789732324907 0.9999528859999993191 0.2089280599010060191 -0.6755008052197207791 -0.7070739014793570032 F 0 F 1.414141548199260079 #
point $-1 -1 $-1 -5.613908047890404873 18.15075789732324907 0.9999528859999993191 #
vertedge-sys-attrib $-1 -1 $-1 $-1 $873 4 $1038 $1075 $-1 $-1 #
point $-1 -1 $-1 -5.318459216396505873 17.19552014985686839 6.705773529230434375e-05 #
DXID-attrib $-1 -1 $-1 $-1 $876 @10 ASM ENTITY @2 22 #
face $1076 -1 $-1 $1077 $1078 $5 $-1 $1079 forward double out #
cone-surface $-1 -1 $-1 0.00010381251729031879 7.910861362833724534e-06 0.9544904099040331102 5.705530074703945664e-06 4.064382850984766372e-07 -0.9999999999836408637 0 -18.95364547135936917 -7.703487161869833732e-06 1 I I -0.7071097468214417869 0.707103815539215308 0.9999528859999999852 forward I I I I #
intcurve-curve $-1 -1 $-1 forward { parcur full nubs 3 open 23 
	0 3 0.3418566341623838767 3 0.5664885899775405909 3 0.7509701785590967571 3 0.7914140498253917633 3 
	0.9591551134229631126 3 1.126895945473568306 3 1.294636523642341386 3 1.46237817095954159 3 1.630118939527146926 3 
	1.797859914622553568 3 1.965601056303494687 3 2.133341718725219938 3 2.301083136887300373 3 2.468823861175396317 3 
	2.63656507477628832 3 2.804305951901289617 3 2.972046697252837433 3 3.139787664403273393 3 3.180231344982316521 3 
	3.375904934373544997 3 3.696257498196718227 3 3.931200180159641011 3 
	-3.385849653328460995 -18.21036780660366361 0.5233070440928360156 
	-3.432485422557969734 -18.14772434895924391 0.4636750314443761067 
	-3.557878204082973728 -18.19600713389738544 0.352475713777347599 
	-3.664392045135103082 -18.19317172261919069 0.2478390961293911177 
	-3.734381654947851903 -18.19130859077585782 0.1790829986216319614 
	-3.797467009174036345 -18.16534143826600811 0.113160492937448981 
	-3.818943721327207719 -18.05777325401269451 0.06656393611039551628 
	-3.83658171927433278 -17.9694316401053058 0.02829597554934714168 
	-3.827264551361153622 -17.82416762074879557 0.003062796185717502149 
	-3.74878521272684484 -17.60443565750729533 -1.915735348000322495e-07 
	-3.731580198973468931 -17.55626385183954596 -0.0006716899250934527414 
	-3.71085851439620118 -17.50469056224662268 -0.0002776503619965600602 
	-3.689328781921759948 -17.45400234750628954 2.976443078926963514e-07 
	-3.600034159246918719 -17.24377284211538708 0.001153087739384378281 
	-3.498260607895090857 -17.0477873589387805 0.0003088954099674016637 
	-3.379583903142298063 -16.8597349972667665 -6.890095323828834528e-08 
	-3.260907362208850913 -16.67168289517908875 -0.0003090327853847039865 
	-3.124750154986541961 -16.49206320610475629 -8.276955479138402305e-05 
	-2.974970528243028323 -16.32552315833996559 9.597532133472127909e-08 
	-2.82519112819641105 -16.15898336263957091 8.29613800140663511e-05 
	-2.661924600934248097 -16.00537098171109918 2.242935382224494194e-05 
	-2.486847656395038797 -15.86636208028443207 4.709493864155202457e-08 
	-2.311769595946716827 -15.72735229283990321 -2.233530660547852997e-05 
	-2.124857848554575934 -15.60299704080773076 -6.567405241215956832e-06 
	-1.92891314714984019 -15.4951375523896413 -5.338747325537070408e-07 
	-1.732969472242280151 -15.38727862901597199 5.499624168202696083e-06 
	-1.52800338670228153 -15.29590447135498188 1.798842291048676051e-06 
	-1.316834175695464015 -15.22227654907754513 4.945178691802557144e-07 
	-1.105664704690358713 -15.14864853614705709 -8.098081586117886161e-07 
	-0.8882968594484853542 -15.09277255585601907 2.823328392415941677e-07 
	-0.6677900754130858818 -15.05543361797186819 2.184401881290674225e-07 
	-0.4472830723898085226 -15.01809464300597874 1.545474735658970568e-07 
	-0.2236428722001905511 -14.99929275056444666 -1.065382666314535108e-06 
	3.81451681525858304e-07 -14.99929279751408018 -1.033320015945150272e-06 
	0.2236429961244125741 -14.99929284446358757 -1.001257457181191564e-06 
	0.447282549639250071 -15.01809472240886301 2.827891591619884598e-07 
	0.6677889502177404291 -15.05543350482122733 3.332014755824081511e-07 
	0.8882963442678382116 -15.09277245546008928 3.836140191314072613e-07 
	1.105664817495345398 -15.14864847616187227 -7.996203354371155946e-07 
	1.316834909740303372 -15.22227663184761148 4.068613507131485954e-07 
	1.528004128465560774 -15.29590448296538518 1.613338046168145171e-06 
	1.732970260515761529 -15.38727857517401532 5.209504891170254373e-06 
	1.928913848132293163 -15.49513766487219613 -6.622748563942633966e-07 
	2.124858007331575926 -15.60299706920377361 -6.534071732400792479e-06 
	2.311769073727583557 -15.72735236136900383 -2.187386395564178471e-05 
	2.486846777753977111 -15.86636174555749612 4.744660315654919424e-07 
	2.66192413058804922 -16.00537085090391898 2.282275118975347997e-05 
	2.825191356084905792 -16.15898317690943031 8.285897007691519806e-05 
	2.974971143854845401 -16.32552329070982822 -1.02056448725860154e-07 
	3.124750813961154616 -16.49206327368006342 -8.306301780205381784e-05 
	3.260907749813904744 -16.67168313561869297 -0.0003090209052926342248 
	3.379584475964874102 -16.8597351175932566 -2.938659914959658879e-07 
	3.49826135903875457 -17.04778734822368946 0.0003084335815307580027 
	3.600035631242351819 -17.24377256750868881 0.001151847093868208893 
	3.689329318305069716 -17.45400244237369591 5.206104772629905855e-08 
	3.710858736065313579 -17.50469053635366734 -0.0002776548771633954209 
	3.731580013012494756 -17.55626372519338574 -0.0006713493325870079683 
	3.748784672178264277 -17.60443543287155421 4.526654955576087833e-07 
	3.832023817701604607 -17.83749856692704583 0.003250748050162663872 
	3.837811407719584622 -17.9864802797538843 0.03144211130548946881 
	3.815410742222130835 -18.07325443025493428 0.07367383039031219494 
	3.778736857689317663 -18.21531919061975557 0.142814686474027841 
	3.66388174787910037 -18.19822928508138205 0.2495886574069402786 
	3.56182950651908925 -18.18514449239421893 0.3461610912357493408 
	3.486985631385679518 -18.17554826425680758 0.4169861420380618355 
	3.417900514780085164 -18.16731586315112423 0.4823242160162497516 
	3.385849907547653803 -18.21036792510214752 0.5233065217886511133 
	0.0008648443330886530431 
	
	cone -9.205853862775927658e-07 -18.99910217450165106 0.01468862133966206823 -2.580112754823639139e-07 8.514696297120715528e-07 0.9999999999996042055 0 3.985123131116188766 -3.393211316809855762e-06 1 I I -0.7071070082668047263 0.7071065541062174775 0.9999528859999999852 forward I I I I 
	null_surface 
	nubs 3 open 19 
	0 3 0.7509701785590967571 1 0.7914140498253917633 1 0.9591551134229631126 1 1.126895945473568306 1 
	1.294636523642341386 1 1.46237817095954159 1 1.630118939527146926 1 1.797859914622553568 1 1.965601056303494687 1 
	2.133341718725219938 1 2.301083136887300373 1 2.468823861175396317 1 2.63656507477628832 1 2.804305951901289617 1 
	2.972046697252837433 1 3.139787664403273393 1 3.180231344982316521 1 3.931200180159641011 3 
	0.7193313783049701815 1.341927823969914391 
	0.5340664257794839331 1.310062339233848405 
	-0.03206944204948346949 1.459719994731365489 
	-0.01885179777312249658 1.130354036303627741 
	-0.02152706615272505578 1.006998057713636152 
	-0.0205665672177421828 0.8385568664682114814 
	-0.02082301949194881666 0.6710035086230851098 
	-0.02075587439889006736 0.5032122313001552438 
	-0.02077147053875399302 0.3354845559749974337 
	-0.02076687284987294851 0.1677400534017483569 
	-0.02077222570826076781 -1.648231952450229798e-07 
	-0.02076709043189347778 -0.167740530747426897 
	-0.02077255050658145807 -0.3354850064954534861 
	-0.0207578469838261559 -0.503212670207665802 
	-0.02082358505387198189 -0.6710038876348308756 
	-0.02056959443926567946 -0.8385571719016802206 
	-0.02152909667172259872 -1.006998399892662155 
	-0.01885646437361566605 -1.130354261028910789 
	-0.0320629319631465029 -1.459719622302063646 
	0.5340638941971005416 -1.310062551518623719 
	0.7193281686245580619 -1.341928011038987067 
	
	nullbs 
	I I 
	0 
	0 
	17 0.7509701785590967571 0.7914140498253917633 0.9591551134229631126 1.126895945473568306 1.294636523642341386 1.46237817095954159 1.630118939527146926 1.797859914622553568 1.965601056303494687 2.133341718725219938 2.301083136887300373 2.468823861175396317 2.63656507477628832 2.804305951901289617 2.972046697252837433 3.139787664403273393 3.180231344982316521 
	surf1 } F 5.501883133756015935e-08 F 3.931200180159641011 #
tvertex-vertex $1080 -1 $-1 $-1 $1081 6.401755258723845097e-07 #
coedge $-1 -1 $-1 $1082 $1083 $-1 $879 forward $802 $-1 #
intcurve-curve $-1 -1 $-1 forward { exactcur full nubs 3 open 15 
	0 3 0.8319411636172022728 1 1.502117699466287704 1 2.172294541650140687 1 2.842472737045198983 1 
	3.512648922125278794 1 4.182827647568411855 1 4.85300355758911639 1 5.523181368253387902 1 6.193358246405727741 1 
	6.863534431485807552 1 7.533714214849772439 1 8.203889667747986891 1 8.874066203597072544 1 9.70600806828815621 3 
	3.748784247922108293 -17.60443559070867536 -8.62164464178386947e-15 
	3.652156705317119112 -17.34460570905880061 -8.5639508183652046e-15 
	3.428153293458960249 -16.8927800321030972 -8.463625364430591402e-15 
	2.988961358803914337 -16.31297569244099321 -8.334882938896500862e-15 
	2.498533162136680641 -15.85163207893323367 -8.232444078500484451e-15 
	1.937982899162682848 -15.478667032086598 -8.149629202022577045e-15 
	1.323023205841325378 -15.20452396812157936 -8.0887572136915265e-15 
	0.6709288569138376346 -15.03689774678131208 -8.051536715598951789e-15 
	-2.397900363451357803e-07 -14.98048887774135629 -8.039011430558706975e-15 
	-0.6709287981395704037 -15.03689738023824773 -8.051536634210042273e-15 
	-1.323023063052262138 -15.20452423323739488 -8.088757272559063017e-15 
	-1.937982296403026883 -15.4786676628624349 -8.149629342082948545e-15 
	-2.498534123062612355 -15.85163077915256125 -8.232443789891198948e-15 
	-2.98896031850227617 -16.31297655000967595 -8.334883129315001004e-15 
	-3.428153612623222379 -16.89277974781572311 -8.463625301306113737e-15 
	-3.652153964766279515 -17.34460700664143573 -8.56395110648642975e-15 
	-3.748785392277373507 -17.60443559070867536 -8.62164464178386947e-15 
	0 
	
	null_surface 
	null_surface 
	nullbs 
	nullbs 
	I I 
	0 
	0 
	13 0.8319411636172022728 1.502117699466287704 2.172294541650140687 2.842472737045198983 3.512648922125278794 4.182827647568411855 4.85300355758911639 5.523181368253387902 6.193358246405727741 6.863534431485807552 7.533714214849772439 8.203889667747986891 8.874066203597072544 
	F 1 F 0 } F 0 F 9.70600806828815621 #
straight-curve $-1 -1 $-1 9.399557128399997907 -1.774916372649998575 -5.106785300856841347e-15 0 2.220341435155147929e-16 -0.9999528859999999852 F -3 F 0 #
coedge $-1 -1 $-1 $1083 $884 $-1 $1084 forward $802 $-1 #
coedge $-1 -1 $-1 $884 $1082 $-1 $1085 forward $802 $-1 #
coedge $-1 -1 $-1 $1040 $1047 $884 $977 reversed $1041 $-1 #
edge $-1 -1 $-1 $1086 1.926964025714408058 $947 4.356220353807560564 $884 $1087 forward @7 unknown #
DXID-attrib $-1 -1 $-1 $-1 $887 @10 ASM ENTITY @2 48 #
face $1088 -1 $-1 $1089 $940 $5 $-1 $1090 forward double out #
loop $-1 -1 $-1 $-1 $1091 $887 #
cone-surface $-1 -1 $-1 -13.87447036043297643 -6.999670891346100987 52.69751594784472815 -0.999999999999999778 -2.219142932413611733e-08 -4.927487156999557976e-24 0 -1.554239428105123656e-15 6.999672109258769481 1 I I 0 1 0.9999528859999999852 forward I I I I #
coedge $-1 -1 $-1 $1092 $1093 $1094 $1095 reversed $888 $-1 #
loop $-1 -1 $-1 $-1 $1096 $816 #
coedge $-1 -1 $-1 $984 $984 $923 $1029 forward $892 $-1 #
coedge $-1 -1 $-1 $1097 $894 $1098 $1099 reversed $817 $-1 #
coedge $-1 -1 $-1 $894 $1097 $902 $1000 reversed $817 $-1 #
coedge $-1 -1 $-1 $896 $895 $1100 $1101 reversed $734 $-1 #
coedge $-1 -1 $-1 $1008 $1102 $895 $989 forward $910 $-1 #
edge $-1 -1 $-1 $1103 -7.00000140780494462 $991 7.000002406892321005 $988 $1104 forward @7 unknown #
coedge $-1 -1 $-1 $897 $1001 $1008 $1105 forward $903 $-1 #
vertex $-1 -1 $-1 $898 $1106 #
straight-curve $-1 -1 $-1 -11.17568593948989886 -2.499882596451763028 45.69784383858596044 -0.9999528859999999852 0 0 F -11.17621287703514099 F 7.823787122964859009 #
coedge $-1 -1 $-1 $1100 $1098 $899 $994 forward $1107 $-1 #
edge $-1 -1 $-1 $997 -2.499999920527137931 $995 2.500000079472862069 $993 $1108 forward @7 unknown #
vertex $-1 -1 $-1 $900 $1109 #
straight-curve $-1 -1 $-1 -18.99910445254824509 -2.499882596451763028 52.69751594784472815 0 2.220341435155147929e-16 -0.9999528859999999852 F -7.000001907348632812 F 7.000001907348632812 #
vertex $-1 -1 $-1 $994 $1110 #
straight-curve $-1 -1 $-1 -18.99910445254824509 2.499881833548236898 52.69751594784472815 0 -2.220341435155147929e-16 0.9999528859999999852 F -7.000001907348632812 F 7.000001907348632812 #
coedge $-1 -1 $-1 $1094 $902 $1111 $1112 forward $903 $-1 #
edge $-1 -1 $-1 $905 -7.823787122964859009 $1113 11.17621287703514099 $902 $1114 forward @7 unknown #
coedge $-1 -1 $-1 $990 $1115 $1116 $1117 forward $903 $-1 #
face $1118 -1 $-1 $1119 $903 $5 $-1 $1120 reversed double out #
point $-1 -1 $-1 -18.99910445254824509 -2.499882596451763028 45.69784383858596044 #
point $-1 -1 $-1 -18.99910445254824509 2.499881833548236898 45.69784383858596044 #
DXID-attrib $-1 -1 $-1 $-1 $909 @10 ASM ENTITY @2 73 #
loop $-1 -1 $-1 $-1 $1111 $909 #
plane-surface $-1 -1 $-1 3.81451752576784194e-07 10.38095707297525827 52.69751694688504529 1 0 0 0 0.9999528859999999852 2.220341435155147929e-16 forward_v I I I I #
coedge $-1 -1 $-1 $1121 $988 $990 $1105 reversed $910 $-1 #
coedge $-1 -1 $-1 $1122 $1123 $1124 $1125 forward $912 $-1 #
coedge $-1 -1 $-1 $1010 $1010 $913 $1011 reversed $1027 $-1 #
edge $-1 -1 $-1 $1126 1.495996480421079688 $1126 7.77918178760066592 $913 $1127 forward @7 unknown #
coedge $-1 -1 $-1 $915 $914 $1128 $1129 forward $758 $-1 #
coedge $-1 -1 $-1 $1130 $1131 $914 $1014 reversed $1132 $-1 #
edge $-1 -1 $-1 $1021 1.769800082963486121 $1133 4.513385231305499623 $914 $1134 forward @7 unknown #
coedge $-1 -1 $-1 $1135 $1136 $915 $1016 reversed $1137 $-1 #
edge $-1 -1 $-1 $1138 -1.371792594923204156 $1020 1.371792603200741034 $915 $1139 forward @7 unknown #
tcoedge-coedge $-1 -1 $-1 $1140 $916 $1136 $1141 forward $1019 $1142 -11.86932370243160939 -0.06929171422243683709 #
tcoedge-coedge $-1 -1 $-1 $916 $1140 $1130 $1143 reversed $1019 $1144 -13.15347999186829675 -1.353484569505038371 #
loop $-1 -1 $-1 $-1 $1017 $1145 #
tvertex-vertex $-1 -1 $-1 $1141 $1146 1.442183663086910517e-07 #
tvertex-vertex $-1 -1 $-1 $1143 $1147 5.08803128490659089e-08 #
ellipse-curve $-1 -1 $-1 -9.75370058875694031e-08 -15.0992883275541363 99.89529483720700398 0 2.220446049250312588e-16 -1 7.737479363608744764e-16 -2.999858506948638759 -6.661023970064047803e-16 1 F 1.670298026661149349 F 4.612887195127200357 #
DXID-attrib $-1 -1 $-1 $-1 $919 @10 ASM ENTITY @2 20 #
loop $-1 -1 $-1 $-1 $1148 $919 #
cone-surface $-1 -1 $-1 -0.002129385205833030439 2.333989568883009267e-06 112.3953798742360135 0.0001385097406881837315 -1.450597878868252298e-07 0.9999999904075153045 0 15.79996686875573175 2.291939864585971256e-06 1 I I -0.7071709881899082006 -0.7070425683525064509 0.9999528859999999852 forward I I I I #
coedge $-1 -1 $-1 $1149 $1150 $1151 $1152 reversed $920 $-1 #
loop $-1 -1 $-1 $-1 $1010 $761 #
coedge $-1 -1 $-1 $1153 $1154 $1093 $1155 reversed $922 $-1 #
edge $-1 -1 $-1 $1156 -1.495996475769242551 $1156 4.787188831410343681 $984 $1157 forward @7 unknown #
tcoedge-coedge $-1 -1 $-1 $925 $924 $1055 $1158 reversed $762 $1159 -1.414142989619796342 0 #
edge $-1 -1 $-1 $1035 0.0002145661983419790088 $1160 2.501089669545461636 $924 $1161 forward @7 unknown #
coedge $-1 -1 $-1 $939 $1162 $925 $1033 forward $940 $-1 #
edge $-1 -1 $-1 $1036 -0.07864794574574884845 $1163 0.0626238559032129688 $1032 $1164 forward @7 unknown #
coedge $-1 -1 $-1 $926 $952 $-1 $1165 forward $862 $-1 #
tvertex-vertex $-1 -1 $-1 $927 $1166 0.002903470875232487189 #
tvertex-vertex $-1 -1 $-1 $927 $1167 0.008948225925791747706 #
intcurve-curve $-1 -1 $-1 reversed { exactcur full nurbs 2 open 2 
	0 2 37.74611829867227186 2 
	-11.3673074032642063 -11.76113682302909069 -9.476243034129291587 1 
	2.678396149113724256 -30.06981399262762267 12.20516955427690675 1.183135718243280454 
	6.80158987846867813 -7.365436387662292361 -9.476242089154339965 1 
	0 
	
	null_surface 
	null_surface 
	nullbs 
	nullbs 
	I I 
	0 
	0 
	0 
	F 1 F 0 } F -26.42754433854073071 F -25.36525396977624069 #
edge $-1 -1 $-1 $1042 0.0002144017818503342538 $873 2.501089053145522989 $928 $1168 forward @7 unknown #
coedge $-1 -1 $-1 $936 $929 $1169 $1170 reversed $1041 $-1 #
coedge $-1 -1 $-1 $929 $976 $-1 $1171 forward $1041 $-1 #
loop $-1 -1 $-1 $-1 $929 $1172 #
tvertex-vertex $-1 -1 $-1 $930 $1173 0.002903022021424583789 #
intcurve-curve $-1 -1 $-1 forward { exactcur full nurbs 2 open 2 
	0 2 37.74634971652926652 2 
	-6.801587848450115104 7.365336446399765258 -9.476351231377813988 1 
	-2.678469864655056654 30.06993788362889219 12.20532113313107558 1.183124360581674583 
	11.36739320339446735 11.76108288587542461 -9.47631866183069782 1 
	0 
	
	null_surface 
	null_surface 
	nullbs 
	nullbs 
	I I 
	0 
	0 
	0 
	F 1 F 0 } F 11.31872462649476141 F 12.3810233082040817 #
coedge $-1 -1 $-1 $1174 $1169 $932 $1045 reversed $1175 $-1 #
edge $-1 -1 $-1 $1176 -11.69999988990317163 $933 2.160212712043474849e-06 $932 $1177 forward @7 unknown #
point $-1 -1 $-1 -2.99675202747829772 18.76127506596998984 0.9936349322635074088 #
coedge $-1 -1 $-1 $976 $936 $-1 $1178 forward $1041 $-1 #
intcurve-curve $-1 -1 $-1 reversed { exactcur full nurbs 2 open 2 
	0 2 37.69163096534629176 2 
	7.278732191620170155 7.657747739712315926 -9.47634649945927876 1 
	2.147636873101103738 28.21239989649498625 10.5936825989125758 1.424486548428768318 
	-11.54338264635202016 12.04519333639502854 -9.476328587545834736 1 
	0 
	
	null_surface 
	null_surface 
	nullbs 
	nullbs 
	I I 
	0 
	0 
	0 
	F 1 F 0 } F -11.9955208559552684 F -10.88366778140673219 #
coedge $-1 -1 $-1 $1162 $938 $1179 $1180 reversed $940 $-1 #
tcoedge-coedge $-1 -1 $-1 $1169 $1174 $938 $1051 forward $1175 $1181 -11.69999982465242994 1.311680166963831085e-06 #
tedge-edge $-1 -1 $-1 $1182 -11.69999982465242994 $941 1.311680166963831085e-06 $1050 $1183 forward @7 unknown 8.705689316178002416e-07 #
pcurve $-1 -1 $-1 0 forward { exppc nubs 1 open 2 
	-1.311680166963831085e-06 1 11.69999982465242994 1 
	1.256967382784278226e-06 -2.983533471473789334 
	-11.69999987936517627 -2.983533452760986915 
	0 
	cone 9.71292446236860564e-09 1.348187305048891399e-07 0.9999528859999952113 3.045574644806251234e-08 -8.590352056689773622e-09 -0.9999999999999995559 0 -18.99910505155709828 1.632090011549086341e-07 1 I I 0 1 0.9999528859999999852 forward I I I I 
	} 0 0 #
edge $-1 -1 $-1 $1163 5.49708461600175724 $857 51.75962842451075829 $939 $1184 forward @7 unknown #
point $-1 -1 $-1 2.990494455893669024 18.76227407859903451 0.9999515589950697114 #
tcoedge-coedge $-1 -1 $-1 $944 $943 $1030 $1158 forward $945 $1185 -0 1.414142989619796342 #
edge $-1 -1 $-1 $1160 0 $947 2.63183206712562745 $944 $1186 forward @7 unknown #
vertedge-sys-attrib $-1 -1 $-1 $-1 $947 4 $854 $1178 $-1 $-1 #
point $-1 -1 $-1 3.748784273687845836 17.60443459694500845 1.38138482714985855e-08 #
edge $-1 -1 $-1 $692 0.7509701785590944256 $970 3.180231344982314745 $952 $969 forward @7 unknown #
tcoedge-coedge $-1 -1 $-1 $1068 $953 $1162 $1187 forward $1061 $1188 -1.265583550180694939e-07 11.69999983569857882 #
loop $-1 -1 $-1 $-1 $953 $1073 #
intcurve-curve $-1 -1 $-1 forward { surfintcur full nubs 3 periodic 33 
	0 3 0.5650300071080321951 2 1.13006001421606439 2 1.695090021324096696 2 2.26012002843212878 2 
	2.8251500355401582 2 3.390180042648188063 2 3.955210049756217927 2 4.520240056864247791 2 5.085270063972281207 2 
	5.650300071080315512 2 6.215330078188349816 2 6.780360085296383232 2 7.345390092404413984 2 7.910420099512444736 2 
	8.4754501066204746 2 9.04048011372850624 2 9.605510120836536103 2 10.17054012794456597 2 10.73557013505259761 2 
	11.30060014216062747 2 11.86563014926866089 2 12.43066015637669253 2 12.99569016348472594 2 13.56072017059275936 2 
	14.12575017770078922 2 14.69078018480881909 2 15.25581019191684895 2 15.82084019902487881 2 16.38587020613291045 2 
	16.95090021324094209 2 17.51593022034897373 2 18.08096022745700537 3 
	-4.363003248251162542e-07 -15.99924579292967053 0.999953022705418304 
	0.1883340257944329244 -15.99924579292967053 0.9999530249342765131 
	0.3831015167012863931 -16.01726720998771469 0.9999530251189487906 
	0.7705428737584345544 -16.09318232300068274 0.9999530207723532627 
	0.9632199196897884841 -16.15105978968296796 0.9999530162430280145 
	1.332771464131374817 -16.30413305138660007 0.9999530026067009469 
	1.50994025905737761 -16.39945074797471847 0.9999529934888479188 
	1.837582761150610144 -16.6197330676559254 0.9999529714491367516 
	1.988047240933862314 -16.74471141502251115 0.99995295852555377 
	2.254392391490509517 -17.01105656557916745 0.9999529303409928627 
	2.379370738857102374 -17.16152104536242362 0.9999529141172914803 
	2.599653058538310191 -17.48916354745565016 0.9999528781758070251 
	2.694970755126419704 -17.66633234238164007 0.9999528584592742853 
	2.848044016830044267 -18.03588388682322474 0.999952816791757515 
	2.905921483512330816 -18.22856093275458989 0.9999527948075942474 
	2.981836596525297089 -18.61600228981173188 0.9999527501222642556 
	2.999858013583345695 -18.81076978071857297 0.9999527274205309846 
	2.999858013583349248 -19.18743870490809655 0.9999526831042917507 
	2.981836596525297089 -19.38220619581494475 0.9999526599760546475 
	2.905921483512327264 -19.76964755287208675 0.9999526134940667221 
	2.848044016830044267 -19.96232459880343058 0.9999525901401352668 
	2.694970755126412598 -20.33187614324502235 0.9999525448498531865 
	2.599653058538303085 -20.50904493817101937 0.9999525228774340802 
	2.379370738857091716 -20.83668744026425301 0.9999524817224830775 
	2.254392391490502412 -20.98715192004750918 0.9999524625408735545 
	1.988047240933855431 -21.25349707060416193 0.9999524280525530218 
	1.837582761150592381 -21.37847541797074769 0.9999524115678031233 
	1.509940259057356293 -21.59875773765195461 0.9999523817733985132 
	1.332771464131363937 -21.69407543424007656 0.9999523684622307895 
	0.9632199196897778259 -21.84714869594369446 0.9999523460790742391 
	0.7705428737584167909 -21.90502616262597968 0.999952336989267998 
	0.3831015167012757905 -21.98094127563894418 0.9999523234721545695 
	0.1883340257944257912 -21.99896269269699189 0.9999523190467280997 
	-0.188334898395089656 -21.99896269269699189 0.999952314588650637 
	-0.3831023893019396276 -21.98094127563894418 0.9999523144037235634 
	-0.7705437463590770752 -21.90502616262597968 0.9999523187497076915 
	-0.9632207922904346686 -21.84714869594369446 0.9999523232786676763 
	-1.332772336732020779 -21.69407543424006946 0.9999523369142280238 
	-1.509941131658016689 -21.59875773765195461 0.9999523460316867007 
	-1.837583633751256107 -21.37847541797073703 0.999952368070616604 
	-1.988048113534512051 -21.25349707060415128 0.9999523809938102303 
	-2.254393264091162585 -20.98715192004750207 0.9999524091777122203 
	-2.379371611457748337 -20.83668744026424235 0.9999524254011125102 
	-2.599653931138959706 -20.50904493817100871 0.9999524613420998076 
	-2.694971627727072772 -20.3318761432450188 0.9999524810584452528 
	-2.848044889430700888 -19.96232459880343058 0.999952522725737758 
	-2.905922356112987437 -19.76964755287207964 0.9999525447098623898 
	-2.98183746912595371 -19.38220619581493764 0.9999525893952819766 
	-2.999858886183998763 -19.18743870490808234 0.9999526120971385934 
	-2.999858886183998763 -18.81076978071856587 0.9999526564137386497 
	-2.98183746912595371 -18.61600228981171767 0.9999526795422279957 
	-2.905922356112987437 -18.22856093275457567 0.9999527260248270988 
	-2.848044889430700888 -18.03588388682321764 0.9999527493791139365 
	-2.694971627727069663 -17.66633234238164007 0.9999527946701620706 
	-2.599653931138959706 -17.48916354745565016 0.9999528166429895171 
	-2.379371611457748337 -17.16152104536241652 0.9999528577987228939 
	-2.254393264091159033 -17.01105656557914969 0.9999528769807097817 
	-1.988048113534512051 -16.74471141502251115 0.9999529114696893428 
	-1.837583633751256107 -16.6197330676559325 0.9999529279547360039 
	-1.509941131658020241 -16.39945074797471847 0.9999529577496389932 
	-1.332772336732020779 -16.30413305138660007 0.9999529710610054467 
	-0.9632207922904346686 -16.15105978968296796 0.9999529934443858181 
	-0.7705437463590735225 -16.09318232300068274 0.9999530025342242556 
	-0.3831023893019325222 -16.01726720998771469 0.9999530160512482002 
	-0.1883348983950825506 -15.99924579292967053 0.9999530204765600949 
	-4.363003248251162542e-07 -15.99924579292967053 0.999953022705418304 
	0.0001465672010962352394 
	
	cone -4.363003248251162542e-07 -18.99910424281333832 0.9999528859999911035 1.126607003664195104e-08 -3.065036792752296877e-08 0.9999999999999995559 0 2.999858449883668232 9.19467652194232139e-08 1 I I 0 1 0.9999528859999999852 forward I I I I 
	cone -9.205853862775927658e-07 -18.99910217450165106 0.01468862133966206823 -2.580112754823639139e-07 8.514696297120715528e-07 0.9999999999996042055 0 3.985123131116188766 -3.393211316809855762e-06 1 I I -0.7071070082668047263 0.7071065541062174775 0.9999528859999999852 forward I I I I 
	nullbs 
	nullbs 
	I I 
	0 
	0 
	0 
	} F 13.79477731935070572 F 22.36714297995051126 #
DXID-attrib $-1 -1 $-1 $-1 $955 @10 ASM ENTITY @2 26 #
face $1189 -1 $-1 $1145 $1137 $5 $-1 $1190 reversed double out #
cone-surface $-1 -1 $-1 -9.205853862775927658e-07 -18.99910217450165106 0.01468862133966206823 -2.580112754823639139e-07 8.514696297120715528e-07 0.9999999999996042055 0 3.985123131116188766 -3.393211316809855762e-06 1 I I -0.7071070082668047263 0.7071065541062174775 0.9999528859999999852 forward I I I I #
coedge $-1 -1 $-1 $1096 $1191 $957 $1067 forward $983 $-1 #
edge $-1 -1 $-1 $1176 -1.412737071855376225 $1070 1.412737067688115244 $1066 $1192 forward @7 unknown #
coedge $-1 -1 $-1 $958 $1060 $1096 $1193 reversed $1061 $-1 #
pcurve $-1 -1 $-1 0 forward { exppc nubs 1 open 2 
	-11.69999976831314825 1 6.667325196034492682e-07 1 
	11.69999976831315003 1.491766987310019443 
	-6.667325197779315967e-07 1.491766987310020331 
	0 
	cone -4.363003248251162542e-07 -18.99910424281333832 0.9999528859999911035 1.126607003664195104e-08 -3.065036792752296877e-08 0.9999999999999995559 0 2.999858449883668232 9.19467652194232139e-08 1 I I -0 -1 0.9999528859999999852 forward I I I I 
	} 0 0 #
tvertex-vertex $-1 -1 $-1 $959 $1194 2.417048021609155631e-07 #
straight-curve $-1 -1 $-1 -2.990495748222043559 -18.7622741165356608 0.9999529269500511131 -1.126553924701824315e-08 3.064892386608842641e-08 -0.9999528859999995412 F -11.69999976831314825 F 6.667325196034492682e-07 #
DXID-attrib $-1 -1 $-1 $-1 $961 @10 ASM ENTITY @2 51 #
face $1195 -1 $-1 $445 $1061 $5 $-1 $1196 reversed double out #
cone-surface $-1 -1 $-1 4.624846408476787498e-07 1.348187340574354503e-07 0.9999528859999952113 -2.693209353964974883e-08 -8.590352498856192212e-09 -0.999999999999999778 0 -18.9991053123374023 1.632090117958695924e-07 1 I I 0 1 0.9999528859999999852 forward I I I I #
edge $-1 -1 $-1 $692 0 $873 47.32412624693684933 $1082 $1197 forward @7 unknown #
DXID-attrib $-1 -1 $-1 $-1 $967 @10 ASM ENTITY @2 23 #
face $1198 -1 $-1 $1172 $1199 $5 $-1 $1200 forward double out #
loop $-1 -1 $-1 $-1 $1201 $967 #
cone-surface $-1 -1 $-1 -2.231670185564717297e-07 15.09929005152907955 109.9406354246880255 2.662165918077945491e-08 -1.928197415164431609e-06 0.9999999999981408205 0 4.753965767118832453 9.166584503955769789e-06 1 I I -0.7071078856023313985 0.7071056767690386824 0.9999528859999999852 forward I I I I #
vertedge-sys-attrib $-1 -1 $-1 $-1 $970 4 $1059 $1202 $-1 $-1 #
point $-1 -1 $-1 3.748784247922108293 -17.60443559070867536 -8.62164464178386947e-15 #
coedge $-1 -1 $-1 $975 $971 $-1 $1075 forward $802 $-1 #
coedge $-1 -1 $-1 $971 $974 $-1 $1202 forward $802 $-1 #
edge $-1 -1 $-1 $947 1.910511548800401802e-06 $1160 47.32412604793979938 $974 $1203 forward @7 unknown #
edge $-1 -1 $-1 $873 47.32412624693684933 $1086 48.94626132856852507 $975 $1197 forward @7 unknown #
tvertex-vertex $-1 -1 $-1 $977 $1204 4.934976734924247691e-07 #
ellipse-curve $-1 -1 $-1 2.726341581497840343e-07 18.99911156381006805 -5.495330108828812212e-16 -1.658702687258722406e-25 -2.220446049250312588e-16 1 -1.579735032548999866e-06 3.999816036658425222 8.881375716326244736e-16 1 F 1.926964025714408058 F 4.356220353807560564 #
DXID-attrib $-1 -1 $-1 $-1 $979 @10 ASM ENTITY @2 49 #
face $1205 -1 $-1 $961 $1175 $5 $-1 $1206 reversed double out #
cone-surface $-1 -1 $-1 9.71292446236860564e-09 1.348187305048891399e-07 0.9999528859999952113 3.045574644806251234e-08 -8.590352056689773622e-09 -0.9999999999999995559 0 -18.99910505155709828 1.632090011549086341e-07 1 I I 0 1 0.9999528859999999852 forward I I I I #
coedge $-1 -1 $-1 $1207 $1116 $1208 $1209 forward $980 $-1 #
coedge $-1 -1 $-1 $1210 $982 $1211 $1212 reversed $888 $-1 #
coedge $-1 -1 $-1 $982 $1210 $1028 $1155 forward $888 $-1 #
coedge $-1 -1 $-1 $1115 $999 $982 $1095 forward $903 $-1 #
edge $-1 -1 $-1 $1213 -13.94095039367674538 $1214 4.771891421715399595 $1094 $1215 forward @7 tangent #
coedge $-1 -1 $-1 $1179 $1066 $1068 $1193 forward $983 $-1 #
coedge $-1 -1 $-1 $986 $985 $1216 $1217 reversed $817 $-1 #
coedge $-1 -1 $-1 $993 $1218 $985 $1099 forward $1107 $-1 #
edge $-1 -1 $-1 $1219 -11.04224507013956824 $997 7.957754929860431758 $1098 $1220 forward @7 unknown #
coedge $-1 -1 $-1 $1221 $993 $987 $1101 forward $1107 $-1 #
edge $-1 -1 $-1 $995 -7.957754929860431758 $1103 11.04224507013956824 $1100 $1222 forward @7 unknown #
coedge $-1 -1 $-1 $988 $1121 $1221 $1223 reversed $910 $-1 #
vertex $-1 -1 $-1 $989 $1224 #
straight-curve $-1 -1 $-1 3.81451752576784194e-07 -2.499882596451763028 52.69751644736488316 0 2.220341435155147929e-16 -0.9999528859999999852 F -7.00000140780494462 F 7.000002406892321005 #
edge $-1 -1 $-1 $1225 -1.809277239299955653 $991 2.690722760700044347 $990 $1226 forward @7 unknown #
point $-1 -1 $-1 3.81451752576784194e-07 -2.499882596451763028 45.69784383858596044 #
loop $-1 -1 $-1 $-1 $1227 $1119 #
straight-curve $-1 -1 $-1 -18.99910445254824509 -3.019826490023962915e-07 59.69718805710349585 0 -0.9999528859999999852 -2.220341435155147929e-16 F -2.499999920527137931 F 2.500000079472862069 #
point $-1 -1 $-1 -18.99910445254824509 -2.499882596451766581 59.69718805710349585 #
point $-1 -1 $-1 -18.99910445254824509 2.499881833548233345 59.69718805710349585 #
coedge $-1 -1 $-1 $1216 $1211 $999 $1112 reversed $1006 $-1 #
edge $-1 -1 $-1 $1113 -2.690723441895983115 $1213 1.809277313542219545 $999 $1228 forward @7 unknown #
vertex $-1 -1 $-1 $1217 $1229 #
straight-curve $-1 -1 $-1 -11.17568593948989886 2.499881833548236898 45.69784383858596044 0.9999528859999999852 0 0 F -7.823787122964859009 F 11.17621287703514099 #
coedge $-1 -1 $-1 $1001 $1094 $1154 $1230 forward $903 $-1 #
coedge $-1 -1 $-1 $1091 $1231 $1001 $1117 reversed $980 $-1 #
edge $-1 -1 $-1 $1232 -4.837717178803810469 $1225 13.87512445449828213 $1001 $1233 forward @7 tangent #
DXID-attrib $-1 -1 $-1 $-1 $1002 @10 ASM ENTITY @2 74 #
face $1234 -1 $-1 $550 $1107 $5 $-1 $1235 reversed double out #
plane-surface $-1 -1 $-1 -12.85181984343155115 -6.357530275376958604e-08 45.69784383858596044 0 2.220446049250312588e-16 -1 0 0.9999528859999999852 2.220341435155147929e-16 forward_v I I I I #
coedge $-1 -1 $-1 $1102 $1008 $1231 $1236 forward $910 $-1 #
coedge $-1 -1 $-1 $1237 $1009 $1150 $1238 forward $912 $-1 #
coedge $-1 -1 $-1 $1009 $1237 $1239 $1240 forward $912 $-1 #
coedge $-1 -1 $-1 $1241 $1151 $1009 $1125 reversed $1078 $-1 #
edge $-1 -1 $-1 $1242 1.103617445189574831 $1243 5.179567768486171175 $1009 $1244 forward @7 unknown #
vertex $-1 -1 $-1 $1011 $1245 #
ellipse-curve $-1 -1 $-1 -4.611514377210763901e-07 1.060623993842133427e-07 112.6946872005859603 0 -2.220446049250312588e-16 1 -2.868915602276004307e-09 17.44917753634875979 3.874495732325290705e-15 1 I I #
coedge $-1 -1 $-1 $1246 $1247 $1012 $1129 reversed $1248 $-1 #
edge $-1 -1 $-1 $1133 -1.471294448038953373 $1138 1.471294463930229224 $1012 $1249 forward @7 unknown #
tcoedge-coedge $-1 -1 $-1 $1250 $1013 $1018 $1143 forward $1132 $1251 1.353484569505038371 13.15347999186829675 #
tcoedge-coedge $-1 -1 $-1 $1013 $1250 $1246 $1252 reversed $1132 $1253 0.06929264500781597003 11.86932336972924773 #
loop $-1 -1 $-1 $-1 $1013 $1254 #
tvertex-vertex $-1 -1 $-1 $1014 $1255 4.655363974165886222e-07 #
ellipse-curve $-1 -1 $-1 -9.102378562601399992e-07 2.07806916765938796e-07 99.89529483720701819 0 -2.220446049250312588e-16 1 -15.09928889890942116 0 0 0.9999999999999980016 F 1.769800082963486121 F 4.513385231305499623 #
tcoedge-coedge $-1 -1 $-1 $1256 $1015 $1247 $1257 reversed $1137 $1258 -11.86932330248969691 -0.06929263190782682102 #
tcoedge-coedge $-1 -1 $-1 $1015 $1256 $1017 $1141 reversed $1137 $1259 0.06929171422243683709 11.86932370243160939 #
loop $-1 -1 $-1 $-1 $1135 $1064 #
tvertex-vertex $-1 -1 $-1 $1257 $1260 4.267990502084073001e-07 #
ellipse-curve $-1 -1 $-1 2.99470899299652516e-07 2.148474986702417108e-07 99.89529483720701819 0 -2.220446049250312588e-16 1 -15.09928892619669583 7.88823738828323211e-31 1.75154055443621048e-46 0.9999999999999983347 F -1.371792594923204156 F 1.371792603200741034 #
coedge $-1 -1 $-1 $1018 $1017 $1261 $1262 forward $1019 $-1 #
tedge-edge $-1 -1 $-1 $1020 -11.86932370243160939 $1263 -0.06929171422243683709 $1017 $1264 forward @7 unknown 2.876847384410785643e-07 #
pcurve $-1 -1 $-1 0 forward { exppc nubs 1 open 2 
	-11.86932370243160939 1 -0.06929171422243683709 1 
	11.86932370243163426 1.670297978769895053 
	0.06929171422245984646 1.670297978769895497 
	0 
	cone -2.572920855317045403e-07 -15.09928810012030098 111.7640593742108877 1.346012719427453731e-08 -1.916238510147875919e-08 -0.999999999999999778 0 -2.999858506948638315 5.748444396009692275e-08 1 I I 0 1 0.9999528859999999852 forward I I I I 
	} 0 0 #
tedge-edge $-1 -1 $-1 $1021 1.353484569505038371 $1265 13.15347999186829675 $1130 $1266 forward @7 unknown 9.84493989063651946e-07 #
pcurve $-1 -1 $-1 0 forward { exppc nubs 1 open 2 
	-13.15347999186829675 1 -1.353484569505038371 1 
	0.06932836042975647206 -1.670298024858649422 
	11.8693237827929714 -1.670298112873869867 
	0 
	cone -2.572920855317045403e-07 -15.09928810012030098 111.7640593742108877 1.346012719427453731e-08 -1.916238510147875919e-08 -0.999999999999999778 0 -2.999858506948638315 5.748444396009692275e-08 1 I I 0 1 0.9999528859999999852 forward I I I I 
	} 0 0 #
face $1267 -1 $-1 $1254 $1019 $5 $-1 $1268 forward double out #
point $-1 -1 $-1 -2.985020663624600612 -14.80128960313590092 99.89529483720701819 #
point $-1 -1 $-1 2.985020500627630469 -14.80128934249863804 99.89529483720700398 #
coedge $-1 -1 $-1 $1269 $1239 $1270 $1271 reversed $1024 $-1 #
coedge $-1 -1 $-1 $1272 $1026 $1250 $1273 reversed $920 $-1 #
coedge $-1 -1 $-1 $1026 $1272 $1122 $1238 reversed $920 $-1 #
coedge $-1 -1 $-1 $1124 $1201 $1026 $1152 forward $1078 $-1 #
edge $-1 -1 $-1 $1274 -25.19813627833948644 $1243 -23.24351694761956111 $1151 $1275 forward @7 unknown #
coedge $-1 -1 $-1 $1208 $1028 $1276 $1277 reversed $922 $-1 #
coedge $-1 -1 $-1 $1028 $1208 $1115 $1230 reversed $922 $-1 #
edge $-1 -1 $-1 $1278 -33.79495077286583182 $1214 -10.69016221368601904 $1093 $1279 forward @7 unknown #
vertex $-1 -1 $-1 $1029 $1280 #
ellipse-curve $-1 -1 $-1 -2.50142777948004956e-08 1.480645343672099582e-07 12.69940146147411753 0 2.220446049250312588e-16 -1 -3.48955254532316362e-09 21.22400020142967136 4.712674739655235492e-15 1 I I #
tedge-edge $-1 -1 $-1 $1163 -0 $1160 1.414142989619796342 $1055 $1281 forward @7 unknown 0.01125636278887982324 #
pcurve $-1 -1 $-1 0 forward { exppc nubs 1 open 2 
	-1.414142989619796342 1 0 1 
	1.261548850083255235 -0.7150552266102178089 
	1.324091053843375443 0.6975909781119085107 
	0 
	plane 4.211495143267045549 -17.98465830715510094 0.5046424919789321839 0.1685285062112214793 -0.6965844248013504103 -0.6974010909931142033 0.9719129759679763225 0.2351402589196511794 5.221162589378350292e-17 forward_v I I I I 
	} 0 0 #
tvertex-vertex $1282 -1 $-1 $-1 $1283 0.01125645022759861301 #
intcurve-curve $-1 -1 $-1 forward { parcur full nubs 3 open 2 
	0 3 2.501089669545461636 3 
	3.384996537056734756 -18.20683995439507186 0.5268387570173950207 
	3.565111805490300156 -17.49793150046429702 -0.1377143050136163671 
	4.210225064010062468 -17.16341688137637078 -0.3159441663300379677 
	5.320336312616022134 -17.20329609713127184 -0.007850826931869878123 
	0 
	
	plane 4.211495143267045549 -17.98465830715510094 0.5046424919789321839 0.1685285062112214793 -0.6965844248013504103 -0.6974010909931142033 0.9719129759679763225 0.2351402589196511794 5.221162589378350292e-17 forward_v I I I I 
	null_surface 
	nubs 2 open 2 
	0 2 2.501089669545461636 2 
	-0.8556091904980310803 0.03097237054087957631 
	-0.3429369576046410462 -1.359990274230684859 
	1.261545703281049979 -0.7151263037058136485 
	
	nullbs 
	I I 
	0 
	0 
	0 
	surf1 } F 0.0002145661983419790088 F 2.501089669545461636 #
tcoedge-coedge $-1 -1 $-1 $1032 $1049 $1060 $1187 reversed $940 $1284 -11.69999983569857882 1.265583550180694939e-07 #
tvertex-vertex $-1 -1 $-1 $1158 $1285 0.009472186243608701414 #
ellipse-curve $-1 -1 $-1 6.028880878117515531e-07 -3.24923380127548927e-08 -18.47667241313682496 -0.1685285062112214793 0.6965844248013504103 0.6974010909931142033 4.467663880372518825 -18.46634670703788927 19.52434315771919415 0.6974011021096808705 F -0.07864794574574884845 F 0.0626238559032129688 #
edge $-1 -1 $-1 $970 3.180231344982314745 $1035 3.931200180159641011 $1034 $969 forward @7 unknown #
point $-1 -1 $-1 3.384167409549921235 -18.20831134724975442 0.5244769196226779506 #
point $-1 -1 $-1 2.996752820618134194 -18.76127448052996982 0.9936353246215338109 #
intcurve-curve $-1 -1 $-1 forward { parcur full nubs 3 open 2 
	0 3 2.501089053145522989 3 
	-3.384995825578511752 18.20683939777624616 0.5268385477094178482 
	-3.565112760502545441 17.49793143906884652 -0.1377142177246397925 
	-4.210226282424041067 17.16341739624875729 -0.3159438573737073375 
	-5.32033639134299996 17.20329726931598202 -0.00785037123778452306 
	0 
	
	plane -4.211495524718805505 17.98465806874775552 0.5046424919789402885 0.168528279590534541 -0.6965847267967736345 0.6974008441145731485 0.9719130715358916817 0.2351398639052885708 5.221153818297541778e-17 forward_v I I I I 
	null_surface 
	nubs 2 open 2 
	0 2 2.501089053145522989 2 
	0.8556101692207894738 0.03097206809324859478 
	0.3429360755200624999 -1.35998948961618038 
	-1.261544874614715317 -0.7151254281208625496 
	
	nullbs 
	I I 
	0 
	0 
	0 
	surf1 } F 0.0002144017818503342538 F 2.501089053145522989 #
coedge $-1 -1 $-1 $1044 $1050 $1039 $1170 forward $1175 $-1 #
edge $-1 -1 $-1 $941 4.7542974352755909 $933 13.32666292602036862 $1169 $1286 forward @7 unknown #
edge $-1 -1 $-1 $1086 0 $1042 0.750967720601802502 $1040 $1287 forward @7 unknown #
face $1288 -1 $-1 $955 $1041 $5 $-1 $1289 reversed double out #
point $-1 -1 $-1 -3.384167593596225654 18.20831074008251349 0.5244774400766079037 #
coedge $-1 -1 $-1 $1050 $1044 $1191 $1290 reversed $1175 $-1 #
loop $-1 -1 $-1 $-1 $1044 $1089 #
vertex $-1 -1 $-1 $1045 $1291 #
straight-curve $-1 -1 $-1 -2.990495728088093941 18.76227438938225944 0.9999528053657686932 -2.693082466099472185e-08 -8.589947772988562079e-09 -0.9999528859999996522 F -11.69999988990317163 F 2.160212712043474849e-06 #
edge $-1 -1 $-1 $858 3.520608061068781817e-09 $947 0.7509663279377352119 $1047 $1292 forward @7 unknown #
coedge $-1 -1 $-1 $1191 $1096 $1049 $1180 forward $983 $-1 #
edge $-1 -1 $-1 $1293 1.728855532100519454 $1182 4.554329778750231483 $1179 $1294 forward @7 unknown #
pcurve $-1 -1 $-1 0 forward { exppc nubs 1 open 2 
	-11.69999982465242994 1 1.311680166963831085e-06 1 
	11.69999982465242994 -1.649825628519538512 
	-1.311680166971158131e-06 -1.64982562851953829 
	0 
	cone -4.363003781133107247e-07 18.99910435102095363 0.9999528859999995412 1.126607635907899224e-08 7.728987676489201926e-08 0.9999999999999970024 0 2.999858416814734419 -2.318586873477355738e-07 1 I I -0 -1 0.9999528859999999852 forward I I I I 
	} 0 0 #
tvertex-vertex $-1 -1 $-1 $1051 $1295 4.360110354339694892e-07 #
straight-curve $-1 -1 $-1 2.990494851598382908 18.76227434027577345 0.9999528706134135358 -1.126554556915741e-08 -7.728623532963810492e-08 -0.9999528859999968766 F -11.69999982465242994 F 1.311680166963831085e-06 #
intcurve-curve $-1 -1 $-1 forward { surfintcur full nubs 3 open 21 
	-7.157047335179498759 3 -3.57852366758974938 2 0 3 3.5785236675897516 2 7.1570473351795032 2 
	10.73557100276925524 2 14.3140946703590064 2 17.89261833794865453 2 21.47114200553830443 2 25.04966567312795434 2 
	28.62818934071760424 2 32.20671300830724704 2 35.78523667589689694 2 39.36376034348653974 2 42.94228401107618254 2 
	46.52080767866593192 2 50.09933134625567419 2 53.67785501384541647 2 57.25637868143516584 2 60.83490234902491522 2 
	64.4134260166146646 3 
	-7.27064272328173189 -17.55288415834669635 0.9999477823427458389 
	-6.100396071296683154 -18.03761619292061624 0.9999480824704726212 
	-4.880108015100065089 -18.40417351153587688 0.9999483951663844516 
	-2.426312555406990423 -18.88496926614561744 0.9999490234524579524 
	-1.19278501329548936 -18.99910491673839985 0.9999493390475577836 
	9.713027486211194843e-09 -18.99910491673839985 0.999949644005755256 
	1.1927850327215479 -18.99910491673839985 0.9999499489639528393 
	2.426312574833048963 -18.88496926614560323 0.9999502641184589979 
	4.88010803452612052 -18.40417351153586267 0.9999508905501973688 
	6.100396090722739473 -18.03761619292058782 0.9999512018327705309 
	8.440889394692833392 -17.06815212377273738 0.9999517983557654199 
	9.562958519916820777 -16.46447332992155665 0.9999520840712738945 
	11.6380278675608082 -15.06935185917804354 0.9999526119193358209 
	12.59096964987753431 -14.27782226187991199 0.9999528540368600726 
	14.27782240641167633 -12.59096950534573445 0.999953282079743877 
	15.06935200370977235 -11.63802772302902078 0.9999534826259188769 
	16.46447347445322862 -9.562958375385052889 0.999953835355157139 
	17.06815226830438803 -8.440889250161060176 0.9999539875606175965 
	18.03761633745221005 -6.10039594619097425 0.9999542309795601547 
	18.40417365606746714 -4.88010788999435885 0.9999543223869340469 
	18.88496941067718993 -2.42631243030128374 0.9999544406814444564 
	18.99910506126997944 -1.192784888189779124 0.9999544675422945561 
	18.99910506126997944 1.192785157827268572 0.9999544630695061942 
	18.88496941067718993 2.426312699938776962 0.9999544315830800612 
	18.40417365606746714 4.880108159631848963 0.999954304088387147 
	18.03761633745221005 6.100396215828460811 0.9999542081063584886 
	17.06815226830438803 8.440889519798545848 0.9999539559157597512 
	16.46447347445323572 9.56295864502252968 0.9999537995063187967 
	15.06935200370976702 11.63802799266649401 0.9999534390059082734 
	14.27782240641166212 12.59096977498320236 0.999953234892754339 
	12.59096964987752898 14.27782253151736924 0.9999528005394027197 
	11.6380278675608011 15.06935212881551145 0.9999525554628465596 
	9.562958519916803013 16.46447359955902101 0.9999520224040716609 
	8.440889394692826286 17.06815239341018753 0.9999517344365599358 
	6.100396090722732367 18.0376164625580202 0.9999511343027658317 
	4.880108034526109861 18.4041737811732844 0.9999508216584997999 
	2.426312574833034752 18.88496953578301429 0.9999501934487227128 
	1.19278503272153702 18.99910518637580026 0.9999498778782256458 
	-1.192785013295496244 18.99910518637579671 0.9999492679830572772 
	-2.426312555406997529 18.88496953578300364 0.9999489528259203341 
	-4.88010801510006953 18.40417378117325953 0.9999483263590938087 
	-6.100396071296684042 18.03761646255799178 0.9999480150440651638 
	-7.27064272328173189 17.55288442798406834 0.999947716737676795 
	0.0004445327049654007037 
	
	cone 9.71292446236860564e-09 1.348187305048891399e-07 0.9999528859999952113 3.045574644806251234e-08 -8.590352056689773622e-09 -0.9999999999999995559 0 -18.99910505155709828 1.632090011549086341e-07 1 I I 0 1 0.9999528859999999852 forward I I I I 
	cone 0.00010381251729031879 7.910861362833724534e-06 0.9544904099040331102 5.705530074703945664e-06 4.064382850984766372e-07 -0.9999999999836408637 0 -18.95364547135936917 -7.703487161869833732e-06 1 I I -0.7071097468214417869 0.707103815539215308 0.9999528859999999852 forward I I I I 
	nullbs 
	nullbs 
	I I 
	0 
	0 
	0 
	} F 5.49708461600175724 F 51.75962842451075829 #
pcurve $-1 -1 $-1 0 forward { exppc nubs 1 open 2 
	-0 1 1.414142989619796342 1 
	-0.06426089290870395931 -0.2999554653310383401 
	1.349882096665387055 -0.2999548806634830811 
	1.004220352238668096e-10 
	cone 0.00010381251729031879 7.910861362833724534e-06 0.9544904099040331102 5.705530074703945664e-06 4.064382850984766372e-07 -0.9999999999836408637 0 -18.95364547135936917 -7.703487161869833732e-06 1 I I -0.7071097468214417869 0.707103815539215308 0.9999528859999999852 forward I I I I 
	} 0 0 #
intcurve-curve $-1 -1 $-1 forward { parcur full nubs 3 open 9 
	0 3 0.3648924696383754607 3 0.7289603763646406165 3 1.092639912358886578 3 1.315916033767474014 3 
	1.678927762730845208 3 2.042465794219143316 3 2.408073275678099368 3 2.631832067534948028 3 
	5.318438657058500496 -17.19545289237366248 1.644699090945493312e-06 
	7.409932976030603413 -16.54856796475725389 1.121049879945427611e-06 
	9.381183729547458938 -15.51625278845644473 9.218554974826285155e-07 
	11.10391721382755748 -14.16589077327041757 7.298763334293154802e-07 
	12.82275776455384175 -12.81858022811540465 5.383309927945375267e-07 
	14.29323969382173587 -11.15543295131609014 3.441776998169595916e-07 
	15.41989937204297689 -9.284189928186759033 1.088737594964653584e-08 
	16.54535718205260153 -7.414943060195664515 -3.220474092814291582e-07 
	17.32702008957138062 -5.339144079060748282 -7.81903916953122763e-07 
	17.71396483523803056 -3.191383635404249741 -1.146727468724866946e-06 
	17.95152431676257976 -1.872795224144297999 -1.370705943112792731e-06 
	18.04124769321736821 -0.5275551160495074443 -1.553691902048071557e-06 
	17.98087049679786631 0.8110309831884231491 -1.590889502123257396e-06 
	17.88270670604436674 2.987360682867655548 -1.651366928374518023e-06 
	17.38511243074476198 5.145195562702666869 -1.342019045096770946e-06 
	16.52038332336933735 7.144678105644901578 -9.790858021724760578e-07 
	15.65440051239075459 9.147059543104685275 -6.156263705140694062e-07 
	14.4207491159380865 10.9894173373336983 -1.874339080268408791e-07 
	12.89990224275046948 12.55237107552596321 2.431989453852334879e-07 
	11.37039790804717754 14.12422196968950416 6.762831878368797601e-07 
	9.551261600570477128 15.41272534089705282 1.079578902387914538e-06 
	7.561154024970405452 16.33396535816183359 1.345105767798876692e-06 
	6.343170013799602991 16.89778192025942971 1.507613302854783244e-06 
	5.061830592726632716 17.32482601230799801 1.622746714589253703e-06 
	3.748783894979944797 17.60443293196510695 1.69460358713367814e-06 
	0.0008239519139140054132 
	
	cone 0.00010381251729031879 7.910861362833724534e-06 0.9544904099040331102 5.705530074703945664e-06 4.064382850984766372e-07 -0.9999999999836408637 0 -18.95364547135936917 -7.703487161869833732e-06 1 I I -0.7071097468214417869 0.707103815539215308 0.9999528859999999852 forward I I I I 
	null_surface 
	nubs 3 open 5 
	0 3 0.6579580168837370069 1 1.315916033767474014 1 1.973874050651211132 1 2.631832067534948028 3 
	1.34995324907150227 -0.2999548806324314199 
	1.349985686452671141 -0.5192742171949289443 
	1.350042708538414571 -0.95779225017615921 
	1.350082693526770461 -1.615842264873462497 
	1.35004862912007062 -2.274063495510599608 
	1.349991497719340572 -2.712467599210768299 
	1.349960516223731588 -2.931786935983759612 
	
	nullbs 
	I I 
	0 
	0 
	1 1.315916033767474014 
	surf1 } F 0 F 2.63183206712562745 #
tedge-edge $-1 -1 $-1 $1036 -1.265583550180694939e-07 $1293 11.69999983569857882 $1060 $1296 forward @7 unknown 5.302133568233350619e-07 #
pcurve $-1 -1 $-1 0 forward { exppc nubs 1 open 2 
	-0.006677498609648174419 1 11.69999983569857882 1 
	-0.006677498609648263757 -1.491766970889168764 
	11.69999983569857882 -1.491766970889168098 
	0 
	cone -4.363003248251162542e-07 -18.99910424281333832 0.9999528859999911035 1.126607003664195104e-08 -3.065036792752296877e-08 0.9999999999999995559 0 2.999858449883668232 9.19467652194232139e-08 1 I I -0 -1 0.9999528859999999852 forward I I I I 
	} 0 0 #
DXID-attrib $-1 -1 $-1 $-1 $1064 @10 ASM ENTITY @2 27 #
cone-surface $-1 -1 $-1 3.776641662650298655e-07 2.102817839330349654e-07 98.54187639719418712 -5.777464233727771122e-08 3.373467582870847681e-09 0.9999999999999983347 0 15.09928892619667273 -5.093696171692533043e-08 1 I I 0 1 0.9999528859999999852 forward I I I I #
coedge $-1 -1 $-1 $1066 $1179 $1174 $1290 forward $983 $-1 #
ellipse-curve $-1 -1 $-1 7.775752833364717619e-07 2.35321121389409192e-07 12.69940146147411753 0 -2.220446049250312588e-16 1 -18.99910531233741295 0 0 0.9999999999999993339 F -1.412737071855376225 F 1.412737067688115244 #
edge $-1 -1 $-1 $1070 -1.491766907069527859 $1293 1.491766882666581306 $1096 $1297 forward @7 unknown #
point $-1 -1 $-1 -2.990495587893469143 -18.76227423592305144 12.69940146147411397 #
DXID-attrib $-1 -1 $-1 $-1 $1073 @10 ASM ENTITY @2 52 #
cone-surface $-1 -1 $-1 -4.363003248251162542e-07 -18.99910424281333832 0.9999528859999911035 1.126607003664195104e-08 -3.065036792752296877e-08 0.9999999999999995559 0 2.999858449883668232 9.19467652194232139e-08 1 I I 0 1 0.9999528859999999852 forward I I I I #
intcurve-curve $-1 -1 $-1 forward { exactcur full nubs 3 open 17 
	0 3 4.478511639770442088 1 7.334885196557150877 1 10.19125861304016922 1 13.04763454501304309 1 
	15.90400700754623742 1 18.76038336787717142 1 21.61675703646066893 1 24.47313052852110005 1 27.32950592191689765 1 
	30.18587959050039515 1 33.04225507137925177 1 35.89862834394244118 1 38.7550028354948779 1 41.61137717035787631 1 
	44.46775121602460246 1 48.94626219454183058 3 
	-3.748785392277373507 -17.60443559070867536 -8.62164464178386947e-15 
	-5.20876263975536169 -17.29401291801045915 -8.553012184691200515e-15 
	-7.539166470371791995 -16.48401180755960382 -8.37182088718026113e-15 
	-10.46786641049410704 -14.73529049528949209 -7.986647170860895184e-15 
	-12.66705608450724618 -12.89388021944033014 -7.567911382876038645e-15 
	-14.54719594792179826 -10.72776756392984687 -7.12375631133549841e-15 
	-16.06103475637750222 -8.291516283790880237 -6.445386277917993608e-15 
	-17.17042458091720647 -5.646469851354568803 -6.370904153600090875e-15 
	-17.84743071772563283 -2.859234469470853135 -3.838083812565669459e-15 
	-18.07501161934514755 2.556060754798755049e-07 -1.034608904517331534e-14 
	-17.84743081485914118 2.859234964814973523 -2.568328781942514648e-15 
	-17.17042486336308116 5.646470822690808689 -3.863367274990752183e-15 
	-16.06103410263373021 8.291516720981558564 -2.763213293963036411e-15 
	-14.54719698169829378 10.7277685832948606 -2.359670237556762781e-15 
	-12.66705490681684587 12.893879417104122 -1.841878484975693362e-15 
	-10.46786676130146887 14.73529130767369821 -1.442863477236169913e-15 
	-7.539166822035022975 16.48401315969224612 -1.051448808737925275e-15 
	-5.208763368984117292 17.29401561640519702 -8.729270533238011374e-16 
	-3.748785392277373507 17.60443458939782246 -8.037049727854074262e-16 
	0 
	
	null_surface 
	null_surface 
	nullbs 
	nullbs 
	I I 
	0 
	0 
	15 4.478511639770442088 7.334885196557150877 10.19125861304016922 13.04763454501304309 15.90400700754623742 18.76038336787717142 21.61675703646066893 24.47313052852110005 27.32950592191689765 30.18587959050039515 33.04225507137925177 35.89862834394244118 38.7550028354948779 41.61137717035787631 44.46775121602460246 
	F 1 F 0 } F 0 F 48.94626132856852507 #
DXID-attrib $-1 -1 $-1 $-1 $1077 @10 ASM ENTITY @2 24 #
loop $-1 -1 $-1 $-1 $1270 $1077 #
cone-surface $-1 -1 $-1 -2.303778313741982672e-07 -15.09929163108536088 109.6697649440806401 2.662146220425472496e-08 4.034400406872073635e-06 0.9999999999918616211 0 5.024847715579273455 -2.027224766836821726e-05 1 I I -0.7071092482964718151 0.7071043140680154382 0.9999528859999999852 forward I I I I #
coedge $-1 -1 $-1 $1151 $1241 $1298 $1299 reversed $1078 $-1 #
edge $-1 -1 $-1 $1160 47.32412604793979938 $970 48.94626358375739272 $1083 $1203 forward @7 unknown #
intcurve-curve $-1 -1 $-1 forward { exactcur full nubs 3 open 17 
	0 3 4.478511015520425964 1 7.334885880022290472 1 10.19125948369426915 1 13.04763553808152032 1 
	15.90400805564259556 1 18.76038316766011604 1 21.61675700506740228 1 24.47313236062920083 1 27.32950581485561159 1 
	30.18587965226289782 1 33.04225564373260937 1 35.89862735126347104 1 38.75500484607037066 1 41.61137753136213746 1 
	44.46775190698412672 1 48.94626358375739272 3 
	3.748784247922108293 17.60443458939782246 -8.037049727854074262e-16 
	5.208762493616619693 17.29401629018934017 -8.72926903955199122e-16 
	7.539165532539940706 16.48401245427182715 -1.051448965125812019e-15 
	10.46786655561463952 14.73529209962628883 -1.442863301878805699e-15 
	12.66705356998583554 12.89387818254444262 -1.841878759453976997e-15 
	14.54719858447158387 10.72776989360415101 -2.359669961798092816e-15 
	16.06103382512957012 8.291516381713488926 -2.763213407089235755e-15 
	17.17042330011276619 5.646470561054114157 -3.863367295280791091e-15 
	17.84743090521424946 2.859235105653397557 -2.568328625663718295e-15 
	18.07501021250148554 2.556061145578847868e-07 -1.034608902154560752e-14 
	17.84743080808051729 -2.859234610309234981 -3.838083718831663433e-15 
	17.17042301766677781 -5.64646958971795776 -6.370904057700124451e-15 
	16.06103447887295488 -8.291515944522418025 -6.445386240378838109e-15 
	14.54719755069533171 -10.72776887423884951 -7.123756617470976065e-15 
	12.6670547476761719 -12.89387898488106821 -7.567911109099788362e-15 
	10.46786620480683183 -14.73529128724185711 -7.986647347201080689e-15 
	7.539165180876867822 -16.48401110213886156 -8.371820730298478433e-15 
	5.208761764388667004 -17.29401359179588127 -8.553012334543150229e-15 
	3.748784247922108293 -17.60443559070867536 -8.62164464178386947e-15 
	0 
	
	null_surface 
	null_surface 
	nullbs 
	nullbs 
	I I 
	0 
	0 
	15 4.478511015520425964 7.334885880022290472 10.19125948369426915 13.04763553808152032 15.90400805564259556 18.76038316766011604 21.61675700506740228 24.47313236062920083 27.32950581485561159 30.18587965226289782 33.04225564373260937 35.89862735126347104 38.75500484607037066 41.61137753136213746 44.46775190698412672 
	F 1 F 0 } F 1.910511548800401802e-06 F 48.94626358375739272 #
point $-1 -1 $-1 -3.74878621923840738 17.60443431549263238 2.18798111381269571e-07 #
DXID-attrib $-1 -1 $-1 $-1 $1089 @10 ASM ENTITY @2 50 #
cone-surface $-1 -1 $-1 -4.363003781133107247e-07 18.99910435102095363 0.9999528859999995412 1.126607635907899224e-08 7.728987676489201926e-08 0.9999999999999970024 0 2.999858416814734419 -2.318586873477355738e-07 1 I I 0 1 0.9999528859999999852 forward I I I I #
coedge $-1 -1 $-1 $1231 $1091 $1300 $1301 reversed $980 $-1 #
coedge $-1 -1 $-1 $1154 $1153 $1091 $1209 reversed $922 $-1 #
edge $-1 -1 $-1 $1232 -11.82621801715170484 $1302 11.2785706832677608 $1091 $1303 forward @7 unknown #
coedge $-1 -1 $-1 $1093 $1092 $1227 $1304 reversed $888 $-1 #
coedge $-1 -1 $-1 $1111 $1305 $1092 $1212 forward $1006 $-1 #
edge $-1 -1 $-1 $1306 -1.570796326794896558 $1213 1.570796326794896558 $1211 $1307 forward @7 unknown #
vertex $-1 -1 $-1 $1095 $1308 #
vertex $-1 -1 $-1 $1155 $1309 #
straight-curve $-1 -1 $-1 -13.94029319828814906 6.999670728229111738 45.69784383858596755 -0.9999528859999999852 1.092309058771629548e-08 2.425413334109792868e-24 F -13.94095039367674538 F 4.771891421715399595 #
coedge $-1 -1 $-1 $1305 $1111 $1097 $1217 forward $1006 $-1 #
edge $-1 -1 $-1 $1113 -7.000002406892321005 $1219 7.00000140780494462 $1216 $1310 forward @7 unknown #
coedge $-1 -1 $-1 $1098 $1227 $1305 $1311 forward $1107 $-1 #
vertex $-1 -1 $-1 $1099 $1312 #
straight-curve $-1 -1 $-1 -11.04172444435358003 2.499881833548233345 59.69718805710349585 -0.9999528859999999852 0 0 F -11.04224507013956824 F 7.957754929860431758 #
coedge $-1 -1 $-1 $1300 $1100 $1102 $1223 forward $1107 $-1 #
straight-curve $-1 -1 $-1 -11.04172444435358003 -2.499882596451766581 59.69718805710349585 0.9999528859999999852 0 0 F -7.957754929860431758 F 11.04224507013956824 #
edge $-1 -1 $-1 $1103 -2.690722840172902863 $1313 1.809277159827097137 $1221 $1314 forward @7 unknown #
point $-1 -1 $-1 3.81451752576784194e-07 -2.499882596451766581 59.69718805710349585 #
vertex $-1 -1 $-1 $1236 $1315 #
straight-curve $-1 -1 $-1 3.81451752576784194e-07 -5.190478586439660091 45.69784383858596044 0 0.9999528859999999852 2.220341435155147929e-16 F -1.809277239299955653 F 2.690722760700044347 #
coedge $-1 -1 $-1 $1218 $1276 $1210 $1304 forward $1107 $-1 #
straight-curve $-1 -1 $-1 3.81451752576784194e-07 5.190478504699978402 45.69784383858596044 0 0.9999528859999999852 2.220341435155147929e-16 F -2.690723441895983115 F 1.809277313542219545 #
point $-1 -1 $-1 3.81451752576784194e-07 2.499881833548236898 45.69784383858596044 #
edge $-1 -1 $-1 $1214 1.212837126744604754 $1232 1.928755552529221262 $1115 $1316 forward @7 unknown #
coedge $-1 -1 $-1 $1116 $1207 $1121 $1236 reversed $980 $-1 #
vertex $-1 -1 $-1 $1209 $1317 #
straight-curve $-1 -1 $-1 -13.87447036043297643 -6.999670891346100987 45.69784383858596044 0.9999528859999996522 2.219038379713493961e-08 4.927255003369643016e-24 F -4.837717178803810469 F 13.87512445449828213 #
DXID-attrib $-1 -1 $-1 $-1 $1119 @10 ASM ENTITY @2 75 #
plane-surface $-1 -1 $-1 -12.58389685315891349 -2.225135347703694843e-07 59.69718805710349585 0 -2.220446049250312588e-16 1 0 -0.9999528859999999852 -2.220341435155147929e-16 forward_v I I I I #
edge $-1 -1 $-1 $1225 1.570796326794896558 $1313 4.712388980384689674 $1121 $1318 forward @7 unknown #
coedge $-1 -1 $-1 $1123 $1122 $1319 $1320 forward $912 $-1 #
edge $-1 -1 $-1 $1243 -1.458597473554113844 $1321 1.460697241837581428 $1122 $1322 forward @7 unknown #
coedge $-1 -1 $-1 $1148 $1323 $1123 $1240 reversed $1024 $-1 #
edge $-1 -1 $-1 $1324 1.680898051147852623 $1242 4.60019273112755922 $1123 $1325 forward @7 unknown #
coedge $-1 -1 $-1 $1201 $1124 $1323 $1326 forward $1078 $-1 #
vertex $-1 -1 $-1 $1326 $1327 #
vertex $-1 -1 $-1 $1152 $1328 #
ellipse-curve $-1 -1 $-1 -2.030905563030396483e-07 15.09928859739800799 112.6946872005859603 0 -2.220446049250312588e-16 1 5.324086386941865105e-08 1.99990538822004349 4.440682018147607709e-16 1 F 1.103617445189574831 F 5.179567768486171175 #
point $-1 -1 $-1 -17.40038653054181239 1.303979143924415496 112.6946872005859603 #
tcoedge-coedge $-1 -1 $-1 $1298 $1128 $1131 $1252 forward $1248 $1329 -11.86932336972924773 -0.06929264500781597003 #
tcoedge-coedge $-1 -1 $-1 $1128 $1298 $1135 $1257 forward $1248 $1330 0.06929263190782682102 11.86932330248969691 #
loop $-1 -1 $-1 $-1 $1128 $1331 #
ellipse-curve $-1 -1 $-1 -1.73388352625895141e-07 15.09928951080425641 99.89529483720701819 0 2.220446049250312588e-16 -1 -2.042467495963786761e-15 -2.999858672178397079 -6.661024336947809911e-16 0.9999999999999984457 F -1.471294448038953373 F 1.471294463930229224 #
coedge $-1 -1 $-1 $1131 $1130 $1149 $1273 forward $1132 $-1 #
pcurve $-1 -1 $-1 0 forward { exppc nubs 1 open 2 
	1.353484569505038371 1 13.15347999186829675 1 
	1.353484569505018165 -2.942588894077521111 
	13.15347999186826655 -2.942588894077521111 
	0 
	cone -9.958307894043526121e-07 2.019443485558329363e-07 98.54187416043826886 6.324192897574192796e-08 4.331667228308373937e-09 0.9999999999999980016 0 15.09928889890939274 -6.540509489416637937e-08 1 I I -0 -1 0.9999528859999999852 forward I I I I 
	} 0 0 #
tedge-edge $-1 -1 $-1 $1133 -11.86932336972924773 $1274 -0.06929264500781597003 $1246 $1332 forward @7 unknown 9.285782896471452498e-07 #
pcurve $-1 -1 $-1 0 forward { exppc nubs 1 open 2 
	0.06929264500781597003 1 11.86932336972924773 1 
	13.15351542246102312 -0.1990037004646156849 
	1.353484697739649301 -0.1990037475288363722 
	0 
	cone -9.958307894043526121e-07 2.019443485558329363e-07 98.54187416043826886 6.324192897574192796e-08 4.331667228308373937e-09 0.9999999999999980016 0 15.09928889890939274 -6.540509489416637937e-08 1 I I -0 -1 0.9999528859999999852 forward I I I I 
	} 0 0 #
face $1333 -1 $-1 $1331 $1132 $5 $-1 $1334 reversed double out #
point $-1 -1 $-1 2.985020488116997939 14.80129023754899364 99.89529483720701819 #
coedge $-1 -1 $-1 $1136 $1135 $1269 $1335 forward $1137 $-1 #
tedge-edge $-1 -1 $-1 $1336 0.06929263190782682102 $1138 11.86932330248969691 $1247 $1337 forward @7 unknown 8.517507763518452006e-07 #
pcurve $-1 -1 $-1 0 forward { exppc nubs 1 open 2 
	-11.86932330248969691 1 -0.06929263190782682102 1 
	1.353482430374345569 0.1990037304193100209 
	13.15351310095617876 0.1990037046498548401 
	0 
	cone 3.776641662650298655e-07 2.102817839330349654e-07 98.54187639719418712 -5.777464233727771122e-08 3.373467582870847681e-09 0.9999999999999983347 0 15.09928892619667273 -5.093696171692533043e-08 1 I I -0 -1 0.9999528859999999852 forward I I I I 
	} 0 0 #
pcurve $-1 -1 $-1 0 forward { exppc nubs 1 open 2 
	0.06929171422243683709 1 11.86932370243160939 1 
	13.1535143187154091 2.942588961986899676 
	1.353482330506247111 2.942588930479588694 
	0 
	cone 3.776641662650298655e-07 2.102817839330349654e-07 98.54187639719418712 -5.777464233727771122e-08 3.373467582870847681e-09 0.9999999999999983347 0 15.09928892619667273 -5.093696171692533043e-08 1 I I -0 -1 0.9999528859999999852 forward I I I I 
	} 0 0 #
point $-1 -1 $-1 -2.985020841932163993 14.80129028475488617 99.89529483720704661 #
coedge $-1 -1 $-1 $1270 $1338 $1140 $1262 reversed $1199 $-1 #
edge $-1 -1 $-1 $1263 13.85456927286575635 $1265 22.30735003372703318 $1140 $1339 forward @7 unknown #
tvertex-vertex $-1 -1 $-1 $1271 $1340 3.256031610819191583e-05 #
straight-curve $-1 -1 $-1 -2.985020844615476676 -14.80128951796318937 111.7640593283217356 -1.345949303384190598e-08 1.916148228486708659e-08 0.9999528859999996522 F -11.86932370243160939 F -0.06929171422243683709 #
tvertex-vertex $-1 -1 $-1 $1273 $1341 3.49481482072942407e-05 #
straight-curve $-1 -1 $-1 2.985020465032310444 -14.80128934089329107 98.5418740357739722 6.323894939550015907e-08 4.331463146138579063e-09 0.9999528859999979868 F 1.353484569505038371 F 13.15347999186829675 #
DXID-attrib $-1 -1 $-1 $-1 $1145 @10 ASM ENTITY @2 28 #
cone-surface $-1 -1 $-1 -2.572920855317045403e-07 -15.09928810012030098 111.7640593742108877 1.346012719427453731e-08 -1.916238510147875919e-08 -0.999999999999999778 0 -2.999858506948638315 5.748444396009692275e-08 1 I I 0 1 0.9999528859999999852 forward I I I I #
coedge $-1 -1 $-1 $1323 $1148 $1256 $1335 reversed $1024 $-1 #
coedge $-1 -1 $-1 $1319 $1261 $1148 $1271 forward $1199 $-1 #
edge $-1 -1 $-1 $1263 -25.19808752403158891 $1324 -23.24343178029429424 $1270 $1342 forward @7 unknown #
coedge $-1 -1 $-1 $1150 $1149 $1338 $1343 reversed $920 $-1 #
edge $-1 -1 $-1 $1265 -42.57801732638738201 $1274 -2.921274630034934372 $1250 $1344 forward @7 unknown #
tvertex-vertex $-1 -1 $-1 $1152 $1345 3.389053289008400434e-05 #
intcurve-curve $-1 -1 $-1 reversed { surfintcur full nubs 3 open 25 
	2.297814102230215649 3 4.595628204460431299 2 6.893442306690646504 2 9.191256408920862597 2 11.48907051115107691 2 
	13.78688461338129301 2 16.0846987156115091 2 17.23360576672661892 2 18.38251281784172519 2 19.10976304338426601 2 
	19.83701326892680683 2 20.56426349446934765 2 21.29151372001188847 2 22.01856839842229618 2 22.74562307683270035 2 
	23.47267775524310451 2 24.19973243365350868 2 25.34854850016590078 2 26.49736456667829287 2 28.79499669970307707 2 
	31.09262883272786127 2 33.39026096575264546 2 35.68789309877742966 2 37.98552523180221385 2 40.28315736482699805 3 
	-4.408046290463746075 3.321254135376682015 102.1186993427813405 
	-4.578233967887793909 3.904513329539369249 102.6053019427735364 
	-4.707489859230559404 4.500101227924588443 103.1021729247487286 
	-4.894540379264994634 5.705026687488485848 104.107353628719693 
	-4.952131491104266203 6.314186825281145055 104.6155176167279564 
	-4.999158668654262172 7.535135938869722771 105.6340131514961058 
	-4.988561668098269841 8.146925330268198095 106.1443457265471721 
	-4.898896484841909427 9.362456163572778323 107.1582778640702713 
	-4.820145037264666144 9.963253013695894111 107.6594216781991378 
	-4.591513063655000337 11.14340518315683859 108.643810081976909 
	-4.441841961330496247 11.72278436754931086 109.127074689489163 
	-4.059666491197858385 12.85163491138650471 110.0686488607071283 
	-3.828558358736713352 13.39992623820283946 110.5259744176885022 
	-3.395057628802973237 14.19157280443684499 111.1862778435427401 
	-3.235973792378727953 14.45014886879766181 111.4019531349139243 
	-2.877650152825670826 14.95400745454583102 111.8222157605034397 
	-2.678819462547145758 15.19946142336836914 112.0269462319547102 
	-2.303080429871381174 15.58334465764106014 112.3471404492518388 
	-2.139737076091970724 15.73261304488489642 112.4716445059363821 
	-1.780905687769434254 16.01066887995102306 112.7035709374589771 
	-1.585367751809587222 16.13941833604720699 112.8109616487755602 
	-1.16774655877960698 16.35681526287680398 112.9922957757463422 
	-0.945229790609113607 16.44555753467023962 113.0663183218226209 
	-0.4825820671698771158 16.56685463365831268 113.1674987470971132 
	-0.2424054571497268329 16.59930674455249289 113.1945709588255653 
	0.2423400047596021845 16.5993026444587457 113.1945750459860136 
	0.4824595290471389575 16.56686353032312198 113.1675210715598467 
	0.9450066404391900265 16.4456154136494348 113.0663925285824973 
	1.167479889224097178 16.35690918029818164 112.9924036441005484 
	1.585026057610199102 16.13959956045102118 112.8111439178814805 
	1.780532672167485231 16.01090144275931948 112.7037940118516133 
	2.139313607220246549 15.7329563381132882 112.4719505232812082 
	2.30263787541864362 15.58374737898508933 112.3474886512368016 
	2.678385884720302812 15.1999726161199824 112.0273614602910754 
	2.877242399509569282 14.95456557382831164 111.8226509804653404 
	3.235627958524833314 14.45079918116655548 111.402419803647561 
	3.394747815004599101 14.19226830950656826 111.1867558855444429 
	3.828374621008188594 13.40075604554447253 110.5264770276688324 
	4.059590726396995919 12.85255259778942438 110.0691552506591506 
	4.442039871671653373 11.72387567588741852 109.1275734995091113 
	4.591876424603674955 11.14458172613503883 108.6442972174427553 
	4.820902324930107063 9.964592842278863216 107.6598753558695307 
	4.899882242192424187 9.363874011041062317 107.1587097083774438 
	4.99007047714801466 8.148485503152519627 106.144727971341581 
	5.000960959688763197 7.536759109601884887 105.634366960535985 
	4.954580130411495809 6.315909261194613933 104.6158094590700074 
	4.897341900920090474 5.706785410656493696 104.1076119365148429 
	4.711046545981382394 4.501893818248507095 103.1023609135728236 
	4.582192886702765477 3.906303627411586543 102.6054531901562683 
	4.412423845862435634 3.32301545300101342 102.1188130983053242 
	0.0004313778662563574852 
	
	cone -2.231670185564717297e-07 15.09929005152907955 109.9406354246880255 2.662165918077945491e-08 -1.928197415164431609e-06 0.9999999999981408205 0 4.753965767118832453 9.166584503955769789e-06 1 I I -0.7071078856023313985 0.7071056767690386824 0.9999528859999999852 forward I I I I 
	cone 0.002124010854433017789 2.333990272287175812e-06 112.3953799127719719 -0.000138179533486701314 -1.450598348420089136e-07 0.9999999904531976513 0 15.79996669572354229 2.291940581271601708e-06 1 I I -0.7071708899973215834 -0.7070426665629141461 0.9999528859999999852 forward I I I I 
	nullbs 
	nullbs 
	I I 
	0 
	0 
	0 
	} F -25.19813627833948644 F -23.24351694761956111 #
coedge $-1 -1 $-1 $1227 $1300 $1153 $1277 forward $1107 $-1 #
edge $-1 -1 $-1 $1302 -1.938939183899978325 $1278 -1.20265349518511 $1276 $1346 forward @7 unknown #
vertex $-1 -1 $-1 $1155 $1347 #
intcurve-curve $-1 -1 $-1 reversed { surfintcur full nubs 3 periodic 33 
	0 3 1.331489585031390588 2 2.662979170062781176 2 3.994468755094171541 2 5.325958340125562351 2 
	6.692014724925963165 2 8.058071109726364867 2 9.424127494526764792 2 10.79018387932716649 2 12.2820834550300102 2 
	13.7739830307328539 2 15.26588260643569761 2 16.75778218213854132 2 18.19743167654236515 2 19.63708117094619254 2 
	21.07673066535001993 2 22.51638015975384377 2 23.84936343575560613 2 25.1823467117573685 2 26.51532998775913086 2 
	27.84831326376089322 2 29.36003739637943255 2 30.87176152899797543 2 32.38348566161651831 2 33.89520979423505764 2 
	35.24280769673082858 2 36.59040559922659952 2 37.93800350172237046 2 39.2856014042181414 2 40.59288825428188119 2 
	41.90017510434562098 2 43.20746195440936077 2 44.51474880447310056 3 
	-19.71407132693523678 -1.317959182418050227e-06 52.69751596721567921 
	-19.73081319083632224 -1.319003627476601001e-06 52.25402290633511626 
	-19.74827994249428897 0.04282797553570437399 51.79553006062473486 
	-19.78147777067550805 0.2230571710465310831 50.88402529528814 
	-19.79718047363971678 0.3604138493662905618 50.43100379673994382 
	-19.82003363666716567 0.7234954767706059942 49.56280156010432592 
	-19.82709537298983093 0.9495167016316601316 49.146914423786356 
	-19.82426592283811928 1.471695326114717428 48.37864769922327213 
	-19.81420916273875932 1.767885595816078848 48.02629107148153054 
	-19.77085957822995255 2.407175361326191254 47.39551260318133785 
	-19.73564362794474647 2.772415495916705108 47.09851582526341929 
	-19.62819208760264189 3.562912472095549621 46.58137484743028978 
	-19.55579540824103901 3.988127239043305572 46.36119981759581066 
	-19.36947818769025531 4.86626597861797805 46.01418750048746631 
	-19.25525260347024314 5.320091612543464521 45.88695378400109348 
	-18.98974598259540159 6.220932334122308838 45.72626716345146747 
	-18.83843138122811922 6.66792938568381377 45.6927686108540243 
	-18.49980451146370086 7.558238171594464205 45.70470186738867824 
	-18.29836544939701071 8.029538805678967606 45.75794579709727827 
	-17.85670361909195591 8.952012514061749471 45.95907222891842281 
	-17.61650320189560404 9.403223330181166517 46.10683068685088415 
	-17.11576184451549665 10.25877026574065809 46.48523240689219449 
	-16.85500094838552343 10.66363458532401509 46.71602611411102401 
	-16.3362881416488861 11.40787050513023004 47.24126939053070373 
	-16.078437574110783 11.74727967327236655 47.5357658048500582 
	-15.60018258797685142 12.33756895049441304 48.15027977837252138 
	-15.36050100992149048 12.61331406528724131 48.4922921404719105 
	-14.90593409760881727 13.10446856840959029 49.2437727533985381 
	-14.69118788357649485 13.31998951599413239 49.65325223357621098 
	-14.32208996330996698 13.66869235111431813 50.52079560100515465 
	-14.1677239134749442 13.80217408672755042 50.9797747607492937 
	-13.94924658336256584 13.97272265716626727 51.92212353593526331 
	-13.88552996984928711 14.00968503138259003 52.40560351034180542 
	-13.86098843013037829 13.98492405316328302 53.32911309524197918 
	-13.89274450463990718 13.9299109494432205 53.77939010032547174 
	-14.04015377659680297 13.73385076450194653 54.65953035950977323 
	-14.15549565478606553 13.59289506866580766 55.08946608018554514 
	-14.44602957396678988 13.23833934589579897 55.90236506709307207 
	-14.62118996827684825 13.02441840648346449 56.28630508667193766 
	-15.00025454442813277 12.54458463077210162 56.99064090994441756 
	-15.20399493844408489 12.27859684138098118 57.31107378783163142 
	-15.63527926803404355 11.68791228101252244 57.91452386184434431 
	-15.88148640347171892 11.33437037759003374 58.21334702225448154 
	-16.38144382634180118 10.56226301639521381 58.74085523112560736 
	-16.63507450967813028 10.1436537845827317 58.96958955661049373 
	-17.12550033454400022 9.262521916898855068 59.33852805435061839 
	-17.36251228023302673 8.799446912479840677 59.47886977393256558 
	-17.80149721350047187 7.856597082197717796 59.66110921495086217 
	-18.00345820590970192 7.376790501303778669 59.70287151345323196 
	-18.34224693596021183 6.486056156621319069 59.6909325529402679 
	-18.49386649504191382 6.046556685118784635 59.64662461329063348 
	-18.76669237139180524 5.163238491362326599 59.46701032821786725 
	-18.88793805519716784 4.719440184312635012 59.33166338464503298 
	-19.09548738409614899 3.862433979650102156 58.97199684590432867 
	-19.18210118489897553 3.448437547985992335 58.74730469417261958 
	-19.32435166357648981 2.680113461925953899 58.22495892883090818 
	-19.38015044847259105 2.325833343804258657 57.92727955419543662 
	-19.46796432402997468 1.707997455427682221 57.29986362341307427 
	-19.50337645626974492 1.42197131010682476 56.95103557214363832 
	-19.56230223743869345 0.9174595676456953619 56.1917780058001739 
	-19.58597798917391231 0.6989522425532707084 55.78137551832831775 
	-19.62766099800735731 0.3480199828558961372 54.92569615923093806 
	-19.6458054803754294 0.2153131484067465351 54.47974569598615346 
	-19.68077972922490559 0.04128685004842219675 53.58337396633906025 
	-19.69763378302239332 -1.31693372216690676e-06 53.13294757186469752 
	-19.71407132693523678 -1.317959182418050227e-06 52.69751596721567921 
	0.0003329796814719343957 
	
	cone -13.94029319828814906 6.99967072822911085 52.69751594784473525 -1 1.092360524245369064e-08 2.425527610417630205e-24 0 -1.554239428105123656e-15 6.999672109258769481 1 I I 0 1 0.9999528859999999852 forward I I I I 
	cone -2.272966120527121796e-07 1.285837630767327634e-07 58.3425399446720121 -4.35537054534567782e-09 -4.194434460361939986e-10 1 0 19.50097143684050494 8.179554660521771079e-09 1 I I -0.0377231369309520212 0.9992882291611808743 0.9999528859999999852 forward I I I I 
	nullbs 
	nullbs 
	I I 
	0 
	0 
	0 
	} F -33.79495077286583182 F -10.69016221368601904 #
point $-1 -1 $-1 -21.16465357637186173 1.586072214930846824 12.69940146147411753 #
straight-curve $-1 -1 $-1 5.613907857164525339 -18.15075842181940757 0.9999528859999912145 -0.2089278457545959145 0.6755016300615196423 -0.7070731767450257887 F -0 F 1.414142989619796342 #
vertedge-sys-attrib $-1 -1 $-1 $-1 $1160 4 $1031 $1084 $-1 $-1 #
point $-1 -1 $-1 5.318459031871557663 -17.19551853466317937 6.706486852180722853e-05 #
pcurve $-1 -1 $-1 0 forward { exppc nubs 1 open 2 
	-11.69999983569857882 1 0.006677498609648174419 1 
	-11.6999995570009343 -0.1580592047572523529 
	0.006677777307274657299 -0.1580591831768096145 
	0 
	cone 9.71292446236860564e-09 1.348187305048891399e-07 0.9999528859999952113 3.045574644806251234e-08 -8.590352056689773622e-09 -0.9999999999999995559 0 -18.99910505155709828 1.632090011549086341e-07 1 I I 0 1 0.9999528859999999852 forward I I I I 
	} 0 0 #
point $-1 -1 $-1 5.613907857164525339 -18.15075842181940757 0.9999528859999912145 #
intcurve-curve $-1 -1 $-1 forward { surfintcur full nubs 3 periodic 33 
	0 3 0.5650300008793921469 2 1.130060001758784294 2 1.69509000263817633 2 2.260120003517568588 2 
	2.825150004397547931 2 3.390180005277526831 2 3.955210006157505731 2 4.520240007037484631 2 5.085270007917470636 2 
	5.650300008797455753 2 6.21533000967744087 2 6.780360010557426875 2 7.345390011436826683 2 7.910420012316225602 2 
	8.475450013195624521 2 9.040480014075024329 2 9.605510014954418807 2 10.17054001583381151 2 10.73557001671320599 2 
	11.30060001759260047 2 11.86563001847257937 2 12.43066001935255649 2 12.99569002023253361 2 13.56072002111251251 2 
	14.12575002199249852 2 14.69078002287248452 2 15.25581002375247053 2 15.82084002463245476 2 16.38587002551185634 2 
	16.95090002639125615 2 17.51593002727065596 2 18.08096002815005576 3 
	-4.363004562693292355e-07 21.99896276783516313 0.9999458816171116204 
	0.188334023718189858 21.99896276783516313 0.9999458765371336266 
	0.3831015124780016157 21.98094135097578317 0.9999458973566467401 
	0.7705428652641365117 21.9050262387996888 0.999945996738616949 
	0.9632199090714905765 21.84714877275543188 0.9999460752775082284 
	1.332771449439258182 21.69407551273927837 0.9999462867735549043 
	1.509940242412195488 21.59875781720194965 0.9999464198991487862 
	1.837582740893582312 21.37847549994914687 0.9999467297644270003 
	1.988047219018154399 21.25349715396033901 0.9999469065242360122 
	2.254392366638803047 20.98715200633982292 0.9999472846892962785 
	2.379370712627768114 20.83668752821517955 0.9999474990116953288 
	2.599653029880814703 20.5090450297336524 0.9999479671092090793 
	2.694970725418230018 20.33187623676065314 0.9999482208706240716 
	2.848043985434515868 19.96232469639278406 0.9999487514222532569 
	2.905921451478803874 19.76964765258539458 0.9999490286349903556 
	2.981836563654939098 19.38220629979921128 0.9999495871590740048 
	2.999857980514329725 19.1874388110393852 0.999949868475461745 
	2.999857980514337275 18.81076989100210284 0.9999504134687768886 
	2.981836563654953753 18.61600240224227676 0.9999506957612955826 
	2.905921451478825634 18.22856104945608635 0.9999512583968619417 
	2.848043985434540737 18.03588400564869332 0.9999515387440754965 
	2.69497072541827265 17.66633246528083134 0.9999520775841952425 
	2.599653029880860444 17.48916367230783209 0.9999523365062025215 
	2.379370712627828954 17.16152117382631559 0.9999528165271600599 
	2.254392366638870548 17.01105669570166867 0.9999530376131102738 
	1.988047219018232781 16.74471154808114903 0.999953430188224468 
	1.837582740893667577 16.61973320209235183 0.9999536150867762707 
	1.509940242412291189 16.39945088483955615 0.999953942668492135 
	1.332771449439354106 16.30413318930221678 0.9999540853712428623 
	0.9632199090715971579 16.15105992928605971 0.9999543168366222812 
	0.7705428652642430931 16.0931824632418099 0.9999544057835663136 
	0.3831015124781081971 16.01726735106571198 0.9999545260865065899 
	0.1883340237182893062 15.99924593420633201 0.9999545574190992214 
	-0.1883348963190029091 15.99924593420633201 0.9999545675836313263 
	-0.3831023850788217722 16.01726735106571198 0.9999545467627658502 
	-0.7705437378649566682 16.0931824632418099 0.9999544473700199276 
	-0.963220781672310622 16.15105992928605971 0.9999543688217096271 
	-1.33277232204007845 16.30413318930221678 0.9999541573002118655 
	-1.509941115013019086 16.39945088483954905 0.9999540241585898048 
	-1.837583613494406354 16.61973320209235183 0.99995371425777968 
	-1.988048091618974667 16.74471154808115614 0.9999535374785024633 
	-2.254393239239623536 17.01105669570167578 0.9999531592749717479 
	-2.379371585228585051 17.16152117382632269 0.9999529449322264174 
	-2.599653902481627199 17.48916367230784275 0.999952476795561207 
	-2.694971598019042958 17.66633246528084555 0.9999522230153861102 
	-2.848044858035328808 18.03588400564870753 0.9999516924314328925 
	-2.905922324079617258 18.22856104945609701 0.9999514152051285354 
	-2.981837436255756035 18.61600240224228742 0.999950856661385612 
	-2.999858853115146662 18.81076989100210994 0.9999505753389136276 
	-2.999858853115153767 19.18743881103939586 0.9999500303410223667 
	-2.981837436255770246 19.38220629979922194 0.9999497480498555912 
	-2.905922324079642127 19.76964765258541235 0.9999491854250651679 
	-2.84804485803535723 19.96232469639280538 0.9999489050872766294 
	-2.69497159801908559 20.33187623676067091 0.9999483662726084132 
	-2.599653902481677381 20.50904502973366661 0.9999481073666243169 
	-2.379371585228645447 20.83668752821518666 0.9999476273811981342 
	-2.254393239239683933 20.98715200633983002 0.9999474063147185676 
	-1.988048091619045721 21.25349715396034256 0.9999470137780750445 
	-1.837583613494480961 21.37847549994914687 0.9999468288998705212 
	-1.509941115013104573 21.59875781720194965 0.9999465013573062278 
	-1.33277232204017082 21.69407551273927837 0.9999463586733186027 
	-0.9632207816724031035 21.84714877275543898 0.9999461272402631051 
	-0.7705437378650525915 21.9050262387996888 0.9999460383068765612 
	-0.3831023850789177509 21.98094135097578317 0.9999459180235958922 
	-0.188334896319102385 21.99896276783516669 0.9999458866970896143 
	-4.363004562693292355e-07 21.99896276783516313 0.9999458816171116204 
	0.0001465672004719546643 
	
	cone -4.363003781133107247e-07 18.99910435102095363 0.9999528859999995412 1.126607635907899224e-08 7.728987676489201926e-08 0.9999999999999970024 0 2.999858416814734419 -2.318586873477355738e-07 1 I I 0 1 0.9999528859999999852 forward I I I I 
	cone -1.319961539612467706e-06 18.99908826921843286 0.03253955671597415916 -3.949512816626472296e-07 -5.776876604771714732e-06 0.9999999999832358544 0 3.967276238943395317 2.29184652898030243e-05 1 I I -0.707109396808311752 0.7071041655551079108 0.9999528859999999852 forward I I I I 
	nullbs 
	nullbs 
	I I 
	0 
	0 
	0 
	} F 4.7542974352755909 F 13.32666292602036862 #
intcurve-curve $-1 -1 $-1 forward { parcur full nubs 3 open 2 
	0 3 0.750967720601802502 3 
	-3.748786007474667947 17.60443436052331023 6.563943358067273796e-07 
	-3.644476957031685949 17.82432737590993455 0.1744362770848376654 
	-3.522269307515785819 18.02712224652239925 0.3488718060705415236 
	-3.385849832175375607 18.21036700203735492 0.5233072277306217712 
	1.152724236953445089e-05 
	
	cone -1.319961539612467706e-06 18.99908826921843286 0.03253955671597415916 -3.949512816626472296e-07 -5.776876604771714732e-06 0.9999999999832358544 0 3.967276238943395317 2.29184652898030243e-05 1 I I -0.707109396808311752 0.7071041655551079108 0.9999528859999999852 forward I I I I 
	null_surface 
	nubs 1 open 2 
	0 1 0.750967720601802502 1 
	-0.04600580400388176727 1.926959151911695534 
	0.6940939000223920186 1.799660505076433159 
	
	nullbs 
	I I 
	0 
	0 
	0 
	surf1 } F 0 F 0.750967720601802502 #
DXID-attrib $-1 -1 $-1 $-1 $1172 @10 ASM ENTITY @2 25 #
cone-surface $-1 -1 $-1 -1.319961539612467706e-06 18.99908826921843286 0.03253955671597415916 -3.949512816626472296e-07 -5.776876604771714732e-06 0.9999999999832358544 0 3.967276238943395317 2.29184652898030243e-05 1 I I -0.707109396808311752 0.7071041655551079108 0.9999528859999999852 forward I I I I #
edge $-1 -1 $-1 $1182 1.649825773419005381 $1176 4.633359423049915549 $1191 $1348 forward @7 unknown #
point $-1 -1 $-1 -2.990495472378380093 18.76227448483412985 12.69940146147412285 #
intcurve-curve $-1 -1 $-1 forward { parcur full nubs 3 open 2 
	0 3 0.7509663279377352119 3 
	3.385850099773781263 18.21036711741938419 0.5233067191618672176 
	3.522269367157169206 18.02712220619823569 0.3488717431496769494 
	3.644476793014794325 17.82432720390941228 0.1744366485860379679 
	3.748785605208059923 17.6044340844406193 1.448179605406414863e-06 
	1.152725445461411064e-05 
	
	cone -1.319961539612467706e-06 18.99908826921843286 0.03253955671597415916 -3.949512816626472296e-07 -5.776876604771714732e-06 0.9999999999832358544 0 3.967276238943395317 2.29184652898030243e-05 1 I I -0.707109396808311752 0.7071041655551079108 0.9999528859999999852 forward I I I I 
	null_surface 
	nubs 1 open 2 
	0 1 0.7509663279377352119 1 
	0.6940893982656253236 4.483525049464899936 
	-0.04600887213863810721 4.356226283402915733 
	
	nullbs 
	I I 
	0 
	0 
	0 
	surf1 } F 3.520608061068781817e-09 F 0.7509663279377352119 #
tvertex-vertex $-1 -1 $-1 $1180 $1349 2.657588485180343082e-07 #
ellipse-curve $-1 -1 $-1 -3.466025132492463306e-07 2.353211107317703138e-07 12.69940146147411753 0 -2.220446049250312588e-16 1 -18.99910505155710538 -7.88823738828323211e-31 -1.75154055443621048e-46 0.9999999999999994449 F 1.728855532100519454 F 4.554329778750231483 #
point $-1 -1 $-1 2.990494930078585689 18.76227481270903041 12.69940146147410331 #
straight-curve $-1 -1 $-1 2.990494871732436 -18.76227406742917481 0.9999528595677933396 1.126553924701824315e-08 -3.064892386608842641e-08 0.9999528859999995412 F -1.265583550180694939e-07 F 11.69999983569857882 #
ellipse-curve $-1 -1 $-1 -3.044935176736585858e-07 -18.99910460140574031 12.69940146147411397 0 2.220446049250312588e-16 -1 -1.035878689100340446e-15 2.999858449883671341 6.661023843354364377e-16 0.9999999999999996669 F -1.491766907069527859 F 1.491766882666581306 #
coedge $-1 -1 $-1 $1247 $1246 $1201 $1299 forward $1248 $-1 #
edge $-1 -1 $-1 $1274 4.81408970062853836 $1336 13.26687160202363458 $1298 $1350 forward @7 unknown #
coedge $-1 -1 $-1 $1276 $1221 $1207 $1301 forward $1107 $-1 #
edge $-1 -1 $-1 $1313 -13.87512445449828213 $1302 4.272373436890856802 $1300 $1351 forward @7 tangent #
vertex $-1 -1 $-1 $1277 $1352 #
intcurve-curve $-1 -1 $-1 reversed { surfintcur full nubs 3 periodic 33 
	0 3 1.439649501742663151 2 2.879299003485326303 2 4.318948505227989898 2 5.758598006970652605 2 
	7.250497593568751675 2 8.742397180166850745 2 10.23429676676494893 2 11.72619635336304711 2 13.0922527419039465 2 
	14.45830913044484589 2 15.82436551898574528 2 17.19042190752664467 2 18.5219114926246391 2 19.85340107772263707 2 
	21.18489066282063504 2 22.51638024791862946 2 23.82366709758315437 2 25.13095394724768283 2 26.43824079691221129 2 
	27.74552764657673976 2 29.09312555394654254 2 30.44072346131634887 2 31.78832136868615521 2 33.13591927605595799 2 
	34.64764342353242199 2 36.15936757100888599 2 37.67109171848534999 2 39.18281586596181398 2 40.51579914418221051 2 
	41.84878242240261415 2 43.18176570062301778 2 44.51474897884341431 3 
	-13.87278670010075388 -13.99682841517924992 52.88512251296823763 
	-13.8855295395820999 -14.00968519531467749 52.40560350562724068 
	-13.94924615577238747 -13.97272282121680576 51.92212352983083434 
	-14.16772349567647993 -13.8021742520531987 50.97977475335675024 
	-14.32208955259614847 -13.66869251759035464 50.52079559370473305 
	-14.69118748955659903 -13.3199896859375464 49.65325222719585696 
	-14.90593371320154148 -13.10446874066727929 49.2437727478564895 
	-15.3605006457566855 -12.61331424304814774 48.49229213680298756 
	-15.60018223444924068 -12.33756913143700373 48.1502797757430443 
	-16.07843724250466977 -11.74727986051454565 47.535765803565873 
	-16.33628782234059074 -11.40787069551846145 47.24126938959992117 
	-16.85500065480984233 -10.66363478202350734 46.71602611369542046 
	-17.11576156437747187 -10.25877046560256645 46.48523240663972445 
	-17.61650294915242299 -9.403223535853976855 46.10683068673884577 
	-17.85670338031694371 -8.95201272239656376 45.95907222879111487 
	-18.29836523839781748 -8.029539018428952346 45.75794579693983621 
	-18.49980431427382044 -7.558238386096952866 45.70470186721911432 
	-18.83843120883468458 -6.667929604393933118 45.69276861097728215 
	-18.98974582221000063 -6.220932555430517041 45.72626716350691822 
	-19.25525246712287597 -5.32009183794267404 45.88695378380868561 
	-19.3694780633715915 -4.8662662055115673 46.01418750011997361 
	-19.55579530700108037 -3.98812746789144601 46.36119981711893701 
	-19.62819199743691811 -3.562912701407403571 46.58137484702341169 
	-19.73564355818236393 -2.772415725449719925 47.09851582547518944 
	-19.77085951779723771 -2.407175590621287942 47.39551260394232912 
	-19.81420911844438493 -1.767885825206007677 48.02629107303839362 
	-19.82426588597409989 -1.471695555770273556 48.37864770079037413 
	-19.82709534920304151 -0.9495169315686204925 49.14691442544703648 
	-19.82003361852887124 -0.7234957067264233821 49.5628015618476212 
	-19.79718046456839176 -0.3604140792794985892 50.43100379866146454 
	-19.78147776503012878 -0.2230574008976654865 50.88402529730738877 
	-19.74827994134297882 -0.04282820527084815754 51.79553006280272598 
	-19.73081319075184226 1.089322631610958225e-06 52.25402290857390142 
	-19.69763378294209843 1.087342683878577605e-06 53.13294757399270196 
	-19.68077972811992993 -0.04128707957039542964 53.58337396830074795 
	-19.6458054749422999 -0.2153133776964116786 54.47974569755152174 
	-19.62766098927169267 -0.3480202119823678775 54.92569616056617576 
	-19.58597797170764565 -0.6989524711641579291 55.78137551914637982 
	-19.5623022145374712 -0.9174597959031220995 56.19177800633040221 
	-19.50337642082562795 -1.421971537325454893 56.95103557204834033 
	-19.46796428147715829 -1.707997681957793334 57.29986362297947267 
	-19.38015039039755294 -2.325833569700119341 57.92727955431757891 
	-19.32435159645476119 -2.680113688027716545 58.22495892956871444 
	-19.182101097968701 -3.44843777396206308 58.74730469560493162 
	-19.09548728640323745 -3.862434205289998701 58.97199684741579517 
	-18.88793793498958706 -4.719440408406530452 59.3316633859627558 
	-18.76669223941005527 -5.163238714243460592 59.46701032926636543 
	-18.49386633939010949 -6.046556904581298575 59.64662461376644131 
	-18.3422467684131405 -6.486056373876150971 59.69093255311710777 
	-18.00345801295133441 -7.376790715934353315 59.70287151335833187 
	-17.80149700594083129 -7.856597296216962789 59.66110921431894809 
	-17.3625120430369897 -8.799447124161511979 59.47886977176622025 
	-17.12550008231116294 -9.262522126855026627 59.33852805119122564 
	-16.63507422775730404 -10.14365399032073078 58.96958955127672652 
	-16.38144352975673002 -10.56226321962861547 58.74085522461786724 
	-15.88148607872141937 -11.33437057554045424 58.21334701328829908 
	-15.63527892977967859 -11.68791247618833751 57.91452385159552563 
	-15.20399457833700652 -12.27859702932846631 57.31107377718186058 
	-15.00025417482173751 -12.54458481443540485 56.99064090052497988 
	-14.62118958056259999 -13.02441858267552099 56.28630507982098408 
	-14.44602917763908323 -13.23833951890616945 55.90236506158147733 
	-14.15549524343494348 -13.5928952367541207 55.08946607693918196 
	-14.04015335883178217 -13.73385093085026476 54.6595303571855311 
	-13.89274407774135689 -13.92991111368104384 53.77939009887291633 
	-13.86098800053872893 -13.98492421703134525 53.3291130937315927 
	-13.87278670010075388 -13.99682841517924992 52.88512251296823763 
	0.0003329796863610737278 
	
	cone -13.87447036043297643 -6.999670891346100987 52.69751594784472815 -0.999999999999999778 -2.219142932413611733e-08 -4.927487156999557976e-24 0 -1.554239428105123656e-15 6.999672109258769481 1 I I 0 1 0.9999528859999999852 forward I I I I 
	cone -2.272966120527121796e-07 1.285837630767327634e-07 58.3425399446720121 -4.35537054534567782e-09 -4.194434460361939986e-10 1 0 19.50097143684050494 8.179554660521771079e-09 1 I I -0.0377231369309520212 0.9992882291611808743 0.9999528859999999852 forward I I I I 
	nullbs 
	nullbs 
	I I 
	0 
	0 
	0 
	} F -11.82621801715170484 F 11.2785706832677608 #
edge $-1 -1 $-1 $1278 -4.206547678481292962 $1306 13.94095039367675959 $1227 $1353 forward @7 tangent #
coedge $-1 -1 $-1 $1211 $1216 $1218 $1311 reversed $1006 $-1 #
vertex $-1 -1 $-1 $1212 $1354 #
ellipse-curve $-1 -1 $-1 3.81451752576784194e-07 6.999670575950846185 52.69751594784473525 -1 0 0 0 6.999672109258771258 1.554239428105123853e-15 0.999999999999999778 F -1.570796326794896558 F 1.570796326794896558 #
point $-1 -1 $-1 3.814517454716916262e-07 6.999670575950847073 45.69784383858596755 #
point $-1 -1 $-1 -18.71195979711110624 6.999670780352916566 45.69784383858596755 #
straight-curve $-1 -1 $-1 3.81451752576784194e-07 2.499881833548236898 52.69751644736488316 0 -2.220341435155147929e-16 0.9999528859999999852 F -7.000002406892321005 F 7.00000140780494462 #
edge $-1 -1 $-1 $1306 -1.809277393015078061 $1219 2.690723362423124598 $1218 $1355 forward @7 unknown #
point $-1 -1 $-1 3.81451752576784194e-07 2.499881833548233345 59.69718805710349585 #
vertex $-1 -1 $-1 $1301 $1356 #
straight-curve $-1 -1 $-1 3.81451752576784194e-07 -5.1904786659087776 59.69718805710349585 0 -0.9999528859999999852 -2.220341435155147929e-16 F -2.690722840172902863 F 1.809277159827097137 #
point $-1 -1 $-1 3.81451752576784194e-07 -6.999670583451762518 45.69784383858596044 #
ellipse-curve $-1 -1 $-1 -1.689395344245664302e-07 1.342038309241104248e-07 45.69784383858596044 0 -2.220446049250312588e-16 1 -3.284741146251860521e-09 19.97830879431199236 4.436075683303284124e-15 1 F 1.212837126744604754 F 1.928755552529221262 #
point $-1 -1 $-1 -18.7119596150296239 -6.999670998696906565 45.69784383858596755 #
ellipse-curve $-1 -1 $-1 3.81451752576784194e-07 -6.999670583451762518 52.69751594784472815 -1 0 0 0 6.999672109258771258 1.55423942810512405e-15 0.9999999999999996669 F 1.570796326794896558 F 4.712388980384689674 #
coedge $-1 -1 $-1 $1338 $1270 $1237 $1320 reversed $1199 $-1 #
edge $-1 -1 $-1 $1321 -2.037976107525566682 $1324 2.037976307517014085 $1237 $1357 forward @7 unknown #
vertex $-1 -1 $-1 $1343 $1358 #
ellipse-curve $-1 -1 $-1 -0.0001423484763387852152 -4.521670268225867988e-08 112.6946872005859603 0 2.220446049250312588e-16 -1 16.09931985569353685 0.01690148729487419427 3.752884069035775826e-18 0.999999980902932295 F -1.458597473554113844 F 1.460697241837581428 #
coedge $-1 -1 $-1 $1239 $1269 $1241 $1326 reversed $1024 $-1 #
vertex $-1 -1 $-1 $1271 $1359 #
ellipse-curve $-1 -1 $-1 0.000142390702852592259 -4.521733858804571077e-08 112.6946872005859603 0 2.220446049250312588e-16 -1 16.09932019689384219 -0.01685928018613010518 -3.74351220824966596e-18 0.999999980811545619 F 1.680898051147852623 F 4.60019273112755922 #
edge $-1 -1 $-1 $1242 -19.33727134038110052 $1336 -17.38265160897299921 $1241 $1360 forward @7 unknown #
point $-1 -1 $-1 -1.785600474638477486 15.99998456834240024 112.6946872005852924 #
point $-1 -1 $-1 1.785600200631871415 15.9999843063104521 112.6946872005852782 #
pcurve $-1 -1 $-1 0 forward { exppc nubs 1 open 2 
	-11.86932336972924773 1 -0.06929264500781597003 1 
	11.86932336972927615 -1.471294602600578427 
	0.06929264500784290681 -1.471294602600578427 
	0 
	cone -3.070579480854294855e-07 15.09928879328637308 111.7640589800322175 1.126230100930053941e-08 6.045430460059850261e-08 -0.9999999999999982236 0 -2.999858672178385977 -1.813543699266194076e-07 1 I I 0 1 0.9999528859999999852 forward I I I I 
	} 0 0 #
pcurve $-1 -1 $-1 0 forward { exppc nubs 1 open 2 
	0.06929263190782682102 1 11.86932330248969691 1 
	0.06929263190781954906 1.471294605800010702 
	11.86932330248968981 1.471294605800010924 
	0 
	cone -3.070579480854294855e-07 15.09928879328637308 111.7640589800322175 1.126230100930053941e-08 6.045430460059850261e-08 -0.9999999999999982236 0 -2.999858672178385977 -1.813543699266194076e-07 1 I I 0 1 0.9999528859999999852 forward I I I I 
	} 0 0 #
face $1361 -1 $-1 $164 $1248 $5 $-1 $1362 forward double out #
straight-curve $-1 -1 $-1 2.985020423156667491 14.80128997913957356 111.7640589956350681 -1.126177039725078728e-08 -6.045145635649154026e-08 0.9999528859999982089 F -11.86932336972924773 F -0.06929264500781597003 #
DXID-attrib $-1 -1 $-1 $-1 $1254 @10 ASM ENTITY @2 29 #
cone-surface $-1 -1 $-1 -9.958307894043526121e-07 2.019443485558329363e-07 98.54187416043826886 6.324192897574192796e-08 4.331667228308373937e-09 0.9999999999999980016 0 15.09928889890939274 -6.540509489416637937e-08 1 I I 0 1 0.9999528859999999852 forward I I I I #
edge $-1 -1 $-1 $1336 2.92126984122110045 $1263 42.5780140023405238 $1256 $1363 forward @7 unknown #
tvertex-vertex $-1 -1 $-1 $1335 $1364 3.393721744955513795e-05 #
straight-curve $-1 -1 $-1 -2.985021038225992296 14.80128998868995005 111.7640589283986969 1.126177039725078728e-08 6.045145635649154026e-08 -0.9999528859999982089 F 0.06929263190782682102 F 11.86932330248969691 #
coedge $-1 -1 $-1 $1261 $1319 $1272 $1343 forward $1199 $-1 #
intcurve-curve $-1 -1 $-1 forward { surfintcur full nubs 3 periodic 33 
	0 3 0.5650291884357029337 2 1.130058376871405867 2 1.69508756530710869 2 2.260116753742811735 2 
	2.825146416295923224 2 3.390176078849034269 2 3.955205741402145314 2 4.520235403955256359 2 5.085265748757819892 2 
	5.650296093560382538 2 6.215326438362945183 2 6.780356783165508716 2 7.345387618697072796 2 7.910418454228636875 2 
	8.475449289760200955 2 9.040480125291765034 2 9.605510972570108663 2 10.17054181984845052 2 10.73557266712679237 2 
	11.300603514405136 2 11.86563388756695403 2 12.43066426072877206 2 12.9956946338905901 2 13.56072500705240813 2 
	14.12575469796480654 2 14.69078438887720495 2 15.25581407978960513 2 15.82084377070200354 2 16.38587297088451677 2 
	16.95090217106702823 2 17.51593137124953969 2 18.08096057143205115 3 
	-1.76469909439279418e-07 -12.09942959450012978 111.6947325595773179 
	0.1883340127469321501 -12.0994295995156449 111.6947325595790943 
	0.3831012300431000384 -12.11745096924967413 111.6947326044126498 
	0.7705420728685608012 -12.19336588110055786 111.694732793269651 
	0.9632188781524464449 -12.25124319405842499 111.6947329372527236 
	1.332770004050201074 -12.40431605547687255 111.6947333180552704 
	1.509938620027761136 -12.49963350488775049 111.6947335551779616 
	1.83758084716702963 -12.71991525975096948 111.6947341031755343 
	1.988045231020785675 -12.84489328938741437 111.6947344140845502 
	2.254390393698166406 -13.11123787949744823 111.6947350766719183 
	2.379368837324432828 -13.26170212794307091 111.6947354509826482 
	2.599651420477178121 -13.58934417761462754 111.6947362660590954 
	2.694969284224822292 -13.76651275146798525 111.6947367068018195 
	2.848042943494240475 -14.13606388561913008 111.694737626134696 
	2.905920640771837871 -14.32874074169804857 111.6947381054569632 
	2.981836263277657828 -14.71618176612983397 111.6947390692936324 
	2.999857959286622577 -14.91094911427736314 111.6947395538159782 
	2.99985854188575285 -15.28761803617857673 111.6947404908541444 
	2.981837404900616217 -15.48238566778844039 111.6947409753768028 
	2.905922805773582418 -15.86982735444459713 111.694741939213543 
	2.848045572954438498 -16.06250458925753577 111.6947424185355118 
	2.694972717116577599 -16.43205654363680424 111.6947433378672088 
	2.599655192736938236 -16.6092255602286798 111.6947437786090518 
	2.379373147901309604 -16.93686851779506597 111.6947445936831826 
	2.254394903122054483 -17.08733323137647275 111.6947449679925342 
	1.988049774037739859 -17.35367895309172326 111.6947456305772732 
	1.837585200609729297 -17.47865762636734388 111.6947459414848254 
	1.509942426730072285 -17.69894052851663702 111.694746489478689 
	1.332773453738423708 -17.79425848175196734 111.6947467265991492 
	0.9632214908159996147 -17.94733216339857407 111.6947471073964948 
	0.7705442034275911123 -18.00520979400453925 111.69474725137664 
	0.383102328800044134 -18.08112512868860833 111.6947474402273457 
	0.1883345617527687477 -18.09914660338159464 111.6947474850574764 
	-0.1883349186084919136 -18.09914661341264974 111.6947474850540232 
	-0.3831026905363442703 -18.08112514834479612 111.6947474402203113 
	-0.7705445765658914814 -18.00520983128103225 111.6947472513625144 
	-0.9632218704752438798 -17.94733220867199464 111.6947471073788165 
	-1.332773847520151378 -17.79425854085869219 111.6947467265746923 
	-1.50994282813475067 -17.69894059346651005 111.6947464894509636 
	-1.837585617646315228 -17.47865770058582058 111.6947459414510604 
	-1.988050199082919356 -17.35367903073390039 111.6947456305407229 
	-2.254395347650907766 -17.08733330959701746 111.6947449679510243 
	-2.37937360351217464 -16.9368685927515692 111.6947445936393706 
	-2.599655668101442885 -16.60922562577154693 111.6947437785611044 
	-2.69497320115577077 -16.43205660303267024 111.694743337817485 
	-2.848046071116072664 -16.06250463424171926 111.6947424184828606 
	-2.905923309404379484 -15.86982739112801255 111.6947419391597691 
	-2.981837915811593298 -15.48238568670656079 111.6947409753215794 
	-2.999859054603856379 -15.28761804563122695 111.6947404907985231 
	-2.999858472004669707 -14.91094910482471825 111.6947395537602858 
	-2.981836774188527883 -14.71618174721170647 111.6947390692382527 
	-2.905921144402425327 -14.32874070501462604 111.6947381054028767 
	-2.848043441655618846 -14.13606384063495547 111.6947376260816611 
	-2.694969768263677956 -13.76651269207213879 111.6947367067515842 
	-2.599651895841284421 -13.58934411207182613 111.6947362660105938 
	-2.379369292934839564 -13.26170205298666005 111.6947354509381682 
	-2.254390838226547178 -13.11123780127700655 111.6947350766297404 
	-1.988045656065471345 -12.84489321174538468 111.6947344140473177 
	-1.837581264203128617 -12.71991518553263489 111.6947341031411156 
	-1.509939021431959905 -12.49963343993801246 111.694733555149682 
	-1.332770397831449127 -12.40431599637028803 111.6947333180302735 
	-0.9632192578112147574 -12.25124314878510212 111.6947329372346758 
	-0.7705424460063887704 -12.19336584382416611 111.6947327932551843 
	-0.3831015917789205028 -12.1174509495935272 111.6947326044054307 
	-0.188334369602168622 -12.09942958948461822 111.6947325595755558 
	-1.76469909439279418e-07 -12.09942959450012978 111.6947325595773179 
	0.0001465673529396635327 
	
	cone -2.303778313741982672e-07 -15.09929163108536088 109.6697649440806401 2.662146220425472496e-08 4.034400406872073635e-06 0.9999999999918616211 0 5.024847715579273455 -2.027224766836821726e-05 1 I I -0.7071092482964718151 0.7071043140680154382 0.9999528859999999852 forward I I I I 
	cone -2.572920855317045403e-07 -15.09928810012030098 111.7640593742108877 1.346012719427453731e-08 -1.916238510147875919e-08 -0.999999999999999778 0 -2.999858506948638315 5.748444396009692275e-08 1 I I -0 -1 0.9999528859999999852 forward I I I I 
	nullbs 
	nullbs 
	I I 
	0 
	0 
	0 
	} F 13.85456927286575635 F 22.30735003372703318 #
point $-1 -1 $-1 -2.985012750153732686 -14.80128353992035883 111.6947708783759339 #
point $-1 -1 $-1 2.985012945552028008 -14.80128518506129964 111.6947680017887734 #
intcurve-curve $-1 -1 $-1 reversed { surfintcur full nubs 3 open 25 
	2.297757864885051404 3 4.595515729770102809 2 6.893273594655154213 2 9.191031459540205617 2 11.48878932442525702 2 
	13.78654718931030843 2 16.08430505419536161 2 17.23318398663788642 2 18.38206291908041123 2 19.10932743924897892 2 
	19.8365919594175466 2 20.56385647958611429 2 21.29112099975468553 2 22.01816696667312812 2 22.74521293359156715 2 
	23.47225890051000619 2 24.19930486742844522 2 25.34815913575662449 2 26.49701340408480377 2 28.79472194074116587 2 
	31.09243047739752797 2 33.39013901405388651 2 35.68784755071024506 2 37.98555608736660361 2 40.28326462402296215 3 
	4.408003290810713182 -3.321146520544063119 102.1186121232907169 
	4.578192961074424083 -3.904391086874513306 102.6052030427427439 
	4.707452473862321796 -4.499964763037341164 103.1020625876481063 
	4.89451292966767415 -5.70486314709388509 104.1072213581565364 
	4.952110363734190557 -6.314010444768564767 104.615374860288938 
	4.999152639606087689 -7.534935871280431741 105.6338508832347856 
	4.988564413609128501 -8.146714416096578759 106.1441744324786498 
	4.898919208555732929 -9.362226167393179921 107.1580905051290245 
	4.820178829177917734 -9.963015591295681261 107.6592279553936891 
	4.591571310670200745 -11.14315655383363257 108.6436065081023372 
	4.44191354995463783 -11.72253195009303894 109.1268676220735756 
	4.059768736629674635 -12.85137823958411829 110.0684374473780451 
	3.828677426283280116 -13.39966957228560851 110.5257625464028024 
	3.395209670943249769 -14.19131883318583753 111.1860674641202991 
	3.2361381060276595 -14.44989631411913322 111.4017436748197838 
	2.877844475193107598 -14.95375922773676791 111.8220093743444323 
	2.679031326839470317 -15.19921601046190496 112.0267419187856603 
	2.303324841029332326 -15.58311382186976601 112.3469478508489203 
	2.139991204928454849 -15.73239361160732308 112.4714612416324258 
	1.781179579756311249 -16.01047770761138267 112.7034109114801907 
	1.585651718030906654 -16.13924404989876038 112.8108155503110765 
	1.168048287723742806 -16.3566811843012907 112.9921829492489849 
	0.9455395443304555059 -16.44544674915923466 113.0662248161756338 
	0.4829012521506769184 -16.56679558444494305 113.1674482535910613 
	0.2427260540558978663 -16.59927619652631492 113.194544205217511 
	-0.2420212634613148894 -16.59932779625696853 113.1945947713753355 
	-0.4821440464266886217 -16.56691689639598764 113.1675643829208013 
	-0.9447041115078397278 -16.44571942460466829 113.0664782553686791 
	-1.167187060050605796 -16.35703567861938623 112.9925082473519353 
	-1.584754036756831352 -16.13976424325481673 112.8112806483397748 
	-1.780272100834017213 -16.01108179173352042 112.7039439671956558 
	-2.139075181776918466 -15.73316226509637517 112.4721221371961803 
	-2.302410175735735809 -15.58396324611611305 112.3476687223239736 
	-2.678193119376036435 -15.20019901026747178 112.0275507185797039 
	-2.877068192596619056 -14.95479215652109417 111.8228406368872783 
	-3.235485128090262563 -14.45102483617419153 111.402609140771915 
	-3.394617598547463366 -14.19249274787855164 111.1869444216200975 
	-3.82827766474876352 -13.40097527627436236 110.5266618136305681 
	-4.059509799197495106 -12.85276657695570179 110.0693359867256191 
	-4.441986639911659651 -11.72407490232162175 109.1277424347028813 
	-4.591834345734693734 -11.14477195765976525 108.6444588231597095 
	-4.820879151997436551 -9.964761631095646166 107.6600192476363134 
	-4.899866774982085005 -9.364030345152439594 107.1588432098042176 
	-4.990067188533473086 -8.148612977330294882 106.1448372150066888 
	-5.000962022692347908 -7.536871091071634332 105.6344630979462664 
	-4.954586466319443439 -6.315988840851117558 104.6158780317137058 
	-4.897349162332925943 -5.706848081367689396 104.1076660504749327 
	-4.711051811637889664 -4.501921954860797825 103.1023853671164972 
	-4.582195265264999762 -3.906314171781721356 102.6054624687479446 
	-4.412420787870837913 -3.32300841381550871 102.1188071564043014 
	0.0004314755742639940625 
	
	cone -2.303778313741982672e-07 -15.09929163108536088 109.6697649440806401 2.662146220425472496e-08 4.034400406872073635e-06 0.9999999999918616211 0 5.024847715579273455 -2.027224766836821726e-05 1 I I -0.7071092482964718151 0.7071043140680154382 0.9999528859999999852 forward I I I I 
	cone -0.002129385205833030439 2.333989568883009267e-06 112.3953798742360135 0.0001385097406881837315 -1.450597878868252298e-07 0.9999999904075153045 0 15.79996686875573175 2.291939864585971256e-06 1 I I -0.7071709881899082006 -0.7070425683525064509 0.9999528859999999852 forward I I I I 
	nullbs 
	nullbs 
	I I 
	0 
	0 
	0 
	} F -25.19808752403158891 F -23.24343178029429424 #
edge $-1 -1 $-1 $1321 -19.3375421944316237 $1265 -17.38287890959731641 $1338 $1365 forward @7 unknown #
intcurve-curve $-1 -1 $-1 reversed { surfintcur full nubs 3 open 23 
	-8.532442639864669331 3 -5.688295093243112888 2 -2.844147546621556444 2 0 3 2.843820976494755293 2 
	5.687641952989510585 2 8.531462929484266766 2 11.37528390597902117 2 14.21887415093622842 2 17.06246439589343566 2 
	19.90605464085064469 2 22.74964488580785371 2 25.59323545089831242 2 28.43682601598877113 2 31.28041658107922984 2 
	34.12400714616968855 2 36.96782889542905082 2 39.81165064468842019 2 42.65547239394778956 2 45.49929414320715182 2 
	48.34344246244424426 2 51.18759078168133669 2 54.03173910091842913 3 
	-8.423163103640842309 12.53151458660976481 111.6949037777089018 
	-7.598487483289434685 13.08582725313378603 111.6948964706042489 
	-6.706631921959019138 13.5655116927706807 111.6948885651540166 
	-4.846359534111251754 14.33578802431699728 111.6948720675174656 
	-3.876461118124066463 14.6269933926770701 111.6948634621637666 
	-1.926181196442749766 15.00885445549487329 111.6948461498639915 
	-0.9457836925714896426 15.09942843788536493 111.6948374427652766 
	0.002220812953633471629 15.09928899448454942 111.6948290194469706 
	0.9501164668996804341 15.09914956709487655 111.6948205970958554 
	1.930378286787407527 15.00830799862663945 111.6948118831204511 
	3.880341223704749432 14.62595707848587523 111.6947945405468943 
	4.850058352326319877 14.33452938933986509 111.6947859118170783 
	6.70993812428985148 13.5638684818834161 111.6947693547698179 
	7.601581761434880846 13.08402159808478515 111.6947614132964048 
	9.25049842312908055 11.97513859057489327 111.6947467214330345 
	10.00772500812279731 11.34603341248644881 111.6947399714963041 
	11.34805823123759083 10.0054216047348028 111.6947280200971306 
	11.97696197123489625 9.248129147789734716 111.694722410241738 
	13.08544195551593248 7.599126160676222597 111.6947125198693271 
	13.56508723612727962 6.707462038620982447 111.6947082387795831 
	14.33535993779836382 4.847586302609414588 111.6947013622975931 
	14.62660063242400277 3.877893897989859617 111.6946987614585112 
	15.00860577925359429 1.928019339221830997 111.6946953493178967 
	15.09928859825065572 0.9478211929803694868 111.6946945387520174 
	15.0992888715257898 -0.9478164284232712955 111.6946945370722233 
	15.00860631474223439 -1.928014707662740523 111.6946953459011809 
	14.62660164792707107 -3.877889577121245601 111.6946987545775301 
	14.33536117115092523 -4.847582159420131376 111.6947013536890552 
	13.56508884631279166 -6.707458280220003566 111.6947082268392251 
	13.08544372487004992 -7.599122609967960962 111.694712506321963 
	11.97696399305788262 -9.248126022972876115 111.6947223936975462 
	11.34806034631295191 -10.00541869810700391 111.6947280021631741 
	10.00772713892574117 -11.34603103670212576 111.6947399510759311 
	9.250500464991722183 -11.97513651673938817 111.6947466998311427 
	7.60158354679059034 -13.0840200624737335 111.6947613895766267 
	6.709939742150263342 -13.56386718263131108 111.694769330113516 
	4.850059577490090312 -14.33452847488118032 111.6947858856141949 
	3.880342222684885378 -14.62595631304554011 111.6947945137327736 
	1.930378801685541879 -15.0083074315501328 111.6948118554453231 
	0.9501167238743141175 -15.09914904925775581 111.6948205691712559 
	-0.9457839506993080958 -15.0994279200483561 111.6948374146838319 
	-1.926181712448539862 -15.00885388841999024 111.6948461218695172 
	-3.876462118131449586 -14.6269926272447055 111.6948634347256188 
	-4.846360760267365286 -14.33578710987110583 111.6948720405486029 
	-6.706633540753071721 -13.5655103935428798 111.6948885394963611 
	-7.598489269555029679 -13.08582571755390944 111.6948964457896665 
	-8.423165018141297367 -12.53151278192414786 111.694903753891623 
	0.0003719333774951919707 
	
	cone 0.002124010854433017789 2.333990272287175812e-06 112.3953799127719719 -0.000138179533486701314 -1.450598348420089136e-07 0.9999999904531976513 0 15.79996669572354229 2.291940581271601708e-06 1 I I -0.7071708899973215834 -0.7070426665629141461 0.9999528859999999852 forward I I I I 
	cone -9.958307894043526121e-07 2.019443485558329363e-07 98.54187416043826886 6.324192897574192796e-08 4.331667228308373937e-09 0.9999999999999980016 0 15.09928889890939274 -6.540509489416637937e-08 1 I I -0 -1 0.9999528859999999852 forward I I I I 
	nullbs 
	nullbs 
	I I 
	0 
	0 
	0 
	} F -42.57801732638738201 F -2.921274630034934372 #
point $-1 -1 $-1 2.985011999238966318 14.80128375628126314 111.6947696150600393 #
ellipse-curve $-1 -1 $-1 -2.299987569216571144e-07 1.283235319554399801e-07 59.69718805710349585 0 2.220446049250312588e-16 -1 -3.197849416391924584e-09 19.4498334620828075 4.318730586945830107e-15 1 F -1.938939183899978325 F -1.20265349518511 #
point $-1 -1 $-1 -18.14664268948211756 6.999670774177614518 59.69718805710351006 #
ellipse-curve $-1 -1 $-1 -3.044934963583808293e-07 18.99910525526989247 12.69940146147412285 0 2.220446049250312588e-16 -1 2.612137683679779649e-15 2.999858416814752182 6.661023769926614464e-16 0.9999999999999971134 F 1.649825773419005381 F 4.633359423049915549 #
point $-1 -1 $-1 2.990494972170116839 -18.76227416302193518 12.69940146147411042 #
intcurve-curve $-1 -1 $-1 forward { surfintcur full nubs 3 periodic 33 
	0 3 0.5650304171727862368 2 1.130060834345572474 2 1.69509125151835871 2 2.260121668691144947 2 
	2.825151851093722133 2 3.390182033496299319 2 3.955212215898876504 2 4.52024239830145369 2 5.085272267775396315 2 
	5.650302137249339829 2 6.215332006723283342 2 6.780361876197225968 2 7.345391537893492639 2 7.910421199589759311 2 
	8.475450861286025983 2 9.040480522982292655 2 9.605510203765312838 2 10.17053988454833124 2 10.73556956533134965 2 
	11.30059924611436983 2 11.86562916166777271 2 12.43065907722117736 2 12.995688992774582 2 13.56071890832798488 2 
	14.12574913680997568 2 14.69077936529196649 2 15.25580959377395729 2 15.82083982225594632 2 16.38587025851543899 2 
	16.95090069477492989 2 17.51593113103442079 2 18.08096156729391168 3 
	-1.764699769376590242e-07 18.0991474696553567 111.6947406963564333 
	0.1883344223065944456 18.09914746150590403 111.6947406994920868 
	0.3831020497586840046 18.08112601122189034 111.6947406807709058 
	0.7705436628919982711 18.0052107812974711 111.6947405946987004 
	0.9632208283671960247 17.94733323098131805 111.6947405273674718 
	1.332772580679591368 17.79425975858835329 111.6947403469596338 
	1.509941464417173584 17.69894193464482157 111.6947402337393385 
	1.837584103476700426 17.47865932799628297 111.6947399707215993 
	1.988048631379401909 17.35368082097746978 111.694739820907273 
	2.254393778139485605 17.08733539069650931 111.694739500729213 
	2.379372080161100023 16.93687079574300114 111.6947393194289759 
	2.599654276661711894 16.60922806880585867 111.6947389237769812 
	2.694971895436144571 16.43205916420946977 111.6947387094366775 
	2.848044972753493553 16.06250741598416454 111.6947382615884123 
	2.905922332764228511 15.86983027566157212 111.6947380277238153 
	2.981837210790375003 15.48238875245560919 111.6947375567874587 
	2.999858499511367516 15.28762118979811291 111.6947373197115496 
	2.999858232289538407 14.91095225305607386 111.6947368606405036 
	2.981836687160046129 14.71618482041477449 111.6947366229646263 
	2.905921339738849696 14.32874360095250665 111.6947361495007272 
	2.848043766694087431 14.13606663434455513 111.694735913709053 
	2.694970320865288649 13.76651526233481704 111.6947354607640222 
	2.599652546432292155 13.58934656081013514 111.694735243249923 
	2.379370103020778338 13.26170425029881628 111.6947348402631945 
	2.254391709793651 13.11123986869000291 111.6947346548015503 
	1.988046547625371474 12.84489495744451659 111.6947343257550642 
	1.837582106675038407 12.71991674564488406 111.694734170930758 
	1.509939718389939012 12.49963466522418898 111.6947338970034593 
	1.332770998404676499 12.40431707237076964 111.6947337778838971 
	0.9632196300119449939 12.25124397619338268 111.6947335851708374 
	0.7705426856645225531 12.19336657157347759 111.6947335114238911 
	0.3831015457897912757 12.1174515355907495 111.6947334124505886 
	0.1883341704930610871 12.09943013344845397 111.694733387243943 
	-0.1883345297947443542 12.0994301171495664 111.6947333809726217 
	-0.3831019130216709034 12.11745150365252321 111.6947333996937033 
	-0.770543071422916892 12.19336651100505264 111.6947334857656529 
	-0.9632200263658761141 12.251243902631197 111.6947335530966541 
	-1.332771417705463257 12.40431697633166586 111.6947337335041084 
	-1.509940150076859666 12.49963455969087711 111.694733846724148 
	-1.837582563761386067 12.71991662505153897 111.6947341097413471 
	-1.988047017724430043 12.84489483128820986 111.6947342595553323 
	-2.254392211550700242 13.11123974159390038 111.694734579732895 
	-2.379370622784398481 13.26170412850627756 111.6947347610329331 
	-2.599653098292596276 13.58934645431331312 111.6947351566845867 
	-2.694970886820675204 13.76651516582588286 111.6947353710247484 
	-2.848044355596325961 14.13606656125238281 111.6947358188727151 
	-2.905921937527673027 14.32874354134777661 111.6947360527371558 
	-2.98183729677813103 14.71618478967593724 111.694736523673285 
	-2.999858844843976691 14.91095223769717393 111.6947367607490946 
	-2.999859112065812905 15.28762120515738943 111.694737219820226 
	-2.981837820408477668 15.48238878319480705 111.6947374574962737 
	-2.905922930553090922 15.86983033526663078 111.694737930960585 
	-2.848045561655778268 16.06250748907665482 111.6947381667524439 
	-2.694972461391595075 16.43205926071869527 111.6947386196979295 
	-2.599654828522087069 16.60922817530297024 111.6947388372122276 
	-2.379372599924816534 16.93687091753580276 111.6947392401993824 
	-2.254394279896655195 17.08733551779286586 111.6947394256612114 
	-1.98804910147859526 17.35368094713401277 111.6947397547082232 
	-1.837584560563165548 17.47865944858983411 111.6947399095327995 
	-1.509941896104214809 17.69894204017830219 111.6947401834605813 
	-1.332772999980509576 17.79425985462760096 111.6947403025803283 
	-0.9632212247212799117 17.94733330454360498 111.6947404952936864 
	-0.7705440486505560349 18.0052108418659742 111.6947405690407322 
	-0.3831024169907518706 18.08112604316015037 111.6947406680141626 
	-0.18833478160848377 18.09914747780481292 111.6947406932208082 
	-1.764699769376590242e-07 18.0991474696553567 111.6947406963564333 
	0.0001465672756314774213 
	
	cone -2.231670185564717297e-07 15.09929005152907955 109.9406354246880255 2.662165918077945491e-08 -1.928197415164431609e-06 0.9999999999981408205 0 4.753965767118832453 9.166584503955769789e-06 1 I I -0.7071078856023313985 0.7071056767690386824 0.9999528859999999852 forward I I I I 
	cone -3.070579480854294855e-07 15.09928879328637308 111.7640589800322175 1.126230100930053941e-08 6.045430460059850261e-08 -0.9999999999999982236 0 -2.999858672178385977 -1.813543699266194076e-07 1 I I -0 -1 0.9999528859999999852 forward I I I I 
	nullbs 
	nullbs 
	I I 
	0 
	0 
	0 
	} F 4.81408970062853836 F 13.26687160202363458 #
straight-curve $-1 -1 $-1 -13.87447036043297643 -6.99967089134610454 59.69718805710349585 -0.9999528859999996522 -2.219038379713493961e-08 -4.927255003369643016e-24 F -13.87512445449828213 F 4.272373436890856802 #
point $-1 -1 $-1 -18.14664250872172957 -6.999670986151718566 59.69718805710349585 #
straight-curve $-1 -1 $-1 -13.94029319828814906 6.99967072822911085 59.69718805710350296 0.9999528859999999852 -1.092309058771629548e-08 -2.425413334109792868e-24 F -4.206547678481292962 F 13.94095039367675959 #
point $-1 -1 $-1 3.814517596818767618e-07 6.999670575950846185 59.69718805710350296 #
straight-curve $-1 -1 $-1 3.81451752576784194e-07 5.190478425230860005 59.69718805710349585 0 -0.9999528859999999852 -2.220341435155147929e-16 F -1.809277393015078061 F 2.690723362423124598 #
point $-1 -1 $-1 3.81451752576784194e-07 -6.999670583451766959 59.69718805710349585 #
ellipse-curve $-1 -1 $-1 -2.030907303778081689e-07 -15.09928749580900664 112.6946872005859603 0 -2.220446049250312588e-16 1 5.324096689326124191e-08 1.999904350998178426 4.440679715052415726e-16 1 F -2.037976107525566682 F 2.037976307517014085 #
point $-1 -1 $-1 1.785598332537011057 -15.99998460509507936 112.6946872005830045 #
point $-1 -1 $-1 -1.785598606543176814 -15.99998486712805246 112.6946872005830471 #
intcurve-curve $-1 -1 $-1 reversed { surfintcur full nubs 3 open 25 
	2.297631992025257475 3 4.595263984050514949 2 6.892895976075772424 2 9.190527968101029899 2 11.48815996012628737 2 
	13.78579195215154485 2 16.08342394417680055 2 17.23223994018943017 2 18.3810559362020598 2 19.1081105694460831 2 
	19.83516520269010286 2 20.56221983593412261 2 21.28927446917814592 2 22.01652503580192644 2 22.7437756024257105 2 
	23.47102616904949457 2 24.19827673567327508 2 25.34718391541063909 2 26.49609109514800309 2 28.79390545462272755 2 
	31.091719814097452 2 33.38953417357218001 2 35.68734853304690091 2 37.98516289252162892 2 40.28297725199635693 3 
	-4.412427102556229386 3.323016359165182898 102.1188133418546613 
	-4.582195807639088514 3.906304543770287907 102.6054534869929569 
	-4.711049154584254772 4.501894726096900001 103.1023612589226133 
	-4.897343949208752711 5.70678627940182448 104.107612365530855 
	-4.954581930396714462 6.315910099006218914 104.6158099230195262 
	-5.000962329750215041 7.53675987494887778 105.6343674779681692 
	-4.990071665481297991 8.148486226953314926 106.1447285073321893 
	-4.899883128201566684 9.363874651337775745 107.1587102635779445 
	-4.820903090878413622 9.964593441125860096 107.6598759119410715 
	-4.591877000280281784 11.14458224725828117 108.6442977545652582 
	-4.4420403771355641 11.72387616074740535 109.1275740168409101 
	-4.05959112666597477 12.85255301786706106 110.0691557046492619 
	-3.828374986399607494 13.40075643726374111 110.526477438316121 
	-3.39474814151338844 14.19226866438330603 111.1867562102480633 
	-3.235628274311931563 14.45079952468851303 111.4024200962040112 
	-2.877242695766735636 14.95456589601587716 111.822651200779589 
	-2.67838617215571162 15.19997292835746094 112.0273616405157924 
	-2.30263814791322563 15.58374767487470791 112.3474887582214592 
	-2.139313873898237794 15.73295662709717391 112.471950598698669 
	-1.780532928162713802 16.01090171674196583 112.7037940206330404 
	-1.585026308686792174 16.13959982629018697 112.811143891556469 
	-1.167480134355106447 16.35690942919399404 112.9924035493864807 
	-0.945006884344741227 16.44561565377966517 113.0663924005999661 
	-0.4824597793758109709 16.56686375543526069 113.1675208878735361 
	-0.2423402627885355709 16.599302863370756 113.1945748399784861 
	0.2424052977542785481 16.59930695998285444 113.1945707304902982 
	0.4825820093674407785 16.56685481801953586 113.167498490838355 
	0.945229910068111856 16.44555761251433879 113.066317989453978 
	1.167746753863974307 16.35681526513841888 112.992295395062925 
	1.585368070549515229 16.1394181556116898 112.8109611592777242 
	1.780906054521482318 16.01066859216548366 112.7035703872559509 
	2.139737510974026424 15.73261252555095702 112.4716438291417973 
	2.303080884853047738 15.58334401409317671 112.3471397065206787 
	2.678819856561071688 15.19946054511795808 112.0269453932954207 
	2.877650465085197062 14.95400647180965592 111.8222149012771069 
	3.235973917173451397 14.45014768537766869 111.4019522473685697 
	3.395057647916791765 14.19157152493091445 111.1862769484100824 
	3.828558026180417517 13.39992467964334821 110.5259735124507046 
	4.059665878339371758 12.85163317916450865 110.0686479654521435 
	4.441840699430043671 11.72278230672092292 109.1270738279428372 
	4.591511433391064934 11.14340296863759505 108.6438092449335358 
	4.820142588179422205 9.963250517132216544 107.6594208958395882 
	4.898893585285552632 9.362453538727663727 107.1582771119820023 
	4.988557793185339762 8.146922482108982067 106.1443450349393913 
	4.999154271036402086 7.535132998261174997 105.6340124916165166 
	4.952125994523376207 6.314183749126818235 104.6155170207152025 
	4.894534306502066556 5.705023568209703022 104.1073530648399696 
	4.707482599734759354 4.500098084333200354 103.1021724250808518 
	4.578226098310446801 3.904510204834823917 102.6053014753057937 
	4.408037802693761442 3.321251068603090495 102.1186989085340429 
	0.0004313778945049535473 
	
	cone -2.231670185564717297e-07 15.09929005152907955 109.9406354246880255 2.662165918077945491e-08 -1.928197415164431609e-06 0.9999999999981408205 0 4.753965767118832453 9.166584503955769789e-06 1 I I -0.7071078856023313985 0.7071056767690386824 0.9999528859999999852 forward I I I I 
	cone -0.002129385205833030439 2.333989568883009267e-06 112.3953798742360135 0.0001385097406881837315 -1.450597878868252298e-07 0.9999999904075153045 0 15.79996686875573175 2.291939864585971256e-06 1 I I -0.7071709881899082006 -0.7070425683525064509 0.9999528859999999852 forward I I I I 
	nullbs 
	nullbs 
	I I 
	0 
	0 
	0 
	} F -19.33727134038110052 F -17.38265160897299921 #
DXID-attrib $-1 -1 $-1 $-1 $1331 @10 ASM ENTITY @2 30 #
cone-surface $-1 -1 $-1 -3.070579480854294855e-07 15.09928879328637308 111.7640589800322175 1.126230100930053941e-08 6.045430460059850261e-08 -0.9999999999999982236 0 -2.999858672178385977 -1.813543699266194076e-07 1 I I 0 1 0.9999528859999999852 forward I I I I #
intcurve-curve $-1 -1 $-1 reversed { surfintcur full nubs 3 open 23 
	-54.03173015742522267 3 -51.18758146022966571 2 -48.34343276303410875 2 -45.49928406583855178 2 -42.65546268255161522 2 
	-39.81164129926467155 2 -36.96781991597772787 2 -34.12399853269079131 2 -31.28040886022813538 2 -28.43681918776547235 2 
	-25.59322951530280932 2 -22.74963984284015339 2 -19.90605049113815994 2 -17.06246113943616649 2 -14.21887178773417304 2 
	-11.37528243603217959 2 -8.53146182702414535 2 -5.6876412180160969 2 -2.84382060900804845 2 0 3 
	2.84414792306631492 2 5.68829584613262984 2 8.532443769198945205 3 
	8.423161211680829652 -12.53151501044314031 111.6949038067633779 
	7.598485213977977715 -13.08582780058404538 111.694896494975012 
	6.706629242012338565 -13.5655122926326257 111.6948885846478561 
	4.846356010584856655 -14.33578857265688278 111.6948720771856927 
	3.876457159988582646 -14.6269938374532309 111.6948634668752192 
	1.926176389270819467 -15.00885454150412457 111.6948461449004242 
	0.945778470962329143 -15.0994282685286425 111.6948374330833076 
	-0.9501222075128236133 -15.09914876246643445 111.6948205785325854 
	-1.930384132793433682 -15.00830683979776481 111.6948118600912352 
	-3.880347196732121695 -14.62595516251562522 111.6947945089042662 
	-4.850064347022601474 -14.33452707047860208 111.6947858760265717 
	-6.709944068240193182 -13.56386533846326259 111.6947693113055351 
	-7.601587633277985034 -13.08401803219598314 111.6947613663001562 
	-9.250504059735266793 -11.97513419045324312 111.6947466682037771 
	-10.00773048153901357 -11.346028600572728 111.6947399155665437 
	-11.34806307437795603 -10.0054162407775582 111.6947279597040392 
	-11.97696637124849239 -9.248123667475780962 111.6947223479327533 
	-13.08544547930682711 -7.599120549265262703 111.694712454631059 
	-13.56509032677349857 -6.70745641239658319 111.6947081725277542 
	-14.33536220544640294 -4.847580744295731492 111.6947012950436289 
	-14.62660250935597617 -3.877888422954924419 111.6946986942154041 
	-15.00860694586745936 -1.928014112280109993 111.6946952830950721 
	-15.09928944533698214 -0.9478161308954229369 111.6946944735392719 
	-15.0992891715265074 0.9478208952419263644 111.6946944746833879 
	-15.00860640932980949 1.928018743367972965 111.6946952854221138 
	-14.62660149186357827 3.877892742743504151 111.694698698904773 
	-14.33536096967777773 4.847584886056841569 111.6947013009125413 
	-13.5650887134337701 6.707460168615466678 111.6947081806774946 
	-13.08544370648670707 7.599124097384505561 111.6947124638839739 
	-11.97696434546498701 9.248126788869209136 111.6947223592508323 
	-11.34806095515943625 10.00541914355447304 111.6947279719840367 
	-10.00772834656215693 11.3460309714660994 111.6947399295757606 
	-9.250502013873010299 11.97513625880615251 111.6947466830392131 
	-7.601585844425294169 13.08401956126984622 111.6947613826274051 
	-6.709942447210993421 13.5638666307150757 111.6947693282984631 
	-4.850063119459529837 14.33452797718300431 111.6947858941312859 
	-3.88034619579588691 14.62595591990969268 111.6947945274558833 
	-1.930383616887772158 15.00830739843931561 111.6948118792885083 
	-0.9501219500360768011 15.09914927177210586 111.6948205979283273 
	-0.002226418626637860065 15.0992890167610625 111.6948290247973716 
	0.9457782123273384967 15.09942877783418425 111.6948374526363494 
	1.92617587225262854 15.00885510014400026 111.6948461644179815 
	3.876456158020531895 14.62699459483922659 111.6948634860528102 
	4.846354782024986818 14.33578947934836911 111.6948720960587025 
	6.706627620045246374 13.56551358485992154 111.6948886026452072 
	7.598483424211228687 13.08582932962652734 111.6948965124004474 
	8.423159293427969985 12.53151680911864219 111.6949038235046885 
	0.0003719334457862143303 
	
	cone -0.002129385205833030439 2.333989568883009267e-06 112.3953798742360135 0.0001385097406881837315 -1.450597878868252298e-07 0.9999999904075153045 0 15.79996686875573175 2.291939864585971256e-06 1 I I -0.7071709881899082006 -0.7070425683525064509 0.9999528859999999852 forward I I I I 
	cone 3.776641662650298655e-07 2.102817839330349654e-07 98.54187639719418712 -5.777464233727771122e-08 3.373467582870847681e-09 0.9999999999999983347 0 15.09928892619667273 -5.093696171692533043e-08 1 I I -0 -1 0.9999528859999999852 forward I I I I 
	nullbs 
	nullbs 
	I I 
	0 
	0 
	0 
	} F 2.92126984122110045 F 42.5780140023405238 #
point $-1 -1 $-1 -2.985012601246530561 14.80128375763157855 111.6947695609725884 #
intcurve-curve $-1 -1 $-1 reversed { surfintcur full nubs 3 open 25 
	2.29770852791352187 3 4.59541705582704374 2 6.89312558374056561 2 9.190834111654087479 2 11.48854263956760846 2 
	13.78625116748113122 2 16.08395969539465398 2 17.23281395935141447 2 18.38166822330817496 2 19.1087142607906344 2 
	19.83576029827309739 2 20.56280633575556038 2 21.28985237323801982 2 22.01711652680343434 2 22.74438068036884886 2 
	23.47164483393426337 2 24.19890898749968144 2 25.34778786623244429 2 26.49666674496520358 2 28.79442450243072926 2 
	31.0921822598962514 2 33.38994001736177353 2 35.68769777482729921 2 37.98545553229281779 2 40.28321328975834348 3 
	4.412417499523445308 -3.323007398904799459 102.1188068221261602 
	4.582192307744185733 -3.906313110498062624 102.6054620509971329 
	4.71104916625416692 -4.501920866293043666 103.1023848709867821 
	4.897347084256177929 -5.706846962494445563 104.1076654127687249 
	4.954584643782788511 -6.3159877193491063 104.6158773310714452 
	5.000960651293903325 -7.536869978679736626 105.6344622909653879 
	4.99006601284394069 -8.148611876693196976 106.1448363646138944 
	4.899865936365824126 -9.364029273723740943 107.1588422949099879 
	4.820878453924032137 -9.964760578553624626 107.6600183130516797 
	4.591833885585351105 -11.144770945697136 108.6444578765482873 
	4.441986277041130471 -11.72407391202486693 109.1277414957120442 
	4.059509606331338283 -12.85276562961393765 110.0693350928858365 
	3.82827754337047077 -13.40097435116410907 110.5266609580328065 
	3.394617590151130404 -14.19249185643542255 111.1869436493363708 
	3.235485158291204311 -14.45102395619316837 111.4026084007313813 
	2.877068311183808014 -14.9547913014595224 111.8228399720939024 
	2.678193287316001925 -15.20019816841106319 112.0275500965989295 
	2.302410434499570613 -15.58396244857692281 112.3476681969267332 
	2.139075469394882134 -15.73316149832764843 112.4721216632771217 
	1.780272446394803421 -16.01108110027352183 112.7039436102246128 
	1.584754411524158968 -16.1397635964441335 112.8112803569287195 
	1.167187484334542225 -16.35703513676148546 112.9925080977433822 
	0.9447045570625263178 -16.44571894294916703 113.0664781819327089 
	0.4821445109792276695 -16.56691654486674281 113.1675644611969034 
	0.2420217257005067291 -16.59932751472789647 113.1945949251840204 
	-0.2427254931685631223 -16.59927604390241029 113.1945444859576355 
	-0.4829005950526403801 -16.56679552672304467 113.1674486154894765 
	-0.9455387353831865571 -16.44544691312243145 113.06622535022818 
	-1.168047423192773326 -16.35668147531158922 112.992183574533712 
	-1.585650773408832093 -16.13924461167424695 112.8108163578507117 
	-1.781178611407192136 -16.01047841327313748 112.7034118101919375 
	-2.139990215706925714 -15.73239460918846966 112.4714623172775703 
	-2.30332385474608925 -15.58311496756260617 112.3469490123580385 
	-2.679030477429779289 -15.19921741884434496 112.0267431995577283 
	-2.877843748092935527 -14.95376074384960319 111.8220106783873433 
	-3.236137635296425508 -14.44989803448142496 111.4017450101527515 
	-3.395209333792552631 -14.19132064973273977 111.186068807122183 
	-3.828677514971582596 -13.39967166468520787 110.5257638968412692 
	-4.059769142274275211 -12.85138049950273853 110.0684387827122919 
	-4.441914669527290194 -11.72253451675311453 109.1268689054720653 
	-4.5915728257061037 -11.14315925956641706 108.6436077548118533 
	-4.820181210740849487 -9.963018541881357493 107.659229116413897 
	-4.898922061091464109 -9.362229223670887279 107.1580916170449882 
	-4.988568276269073287 -8.146717641334102922 106.1441754385957097 
	-4.999157038951920207 -7.534939159145172205 105.6338518327577134 
	-4.952115883237943272 -6.314013804763978222 104.6153756930660705 
	-4.894519032570359585 -5.704866516621301287 104.1072221307875907 
	-4.707459770430975077 -4.499968087414033313 103.1020632381376601 
	-4.578200867488347647 -3.904394356545086708 102.6052036311574653 
	-4.408011810437596267 -3.321149696085674119 102.1186126482915597 
	0.0004314753321566872578 
	
	cone -2.303778313741982672e-07 -15.09929163108536088 109.6697649440806401 2.662146220425472496e-08 4.034400406872073635e-06 0.9999999999918616211 0 5.024847715579273455 -2.027224766836821726e-05 1 I I -0.7071092482964718151 0.7071043140680154382 0.9999528859999999852 forward I I I I 
	cone 0.002124010854433017789 2.333990272287175812e-06 112.3953799127719719 -0.000138179533486701314 -1.450598348420089136e-07 0.9999999904531976513 0 15.79996669572354229 2.291940581271601708e-06 1 I I -0.7071708899973215834 -0.7070426665629141461 0.9999528859999999852 forward I I I I 
	nullbs 
	nullbs 
	I I 
	0 
	0 
	0 
	} F -19.3375421944316237 F -17.38287890959731641 #
End-of-ACIS-data 