700 0 1 0           
30 Autodesk Translation Framework 20 ASM 231.2.0.65535 NT 24 Tue Oct 14 12:31:57 2025 
1 9.999999999999999547e-07 1.000000000000000036e-10 
body $1 -1 $-1 $2 $-1 $3 #
rgb_color-st-attrib $-1 -1 $4 $-1 $0 0.627450980392156854 0.627450980392156854 0.627450980392156854 #
lump $-1 -1 $-1 $-1 $5 $0 #
transform $-1 -1 1 0 0 0 1 0 0 0 1 0 0 0 1 no_rotate no_reflect no_shear #
ATTRIB_CUSTOM-attrib $-1 -1 $-1 $1 $0 @20 Timestamp_attrib_def 1 1760439028939846 #
shell $-1 -1 $-1 $-1 $-1 $6 $-1 $2 #
face $7 -1 $-1 $8 $9 $5 $-1 $10 reversed single #
DXID-attrib $-1 -1 $-1 $-1 $6 @10 ASM ENTITY @1 0 #
face $11 -1 $-1 $12 $13 $5 $-1 $14 reversed single #
loop $-1 -1 $-1 $-1 $15 $6 #
plane-surface $-1 -1 $-1 9.536743164062502118e-07 -6.000000000000001776 3.499999999999999112 0 -1 -2.220446049250312588e-16 1.000000000000000222 0 0 forward_v I I I I #
DXID-attrib $-1 -1 $-1 $-1 $8 @10 ASM ENTITY @1 1 #
face $16 -1 $-1 $17 $18 $5 $-1 $19 forward single #
loop $-1 -1 $-1 $-1 $20 $8 #
plane-surface $-1 -1 $-1 12.50000000000000178 -9.53674317183406329e-07 3.500000000000000888 1 0 0 0 1.000000000000000222 2.220446049250312834e-16 forward_v I I I I #
coedge $-1 -1 $-1 $21 $22 $23 $24 reversed $9 $-1 #
DXID-attrib $-1 -1 $-1 $-1 $12 @10 ASM ENTITY @1 2 #
face $25 -1 $-1 $26 $27 $5 $-1 $28 forward single #
loop $-1 -1 $-1 $-1 $29 $12 #
plane-surface $-1 -1 $-1 9.536743164062502118e-07 6 3.500000000000001776 0 -1 -2.220446049250312588e-16 1.000000000000000222 0 0 forward_v I I I I #
coedge $-1 -1 $-1 $30 $31 $32 $33 reversed $13 $-1 #
coedge $-1 -1 $-1 $34 $15 $35 $36 reversed $9 $-1 #
coedge $-1 -1 $-1 $15 $34 $37 $38 reversed $9 $-1 #
coedge $-1 -1 $-1 $39 $40 $15 $24 forward $41 $-1 #
edge $-1 -1 $-1 $42 -1 $43 -0 $23 $44 forward @7 tangent #
DXID-attrib $-1 -1 $-1 $-1 $17 @10 ASM ENTITY @1 3 #
face $45 -1 $-1 $46 $47 $5 $-1 $48 reversed single #
loop $-1 -1 $-1 $-1 $49 $17 #
plane-surface $-1 -1 $-1 -12.50000000000000178 -9.53674317183406329e-07 3.500000000000000888 1 0 0 0 1.000000000000000222 2.220446049250312834e-16 forward_v I I I I #
coedge $-1 -1 $-1 $50 $51 $52 $53 reversed $18 $-1 #
coedge $-1 -1 $-1 $54 $20 $55 $56 reversed $13 $-1 #
coedge $-1 -1 $-1 $20 $54 $57 $58 reversed $13 $-1 #
coedge $-1 -1 $-1 $59 $60 $20 $33 forward $61 $-1 #
edge $-1 -1 $-1 $62 -5.200000177730213835 $63 5.200001348148692415 $32 $64 forward @7 unknown #
coedge $-1 -1 $-1 $22 $21 $65 $66 reversed $9 $-1 #
coedge $-1 -1 $-1 $67 $68 $21 $36 forward $69 $-1 #
edge $-1 -1 $-1 $70 -11.70000017285347127 $42 11.70000135302543498 $35 $71 forward @7 unknown #
coedge $-1 -1 $-1 $60 $72 $22 $38 forward $61 $-1 #
edge $-1 -1 $-1 $43 -11.70000138066031781 $73 11.70000014521858844 $37 $74 forward @7 unknown #
coedge $-1 -1 $-1 $75 $23 $72 $76 reversed $41 $-1 #
coedge $-1 -1 $-1 $23 $75 $67 $77 reversed $41 $-1 #
loop $-1 -1 $-1 $-1 $75 $78 #
vertex $-1 -1 $-1 $24 $79 #
vertex $-1 -1 $-1 $24 $80 #
straight-curve $-1 -1 $-1 -11.7000007629394549 -6.000000000000001776 2.999999999999999112 0 2.220446049250312834e-16 -1.000000000000000222 F -1 F -0 #
DXID-attrib $-1 -1 $-1 $-1 $26 @10 ASM ENTITY @1 4 #
face $81 -1 $-1 $82 $83 $5 $-1 $84 forward single #
loop $-1 -1 $-1 $-1 $85 $26 #
plane-surface $-1 -1 $-1 10.20000076293945312 -2.184918946343625646e-14 98.40000152587892046 1 0 0 0 1.000000000000000222 2.220446049250312834e-16 forward_v I I I I #
coedge $-1 -1 $-1 $86 $87 $88 $89 reversed $27 $-1 #
coedge $-1 -1 $-1 $90 $29 $91 $92 reversed $18 $-1 #
coedge $-1 -1 $-1 $29 $90 $93 $94 reversed $18 $-1 #
coedge $-1 -1 $-1 $95 $59 $29 $53 forward $61 $-1 #
edge $-1 -1 $-1 $96 -11.70000014521858844 $97 11.69999947331168499 $52 $98 forward @7 unknown #
coedge $-1 -1 $-1 $31 $30 $99 $100 reversed $13 $-1 #
coedge $-1 -1 $-1 $101 $102 $30 $56 forward $103 $-1 #
edge $-1 -1 $-1 $104 -1 $62 0 $55 $105 forward @7 tangent #
coedge $-1 -1 $-1 $106 $107 $31 $58 forward $108 $-1 #
edge $-1 -1 $-1 $63 0 $109 1 $57 $110 forward @7 tangent #
coedge $-1 -1 $-1 $52 $32 $107 $111 forward $61 $-1 #
coedge $-1 -1 $-1 $32 $37 $101 $112 forward $61 $-1 #
loop $-1 -1 $-1 $113 $114 $115 #
vertex $-1 -1 $-1 $33 $116 #
vertex $-1 -1 $-1 $33 $117 #
straight-curve $-1 -1 $-1 12.50000000000000178 -5.852092399560860862e-07 3.000000000000000444 0 1.000000000000000222 2.220446049250312834e-16 F -5.200000177730213835 F 5.200001348148692415 #
coedge $-1 -1 $-1 $102 $101 $34 $66 forward $103 $-1 #
edge $-1 -1 $-1 $73 0 $70 1 $65 $118 forward @7 tangent #
coedge $-1 -1 $-1 $119 $35 $40 $77 forward $69 $-1 #
coedge $-1 -1 $-1 $35 $99 $102 $120 forward $69 $-1 #
loop $-1 -1 $-1 $-1 $121 $122 #
vertex $-1 -1 $-1 $36 $123 #
straight-curve $-1 -1 $-1 5.900859818552818219e-07 -6.000000000000001776 3.999999999999999556 -1.000000000000000222 0 0 F -11.70000017285347127 F 11.70000135302543498 #
coedge $-1 -1 $-1 $37 $114 $39 $76 forward $61 $-1 #
vertex $-1 -1 $-1 $66 $124 #
straight-curve $-1 -1 $-1 6.177208646818146306e-07 -6.000000000000001776 2.999999999999999112 1.000000000000000222 0 0 F -11.70000138066031781 F 11.70000014521858844 #
coedge $-1 -1 $-1 $40 $39 $125 $126 forward $41 $-1 #
edge $-1 -1 $-1 $127 0 $43 1.570796326794896558 $72 $128 forward @7 unknown #
edge $-1 -1 $-1 $42 -1.570796326794896558 $129 0 $67 $130 forward @7 unknown #
face $131 -1 $-1 $132 $41 $5 $-1 $133 reversed single #
point $-1 -1 $-1 -11.7000007629394549 -6.000000000000001776 3.999999999999999556 #
point $-1 -1 $-1 -11.7000007629394549 -6.000000000000001776 2.999999999999999112 #
DXID-attrib $-1 -1 $-1 $-1 $46 @10 ASM ENTITY @1 5 #
face $134 -1 $-1 $135 $136 $5 $-1 $137 forward single #
loop $-1 -1 $-1 $-1 $138 $46 #
plane-surface $-1 -1 $-1 -10.1999998092651385 -2.184918946343625646e-14 98.40000152587892046 1 0 0 0 1.000000000000000222 2.220446049250312834e-16 forward_v I I I I #
coedge $-1 -1 $-1 $139 $140 $141 $142 reversed $47 $-1 #
coedge $-1 -1 $-1 $125 $49 $119 $143 reversed $27 $-1 #
coedge $-1 -1 $-1 $49 $125 $114 $144 reversed $27 $-1 #
coedge $-1 -1 $-1 $145 $146 $49 $89 forward $147 $-1 #
edge $-1 -1 $-1 $148 -1 $149 0 $88 $150 forward @7 tangent #
coedge $-1 -1 $-1 $51 $50 $151 $152 reversed $18 $-1 #
coedge $-1 -1 $-1 $107 $106 $50 $92 forward $108 $-1 #
edge $-1 -1 $-1 $153 -1 $96 0 $91 $154 forward @7 tangent #
coedge $-1 -1 $-1 $146 $145 $51 $94 forward $147 $-1 #
edge $-1 -1 $-1 $97 0 $155 1 $93 $156 forward @7 tangent #
coedge $-1 -1 $-1 $114 $52 $145 $157 forward $61 $-1 #
vertex $-1 -1 $-1 $53 $158 #
vertex $-1 -1 $-1 $53 $159 #
straight-curve $-1 -1 $-1 6.177208646818146306e-07 6 3.00000000000000222 -1.000000000000000222 0 0 F -11.70000014521858844 F 11.69999947331168499 #
coedge $-1 -1 $-1 $68 $160 $54 $100 forward $69 $-1 #
edge $-1 -1 $-1 $109 -5.200001376867295022 $104 5.200000149011611228 $99 $161 forward @7 unknown #
coedge $-1 -1 $-1 $65 $55 $60 $112 reversed $103 $-1 #
coedge $-1 -1 $-1 $55 $65 $68 $120 reversed $103 $-1 #
loop $-1 -1 $-1 $-1 $65 $162 #
vertex $-1 -1 $-1 $56 $163 #
straight-curve $-1 -1 $-1 12.50000000000000178 -5.200000762939454901 2.999999999999999112 0 2.220446049250312834e-16 -1.000000000000000222 F -1 F 0 #
coedge $-1 -1 $-1 $91 $57 $160 $164 reversed $108 $-1 #
coedge $-1 -1 $-1 $57 $91 $59 $111 reversed $108 $-1 #
loop $-1 -1 $-1 $-1 $107 $165 #
vertex $-1 -1 $-1 $100 $166 #
straight-curve $-1 -1 $-1 12.50000000000000178 5.200000762939453125 3.00000000000000222 0 -2.220446049250312834e-16 1.000000000000000222 F 0 F 1 #
edge $-1 -1 $-1 $63 -1.570796326794896558 $96 0 $59 $167 forward @7 unknown #
edge $-1 -1 $-1 $73 -1.570796326794896558 $62 0 $60 $168 forward @7 unknown #
loop $-1 -1 $-1 $-1 $169 $115 #
coedge $-1 -1 $-1 $72 $95 $87 $144 forward $61 $-1 #
face $170 -1 $-1 $171 $61 $5 $-1 $172 forward single #
point $-1 -1 $-1 12.50000000000000178 -5.200000762939454901 2.999999999999999112 #
point $-1 -1 $-1 12.50000000000000178 5.200000762939453125 3.00000000000000222 #
straight-curve $-1 -1 $-1 11.7000007629394549 -6.000000000000001776 2.999999999999999112 0 -2.220446049250312834e-16 1.000000000000000222 F 0 F 1 #
coedge $-1 -1 $-1 $121 $67 $86 $143 forward $69 $-1 #
edge $-1 -1 $-1 $104 0 $70 1.570796326794896558 $68 $173 forward @7 unknown #
coedge $-1 -1 $-1 $151 $119 $146 $174 forward $69 $-1 #
face $175 -1 $-1 $176 $177 $5 $-1 $178 forward single #
point $-1 -1 $-1 11.7000007629394549 -6.000000000000001776 3.999999999999999556 #
point $-1 -1 $-1 11.7000007629394549 -6.000000000000001776 2.999999999999999112 #
coedge $-1 -1 $-1 $87 $86 $75 $126 reversed $27 $-1 #
edge $-1 -1 $-1 $127 0 $129 1 $75 $179 forward @7 tangent #
vertex $-1 -1 $-1 $126 $180 #
ellipse-curve $-1 -1 $-1 -11.7000007629394549 -5.200000762939454901 2.999999999999999112 0 -2.220446049250312588e-16 1 -0.799999237060546986 0 0 1 F 0 F 1.570796326794896558 #
vertex $-1 -1 $-1 $143 $181 #
ellipse-curve $-1 -1 $-1 -11.7000007629394549 -5.200000762939454901 3.999999999999999556 0 2.220446049250312588e-16 -1 -0.799999237060546986 0 0 1 F -1.570796326794896558 F 0 #
DXID-attrib $-1 -1 $-1 $-1 $78 @10 ASM ENTITY @2 16 #
face $182 -1 $-1 $183 $184 $5 $-1 $185 reversed single #
cone-surface $-1 -1 $-1 -11.7000007629394549 -5.200000762939454901 2.999999999999999112 0 2.220446049250312588e-16 -1 -0.799999237060546986 0 0 1 I I 0 1 1.000000000000000222 forward I I I I #
DXID-attrib $-1 -1 $-1 $-1 $82 @10 ASM ENTITY @1 6 #
face $186 -1 $-1 $187 $188 $5 $-1 $189 forward single #
loop $-1 -1 $-1 $-1 $190 $82 #
plane-surface $-1 -1 $-1 -12.50000000000000178 -9.536743378113504653e-07 96.40000152587893467 1 0 0 0 1.000000000000000222 2.220446049250312834e-16 forward_v I I I I #
coedge $-1 -1 $-1 $191 $192 $193 $194 reversed $83 $-1 #
coedge $-1 -1 $-1 $195 $85 $196 $197 reversed $47 $-1 #
coedge $-1 -1 $-1 $85 $195 $198 $199 reversed $47 $-1 #
coedge $-1 -1 $-1 $200 $201 $85 $142 forward $202 $-1 #
edge $-1 -1 $-1 $203 -0.9750002225240095299 $204 0.9750005404154435951 $141 $205 forward @7 unknown #
edge $-1 -1 $-1 $129 -5.200000149011611228 $148 5.19999946951866221 $119 $206 forward @7 unknown #
edge $-1 -1 $-1 $149 -5.199999440800059602 $127 5.200000177730213835 $114 $207 forward @7 unknown #
coedge $-1 -1 $-1 $93 $88 $95 $157 reversed $147 $-1 #
coedge $-1 -1 $-1 $88 $93 $121 $174 reversed $147 $-1 #
loop $-1 -1 $-1 $-1 $145 $208 #
vertex $-1 -1 $-1 $89 $209 #
vertex $-1 -1 $-1 $89 $210 #
straight-curve $-1 -1 $-1 -12.50000000000000178 5.199998855590820312 3.00000000000000222 0 2.220446049250312834e-16 -1.000000000000000222 F -1 F 0 #
coedge $-1 -1 $-1 $160 $121 $90 $152 forward $69 $-1 #
edge $-1 -1 $-1 $155 -11.69999944567680217 $153 11.70000017285347127 $151 $211 forward @7 unknown #
vertex $-1 -1 $-1 $92 $212 #
straight-curve $-1 -1 $-1 11.7000007629394549 6 3.00000000000000222 0 2.220446049250312834e-16 -1.000000000000000222 F -1 F 0 #
vertex $-1 -1 $-1 $152 $213 #
straight-curve $-1 -1 $-1 -11.69999885559082387 6 3.00000000000000222 0 -2.220446049250312834e-16 1.000000000000000222 F 0 F 1 #
edge $-1 -1 $-1 $97 -1.570796326794896558 $149 0 $95 $214 forward @7 unknown #
point $-1 -1 $-1 11.7000007629394549 6 3.00000000000000222 #
point $-1 -1 $-1 -11.69999885559082387 6 3.00000000000000222 #
coedge $-1 -1 $-1 $99 $151 $106 $164 forward $69 $-1 #
straight-curve $-1 -1 $-1 12.50000000000000178 -6.139278427852446988e-07 4.000000000000000888 0 -1.000000000000000222 -2.220446049250312834e-16 F -5.200001376867295022 F 5.200000149011611228 #
face $215 -1 $-1 $165 $103 $5 $-1 $216 reversed single #
point $-1 -1 $-1 12.50000000000000178 -5.200000762939454901 3.999999999999999556 #
edge $-1 -1 $-1 $153 0 $109 1.570796326794896558 $160 $217 forward @7 unknown #
face $218 -1 $-1 $208 $108 $5 $-1 $219 reversed single #
point $-1 -1 $-1 12.50000000000000178 5.200000762939453125 4.000000000000001776 #
ellipse-curve $-1 -1 $-1 11.7000007629394549 5.200000762939453125 3.00000000000000222 0 -2.220446049250312588e-16 1 0 0.799999237060546986 1.776355145334355956e-16 1 F -1.570796326794896558 F 0 #
ellipse-curve $-1 -1 $-1 11.7000007629394549 -5.200000762939454901 2.999999999999999112 0 -2.220446049250312588e-16 1 0.799999237060546986 0 0 1 F -1.570796326794896558 F 0 #
coedge $-1 -1 $-1 $220 $221 $222 $223 forward $113 $-1 #
DXID-attrib $-1 -1 $-1 $-1 $115 @10 ASM ENTITY @2 43 #
face $224 -1 $-1 $225 $226 $5 $-1 $227 reversed single #
plane-surface $-1 -1 $-1 2.817674129573788907e-07 -2.167441628397881988e-07 3.000000000000000444 0 -2.220446049250312588e-16 1 0 -1.000000000000000222 -2.220446049250312834e-16 forward_v I I I I #
ellipse-curve $-1 -1 $-1 11.7000007629394549 -5.200000762939454901 3.999999999999999556 0 2.220446049250312588e-16 -1 0.799999237060546986 0 0 1 F 0 F 1.570796326794896558 #
edge $-1 -1 $-1 $148 0 $155 1.570796326794896558 $121 $228 forward @7 unknown #
DXID-attrib $-1 -1 $-1 $-1 $122 @10 ASM ENTITY @2 61 #
face $229 -1 $-1 $230 $231 $5 $-1 $232 reversed single #
loop $-1 -1 $-1 $69 $233 $122 #
plane-surface $-1 -1 $-1 2.264976508570271637e-07 -2.741813682760608192e-07 4.000000000000000888 0 -2.220446049250312588e-16 1 0 -1.000000000000000222 -2.220446049250312834e-16 forward_v I I I I #
straight-curve $-1 -1 $-1 -12.50000000000000178 -5.200000762939454901 2.999999999999999112 0 -2.220446049250312834e-16 1.000000000000000222 F 0 F 1 #
point $-1 -1 $-1 -12.50000000000000178 -5.200000762939454901 2.999999999999999112 #
point $-1 -1 $-1 -12.50000000000000178 -5.200000762939454901 3.999999999999999556 #
DXID-attrib $-1 -1 $-1 $-1 $132 @10 ASM ENTITY @2 17 #
face $234 -1 $-1 $235 $236 $5 $-1 $237 reversed single #
loop $-1 -1 $-1 $-1 $238 $132 #
cone-surface $-1 -1 $-1 9.400001525878908026 0.9750003814697051352 96.90000152587892046 0 -2.220446049250312588e-16 1 0 0.799999237060546986 1.776355145334355956e-16 1 I I 0 1 1.000000000000000222 forward I I I I #
DXID-attrib $-1 -1 $-1 $-1 $135 @10 ASM ENTITY @1 7 #
face $239 -1 $-1 $240 $241 $5 $-1 $242 reversed single #
loop $-1 -1 $-1 $-1 $243 $135 #
plane-surface $-1 -1 $-1 9.536743164062502118e-07 4.999999999999979572 96.40000152587893467 0 -1 -2.220446049250312588e-16 1.000000000000000222 0 0 forward_v I I I I #
coedge $-1 -1 $-1 $244 $245 $246 $247 reversed $136 $-1 #
coedge $-1 -1 $-1 $248 $138 $249 $250 reversed $83 $-1 #
coedge $-1 -1 $-1 $138 $248 $251 $252 reversed $83 $-1 #
coedge $-1 -1 $-1 $253 $254 $138 $194 forward $255 $-1 #
edge $-1 -1 $-1 $256 -3 $257 0 $193 $258 forward @7 tangent #
coedge $-1 -1 $-1 $140 $139 $259 $260 reversed $47 $-1 #
coedge $-1 -1 $-1 $261 $262 $139 $197 forward $236 $-1 #
edge $-1 -1 $-1 $263 -3 $203 -0 $196 $264 forward @7 tangent #
coedge $-1 -1 $-1 $265 $238 $140 $199 forward $184 $-1 #
edge $-1 -1 $-1 $204 0 $266 3 $198 $267 forward @7 tangent #
coedge $-1 -1 $-1 $268 $141 $238 $269 forward $202 $-1 #
coedge $-1 -1 $-1 $141 $270 $261 $271 forward $202 $-1 #
loop $-1 -1 $-1 $-1 $251 $272 #
vertex $-1 -1 $-1 $142 $273 #
vertex $-1 -1 $-1 $142 $274 #
straight-curve $-1 -1 $-1 10.20000076293945312 -1.589457385486884633e-07 96.90000152587892046 0 1.000000000000000222 2.220446049250312834e-16 F -0.9750002225240095299 F 0.9750005404154435951 #
straight-curve $-1 -1 $-1 -12.50000000000000178 -6.139278427852446988e-07 4.000000000000000888 0 1.000000000000000222 2.220446049250312834e-16 F -5.200000149011611228 F 5.19999946951866221 #
straight-curve $-1 -1 $-1 -12.50000000000000178 -5.852092399560860862e-07 3.000000000000000444 0 -1.000000000000000222 -2.220446049250312834e-16 F -5.199999440800059602 F 5.200000177730213835 #
face $275 -1 $-1 $78 $147 $5 $-1 $276 reversed single #
point $-1 -1 $-1 -12.50000000000000178 5.199998855590820312 4.000000000000001776 #
point $-1 -1 $-1 -12.50000000000000178 5.199998855590820312 3.00000000000000222 #
straight-curve $-1 -1 $-1 5.900859818552818219e-07 6 4.000000000000001776 1.000000000000000222 0 0 F -11.69999944567680217 F 11.70000017285347127 #
point $-1 -1 $-1 11.7000007629394549 6 4.000000000000001776 #
point $-1 -1 $-1 -11.69999885559082387 6 4.000000000000001776 #
ellipse-curve $-1 -1 $-1 -11.69999885559082387 5.199998855590820312 3.00000000000000222 0 -2.220446049250312588e-16 1 -0.8000011444091797985 0 0 1 F -1.570796326794896558 F 0 #
DXID-attrib $-1 -1 $-1 $-1 $162 @10 ASM ENTITY @2 13 #
cone-surface $-1 -1 $-1 11.7000007629394549 -5.200000762939454901 2.999999999999999112 0 2.220446049250312588e-16 -1 0.799999237060546986 0 0 1 I I 0 1 1.000000000000000222 forward I I I I #
ellipse-curve $-1 -1 $-1 11.7000007629394549 5.200000762939453125 4.000000000000001776 0 2.220446049250312588e-16 -1 0 0.799999237060546986 1.776355145334355956e-16 1 F 0 F 1.570796326794896558 #
DXID-attrib $-1 -1 $-1 $-1 $165 @10 ASM ENTITY @2 14 #
cone-surface $-1 -1 $-1 11.7000007629394549 5.200000762939453125 3.00000000000000222 0 2.220446049250312588e-16 -1 0 0.799999237060546986 1.776355145334355956e-16 1 I I 0 1 1.000000000000000222 forward I I I I #
coedge $-1 -1 $-1 $277 $169 $278 $279 reversed $113 $-1 #
coedge $-1 -1 $-1 $169 $280 $281 $282 forward $113 $-1 #
coedge $-1 -1 $-1 $283 $284 $169 $223 reversed $285 $-1 #
edge $-1 -1 $-1 $286 -1.570796326794896558 $287 0 $169 $288 forward @7 unknown #
DXID-attrib $-1 -1 $-1 $-1 $171 @10 ASM ENTITY @2 44 #
face $289 -1 $-1 $290 $291 $5 $-1 $292 forward single #
loop $-1 -1 $-1 $-1 $293 $171 #
plane-surface $-1 -1 $-1 9.536743164062502118e-07 -1.77499961853029542 98.40000152587892046 0 -1 -2.220446049250312588e-16 1.000000000000000222 0 0 forward_v I I I I #
ellipse-curve $-1 -1 $-1 -11.69999885559082387 5.199998855590820312 4.000000000000001776 0 2.220446049250312588e-16 -1 -0.8000011444091797985 0 0 1 F 0 F 1.570796326794896558 #
DXID-attrib $-1 -1 $-1 $-1 $176 @10 ASM ENTITY @2 62 #
face $294 -1 $-1 $295 $296 $5 $-1 $297 reversed single #
loop $-1 -1 $-1 $298 $299 $176 #
plane-surface $-1 -1 $-1 3.891892304291595828 -3.28631023216452656e-07 41.70000076293946023 0 -2.220446049250312588e-16 1 0 -1.000000000000000222 -2.220446049250312834e-16 forward_v I I I I #
coedge $-1 -1 $-1 $233 $233 $300 $301 forward $177 $-1 #
DXID-attrib $-1 -1 $-1 $-1 $183 @10 ASM ENTITY @2 18 #
face $302 -1 $-1 $303 $304 $5 $-1 $305 reversed single #
loop $-1 -1 $-1 $-1 $306 $183 #
cone-surface $-1 -1 $-1 9.400001525878908026 -0.9750003814697483229 96.90000152587892046 0 -2.220446049250312588e-16 1 0 -0.799999237060546986 -1.776355145334355956e-16 1 I I 0 1 1.000000000000000222 forward I I I I #
coedge $-1 -1 $-1 $198 $307 $200 $269 reversed $184 $-1 #
DXID-attrib $-1 -1 $-1 $-1 $187 @10 ASM ENTITY @1 8 #
face $308 -1 $-1 $309 $310 $5 $-1 $311 reversed single #
loop $-1 -1 $-1 $-1 $312 $187 #
plane-surface $-1 -1 $-1 12.50000000000000178 -9.536743378113504653e-07 96.40000152587893467 1 0 0 0 1.000000000000000222 2.220446049250312834e-16 forward_v I I I I #
coedge $-1 -1 $-1 $313 $314 $315 $316 reversed $188 $-1 #
coedge $-1 -1 $-1 $317 $190 $318 $319 reversed $136 $-1 #
coedge $-1 -1 $-1 $190 $317 $320 $321 reversed $136 $-1 #
coedge $-1 -1 $-1 $322 $323 $190 $247 forward $324 $-1 #
edge $-1 -1 $-1 $325 -0 $326 1 $246 $327 forward @7 tangent #
coedge $-1 -1 $-1 $192 $191 $328 $329 reversed $83 $-1 #
coedge $-1 -1 $-1 $330 $331 $191 $250 forward $332 $-1 #
edge $-1 -1 $-1 $333 -0.9749992574964245762 $256 0.9749995980943957363 $249 $334 forward @7 unknown #
coedge $-1 -1 $-1 $335 $336 $192 $252 forward $202 $-1 #
edge $-1 -1 $-1 $257 -0.9749995867411271888 $337 0.9749992688496931237 $251 $338 forward @7 unknown #
coedge $-1 -1 $-1 $339 $193 $336 $340 reversed $255 $-1 #
coedge $-1 -1 $-1 $193 $339 $330 $341 reversed $255 $-1 #
loop $-1 -1 $-1 $-1 $253 $303 #
vertex $-1 -1 $-1 $194 $342 #
vertex $-1 -1 $-1 $194 $343 #
straight-curve $-1 -1 $-1 -10.1999998092651385 0.97499942779538884 96.90000152587892046 0 2.220446049250312834e-16 -1.000000000000000222 F -3 F 0 #
coedge $-1 -1 $-1 $344 $345 $195 $260 forward $332 $-1 #
edge $-1 -1 $-1 $266 -0.9750005517687121426 $263 0.9750002111707409824 $259 $346 forward @7 unknown #
coedge $-1 -1 $-1 $306 $196 $201 $271 reversed $236 $-1 #
coedge $-1 -1 $-1 $196 $306 $344 $347 reversed $236 $-1 #
vertex $-1 -1 $-1 $197 $348 #
straight-curve $-1 -1 $-1 10.20000076293945312 -0.9750003814697483229 96.90000152587892046 0 2.220446049250312834e-16 -1.000000000000000222 F -3 F -0 #
coedge $-1 -1 $-1 $307 $198 $345 $349 reversed $184 $-1 #
vertex $-1 -1 $-1 $260 $350 #
straight-curve $-1 -1 $-1 10.20000076293945312 0.9750003814697051352 96.90000152587892046 0 -2.220446049250312834e-16 1.000000000000000222 F 0 F 3 #
coedge $-1 -1 $-1 $336 $200 $351 $352 forward $202 $-1 #
edge $-1 -1 $-1 $204 -1.570796326794896558 $353 0 $200 $354 forward @7 unknown #
coedge $-1 -1 $-1 $201 $335 $355 $356 forward $202 $-1 #
edge $-1 -1 $-1 $357 0 $203 1.570796326794896558 $201 $358 forward @7 unknown #
face $359 -1 $-1 $360 $361 $5 $-1 $362 reversed single #
point $-1 -1 $-1 10.20000076293945312 -0.9750003814697483229 96.90000152587892046 #
point $-1 -1 $-1 10.20000076293945312 0.9750003814697051352 96.90000152587892046 #
DXID-attrib $-1 -1 $-1 $-1 $208 @10 ASM ENTITY @2 15 #
cone-surface $-1 -1 $-1 -11.69999885559082387 5.199998855590820312 3.00000000000000222 0 2.220446049250312588e-16 -1 -0.8000011444091797985 0 0 1 I I 0 1 1.000000000000000222 forward I I I I #
coedge $-1 -1 $-1 $363 $220 $364 $365 forward $113 $-1 #
coedge $-1 -1 $-1 $366 $367 $220 $279 forward $368 $-1 #
edge $-1 -1 $-1 $369 -9.400000908158041568 $287 9.400000236251138119 $278 $370 forward @7 unknown #
coedge $-1 -1 $-1 $221 $371 $372 $373 forward $113 $-1 #
coedge $-1 -1 $-1 $374 $375 $221 $282 reversed $376 $-1 #
edge $-1 -1 $-1 $377 -0.9749993194233290694 $286 0.9749995361674912431 $221 $378 forward @7 unknown #
coedge $-1 -1 $-1 $379 $222 $375 $380 forward $285 $-1 #
coedge $-1 -1 $-1 $222 $379 $366 $381 reversed $285 $-1 #
loop $-1 -1 $-1 $-1 $379 $382 #
vertex $-1 -1 $-1 $380 $383 #
vertex $-1 -1 $-1 $381 $384 #
ellipse-curve $-1 -1 $-1 -9.399999618530275214 0.9749994277954097122 3.000000000000000444 0 2.220446049250312588e-16 -1 0 0.8000001907348635033 1.776357262916723845e-16 1 F -1.570796326794896558 F 0 #
DXID-attrib $-1 -1 $-1 $-1 $225 @10 ASM ENTITY @2 45 #
face $385 -1 $-1 $386 $387 $5 $-1 $388 reversed single #
loop $-1 -1 $-1 $-1 $351 $225 #
plane-surface $-1 -1 $-1 9.536743164062502118e-07 1.774999618530251899 98.40000152587892046 0 -1 -2.220446049250312588e-16 1.000000000000000222 0 0 forward_v I I I I #
coedge $-1 -1 $-1 $389 $355 $390 $391 forward $226 $-1 #
DXID-attrib $-1 -1 $-1 $-1 $230 @10 ASM ENTITY @2 63 #
face $392 -1 $-1 $-1 $368 $5 $-1 $393 forward single #
loop $-1 -1 $-1 $-1 $394 $230 #
plane-surface $-1 -1 $-1 9.536743164062502118e-07 -1.774999618530274104 1.5 0 -1 -2.220446049250312588e-16 1.000000000000000222 0 0 forward_v I I I I #
loop $-1 -1 $-1 $-1 $395 $176 #
coedge $-1 -1 $-1 $299 $299 $396 $397 forward $231 $-1 #
coedge $-1 -1 $-1 $300 $300 $233 $301 reversed $398 $-1 #
edge $-1 -1 $-1 $399 1.570796306928498254 $399 7.853981614108084486 $233 $400 forward @7 unknown #
DXID-attrib $-1 -1 $-1 $-1 $235 @10 ASM ENTITY @2 19 #
face $401 -1 $-1 $402 $255 $5 $-1 $403 reversed single #
loop $-1 -1 $-1 $-1 $328 $235 #
cone-surface $-1 -1 $-1 -9.399999618530275214 -0.9749994277954319166 96.90000152587892046 0 -2.220446049250312588e-16 1 0 -0.8000001907348635033 -1.776357262916723845e-16 1 I I 0 1 1.000000000000000222 forward I I I I #
coedge $-1 -1 $-1 $262 $261 $404 $405 reversed $236 $-1 #
coedge $-1 -1 $-1 $238 $265 $406 $407 reversed $184 $-1 #
DXID-attrib $-1 -1 $-1 $-1 $240 @10 ASM ENTITY @1 9 #
face $408 -1 $-1 $409 $410 $5 $-1 $411 reversed single #
loop $-1 -1 $-1 $-1 $412 $240 #
plane-surface $-1 -1 $-1 9.536743164062502118e-07 -5.000000000000022204 96.40000152587893467 0 -1 -2.220446049250312588e-16 1.000000000000000222 0 0 forward_v I I I I #
coedge $-1 -1 $-1 $413 $414 $415 $416 reversed $241 $-1 #
coedge $-1 -1 $-1 $417 $243 $418 $419 reversed $188 $-1 #
coedge $-1 -1 $-1 $243 $417 $420 $421 reversed $188 $-1 #
coedge $-1 -1 $-1 $422 $423 $243 $316 forward $424 $-1 #
edge $-1 -1 $-1 $425 -11.69999827146530791 $426 11.69999943971633982 $315 $427 forward @7 unknown #
coedge $-1 -1 $-1 $245 $244 $428 $429 reversed $136 $-1 #
coedge $-1 -1 $-1 $430 $431 $244 $319 forward $361 $-1 #
edge $-1 -1 $-1 $432 -4.199998219807945077 $325 4.199999491373695548 $318 $433 forward @7 unknown #
coedge $-1 -1 $-1 $434 $422 $245 $321 forward $424 $-1 #
edge $-1 -1 $-1 $326 -4.199999463558196311 $435 4.199998247623444314 $320 $436 forward @7 unknown #
coedge $-1 -1 $-1 $420 $246 $422 $437 reversed $324 $-1 #
coedge $-1 -1 $-1 $246 $420 $430 $438 reversed $324 $-1 #
loop $-1 -1 $-1 $-1 $322 $439 #
vertex $-1 -1 $-1 $247 $440 #
vertex $-1 -1 $-1 $247 $441 #
straight-curve $-1 -1 $-1 -12.50000000000000178 4.199998855590799884 96.90000152587892046 0 2.220446049250312834e-16 -1.000000000000000222 F -0 F 1 #
coedge $-1 -1 $-1 $442 $443 $248 $329 forward $304 $-1 #
edge $-1 -1 $-1 $337 0 $333 3 $328 $444 forward @7 tangent #
coedge $-1 -1 $-1 $445 $249 $254 $341 forward $332 $-1 #
coedge $-1 -1 $-1 $249 $446 $442 $447 forward $332 $-1 #
loop $-1 -1 $-1 $-1 $330 $290 #
vertex $-1 -1 $-1 $250 $448 #
straight-curve $-1 -1 $-1 -10.1999998092651385 -1.702990077623315922e-07 99.90000152587893467 0 1.000000000000000222 2.220446049250312834e-16 F -0.9749992574964245762 F 0.9749995980943957363 #
coedge $-1 -1 $-1 $270 $251 $443 $449 forward $202 $-1 #
coedge $-1 -1 $-1 $251 $268 $253 $340 forward $202 $-1 #
vertex $-1 -1 $-1 $329 $450 #
straight-curve $-1 -1 $-1 -10.1999998092651385 -1.589457385486884633e-07 96.90000152587892046 0 -1.000000000000000222 -2.220446049250312834e-16 F -0.9749995867411271888 F 0.9749992688496931237 #
coedge $-1 -1 $-1 $254 $253 $451 $452 reversed $255 $-1 #
edge $-1 -1 $-1 $453 0 $257 1.570796326794896558 $336 $454 forward @7 unknown #
edge $-1 -1 $-1 $256 -1.570796326794896558 $455 0 $330 $456 forward @7 unknown #
point $-1 -1 $-1 -10.19999980926513672 0.9749994277953881738 99.90000152587893467 #
point $-1 -1 $-1 -10.19999980926513672 0.97499942779538884 96.90000152587892046 #
coedge $-1 -1 $-1 $446 $259 $262 $347 forward $332 $-1 #
coedge $-1 -1 $-1 $259 $445 $265 $349 forward $332 $-1 #
straight-curve $-1 -1 $-1 10.20000076293945312 -1.702990077623315922e-07 99.90000152587893467 0 -1.000000000000000222 -2.220446049250312834e-16 F -0.9750005517687121426 F 0.9750002111707409824 #
edge $-1 -1 $-1 $263 -1.570796326794896558 $457 0 $344 $458 forward @7 unknown #
point $-1 -1 $-1 10.20000076293945312 -0.975000381469748989 99.90000152587893467 #
edge $-1 -1 $-1 $459 0 $266 1.570796326794896558 $345 $460 forward @7 unknown #
point $-1 -1 $-1 10.20000076293945312 0.9750003814697045801 99.90000152587893467 #
coedge $-1 -1 $-1 $406 $451 $268 $352 reversed $291 $-1 #
edge $-1 -1 $-1 $353 -9.400000901449296009 $453 9.400000242959883678 $268 $461 forward @7 unknown #
vertex $-1 -1 $-1 $269 $462 #
ellipse-curve $-1 -1 $-1 9.400001525878908026 0.9750003814697051352 96.90000152587892046 0 -2.220446049250312588e-16 1 0 0.799999237060546986 1.776355145334355956e-16 1 F -1.570796326794896558 F 0 #
coedge $-1 -1 $-1 $293 $404 $270 $356 reversed $226 $-1 #
edge $-1 -1 $-1 $463 -9.400000242959883678 $357 9.400000901449296009 $270 $464 forward @7 unknown #
vertex $-1 -1 $-1 $405 $465 #
ellipse-curve $-1 -1 $-1 9.400001525878908026 -0.9750003814697483229 96.90000152587892046 0 -2.220446049250312588e-16 1 0 -0.799999237060546986 -1.776355145334355956e-16 1 F 0 F 1.570796326794896558 #
DXID-attrib $-1 -1 $-1 $-1 $272 @10 ASM ENTITY @2 57 #
face $466 -1 $-1 $467 $468 $5 $-1 $469 reversed single #
loop $-1 -1 $-1 $202 $430 $272 #
plane-surface $-1 -1 $-1 2.951849076282542757e-07 -3.178914591339680494e-07 96.90000152587892046 0 -2.220446049250312588e-16 1 0 -1.000000000000000222 -2.220446049250312834e-16 forward_v I I I I #
coedge $-1 -1 $-1 $470 $277 $471 $472 forward $113 $-1 #
coedge $-1 -1 $-1 $473 $474 $277 $365 reversed $475 $-1 #
edge $-1 -1 $-1 $369 0 $476 1.570796326794896558 $277 $477 forward @7 unknown #
coedge $-1 -1 $-1 $478 $278 $284 $381 forward $368 $-1 #
coedge $-1 -1 $-1 $278 $478 $473 $479 forward $368 $-1 #
loop $-1 -1 $-1 $-1 $478 $295 #
vertex $-1 -1 $-1 $365 $480 #
straight-curve $-1 -1 $-1 6.177208646818146306e-07 1.774999618530272993 3.000000000000000888 -1.000000000000000222 0 0 F -9.400000908158041568 F 9.400000236251138119 #
coedge $-1 -1 $-1 $280 $470 $481 $482 reversed $113 $-1 #
coedge $-1 -1 $-1 $483 $484 $280 $373 reversed $485 $-1 #
edge $-1 -1 $-1 $486 0 $377 1.570796326794896558 $280 $487 forward @7 unknown #
coedge $-1 -1 $-1 $488 $281 $484 $489 reversed $376 $-1 #
coedge $-1 -1 $-1 $281 $488 $283 $380 reversed $376 $-1 #
loop $-1 -1 $-1 $-1 $375 $409 #
vertex $-1 -1 $-1 $282 $490 #
straight-curve $-1 -1 $-1 -10.1999998092651385 -1.083720817529610068e-07 3.000000000000000444 0 1.000000000000000222 2.220446049250312834e-16 F -0.9749993194233290694 F 0.9749995361674912431 #
coedge $-1 -1 $-1 $284 $283 $491 $492 reversed $285 $-1 #
edge $-1 -1 $-1 $286 -3 $493 0 $283 $494 forward @7 tangent #
edge $-1 -1 $-1 $287 -3 $495 -0 $366 $496 forward @7 tangent #
face $497 -1 $-1 $498 $285 $5 $-1 $499 reversed single #
point $-1 -1 $-1 -10.19999980926513672 0.9749994277954097122 3.000000000000000444 #
point $-1 -1 $-1 -9.399999618530275214 1.774999618530272993 3.000000000000000888 #
DXID-attrib $-1 -1 $-1 $-1 $290 @10 ASM ENTITY @2 46 #
face $500 -1 $-1 $501 $502 $5 $-1 $503 reversed single #
loop $-1 -1 $-1 $332 $504 $290 #
plane-surface $-1 -1 $-1 3.193105975185518368e-07 -3.405979933424067606e-07 99.90000152587893467 0 2.220446049250312588e-16 -1 0 1.000000000000000222 2.220446049250312834e-16 forward_v I I I I #
coedge $-1 -1 $-1 $404 $293 $446 $505 reversed $226 $-1 #
coedge $-1 -1 $-1 $443 $442 $293 $391 reversed $304 $-1 #
edge $-1 -1 $-1 $463 0 $506 3 $293 $507 forward @7 tangent #
DXID-attrib $-1 -1 $-1 $-1 $295 @10 ASM ENTITY @2 64 #
plane-surface $-1 -1 $-1 9.536743164062502118e-07 1.774999618530273438 1.500000000000000888 0 -1 -2.220446049250312588e-16 1.000000000000000222 0 0 forward_v I I I I #
coedge $-1 -1 $-1 $481 $508 $483 $509 forward $296 $-1 #
coedge $-1 -1 $-1 $395 $395 $510 $511 forward $298 $-1 #
coedge $-1 -1 $-1 $396 $396 $299 $397 reversed $512 $-1 #
edge $-1 -1 $-1 $513 -1.488122844516438725 $513 4.795062462663147507 $299 $514 forward @7 unknown #
loop $-1 -1 $-1 $515 $300 $516 #
vertex $-1 -1 $-1 $301 $517 #
ellipse-curve $-1 -1 $-1 2.979959603521820629e-07 -2.979959612403604826e-07 4.000000000000000888 0 -2.220446049250312588e-16 1 0 14.99999981878625377 3.337491511868861427e-15 1 I I #
DXID-attrib $-1 -1 $-1 $-1 $303 @10 ASM ENTITY @2 20 #
face $518 -1 $-1 $519 $520 $5 $-1 $521 forward single #
cone-surface $-1 -1 $-1 -9.399999618530275214 0.97499942779538884 96.90000152587892046 0 -2.220446049250312588e-16 1 0 0.8000001907348635033 1.776357262916723845e-16 1 I I 0 1 1.000000000000000222 forward I I I I #
coedge $-1 -1 $-1 $355 $389 $306 $405 forward $226 $-1 #
edge $-1 -1 $-1 $457 -3 $357 -0 $404 $522 forward @7 tangent #
coedge $-1 -1 $-1 $523 $351 $307 $407 forward $291 $-1 #
edge $-1 -1 $-1 $353 0 $459 3 $406 $524 forward @7 tangent #
DXID-attrib $-1 -1 $-1 $-1 $309 @10 ASM ENTITY @2 10 #
face $525 -1 $-1 $526 $376 $5 $-1 $527 forward single #
loop $-1 -1 $-1 $-1 $528 $309 #
plane-surface $-1 -1 $-1 10.20000076293945312 -3.330669073875469621e-16 1.500000000000000222 1 0 0 0 1.000000000000000222 2.220446049250312834e-16 forward_v I I I I #
coedge $-1 -1 $-1 $529 $530 $531 $532 reversed $310 $-1 #
coedge $-1 -1 $-1 $533 $312 $534 $535 reversed $241 $-1 #
coedge $-1 -1 $-1 $312 $533 $536 $537 reversed $241 $-1 #
coedge $-1 -1 $-1 $423 $538 $312 $416 forward $424 $-1 #
edge $-1 -1 $-1 $539 -4.200000154972077127 $540 4.199999463558196311 $415 $541 forward @7 unknown #
coedge $-1 -1 $-1 $314 $313 $542 $543 reversed $188 $-1 #
coedge $-1 -1 $-1 $544 $545 $313 $419 forward $546 $-1 #
edge $-1 -1 $-1 $547 -0 $425 1 $418 $548 forward @7 tangent #
coedge $-1 -1 $-1 $323 $322 $314 $421 forward $324 $-1 #
edge $-1 -1 $-1 $426 -1 $549 0 $420 $550 forward @7 tangent #
coedge $-1 -1 $-1 $320 $315 $322 $437 forward $424 $-1 #
coedge $-1 -1 $-1 $315 $415 $544 $551 forward $424 $-1 #
loop $-1 -1 $-1 $-1 $320 $467 #
vertex $-1 -1 $-1 $316 $552 #
vertex $-1 -1 $-1 $316 $553 #
straight-curve $-1 -1 $-1 5.841255195093709666e-07 4.999999999999979572 95.90000152587892046 -1.000000000000000222 0 0 F -11.69999827146530791 F 11.69999943971633982 #
coedge $-1 -1 $-1 $554 $555 $317 $429 forward $556 $-1 #
edge $-1 -1 $-1 $435 -1 $432 0 $428 $557 forward @7 tangent #
coedge $-1 -1 $-1 $542 $318 $323 $438 forward $361 $-1 #
coedge $-1 -1 $-1 $318 $558 $554 $559 forward $361 $-1 #
vertex $-1 -1 $-1 $319 $560 #
straight-curve $-1 -1 $-1 -12.50000000000000178 -6.357828967518136486e-07 96.90000152587892046 0 1.000000000000000222 2.220446049250312834e-16 F -4.199998219807945077 F 4.199999491373695548 #
coedge $-1 -1 $-1 $561 $320 $555 $562 forward $424 $-1 #
vertex $-1 -1 $-1 $429 $563 #
straight-curve $-1 -1 $-1 -12.50000000000000178 -6.079673972925198021e-07 95.90000152587892046 0 -1.000000000000000222 -2.220446049250312834e-16 F -4.199999463558196311 F 4.199998247623444314 #
edge $-1 -1 $-1 $426 0 $326 1.570796326794896558 $422 $564 forward @7 unknown #
edge $-1 -1 $-1 $325 -1.570796326794896558 $549 0 $430 $565 forward @7 unknown #
face $566 -1 $-1 $567 $324 $5 $-1 $568 reversed single #
point $-1 -1 $-1 -12.50000000000000178 4.199998855590799884 96.90000152587892046 #
point $-1 -1 $-1 -12.50000000000000178 4.199998855590799884 95.90000152587892046 #
coedge $-1 -1 $-1 $390 $328 $331 $447 reversed $304 $-1 #
coedge $-1 -1 $-1 $328 $390 $335 $449 reversed $304 $-1 #
straight-curve $-1 -1 $-1 -10.1999998092651385 -0.9749994277954319166 96.90000152587892046 0 -2.220446049250312834e-16 1.000000000000000222 F 0 F 3 #
coedge $-1 -1 $-1 $345 $330 $523 $569 forward $332 $-1 #
coedge $-1 -1 $-1 $331 $344 $389 $505 forward $332 $-1 #
edge $-1 -1 $-1 $506 0 $333 1.570796326794896558 $331 $570 forward @7 unknown #
point $-1 -1 $-1 -10.19999980926513672 -0.9749994277954325828 99.90000152587893467 #
edge $-1 -1 $-1 $337 -1.570796326794896558 $463 0 $335 $571 forward @7 unknown #
point $-1 -1 $-1 -10.19999980926513672 -0.9749994277954319166 96.90000152587892046 #
coedge $-1 -1 $-1 $351 $523 $339 $452 forward $291 $-1 #
edge $-1 -1 $-1 $455 -3 $453 -0 $451 $572 forward @7 tangent #
vertex $-1 -1 $-1 $340 $573 #
ellipse-curve $-1 -1 $-1 -9.399999618530275214 0.97499942779538884 96.90000152587892046 0 -2.220446049250312588e-16 1 0 0.8000001907348635033 1.776357262916723845e-16 1 F 0 F 1.570796326794896558 #
vertex $-1 -1 $-1 $452 $574 #
ellipse-curve $-1 -1 $-1 -9.399999618530275214 0.9749994277953881738 99.90000152587893467 0 2.220446049250312588e-16 -1 0 0.8000001907348635033 1.776357262916723845e-16 1 F -1.570796326794896558 F 0 #
vertex $-1 -1 $-1 $405 $575 #
ellipse-curve $-1 -1 $-1 9.400001525878908026 -0.975000381469748989 99.90000152587893467 0 2.220446049250312588e-16 -1 0 -0.799999237060546986 -1.776355145334355956e-16 1 F -1.570796326794896558 F 0 #
vertex $-1 -1 $-1 $349 $576 #
ellipse-curve $-1 -1 $-1 9.400001525878908026 0.9750003814697045801 99.90000152587893467 0 2.220446049250312588e-16 -1 0 0.799999237060546986 1.776355145334355956e-16 1 F 0 F 1.570796326794896558 #
straight-curve $-1 -1 $-1 6.244296102408953779e-07 1.774999618530252121 96.90000152587892046 -1.000000000000000222 0 0 F -9.400000901449296009 F 9.400000242959883678 #
point $-1 -1 $-1 9.400001525878908026 1.774999618530252121 96.90000152587892046 #
vertex $-1 -1 $-1 $391 $577 #
straight-curve $-1 -1 $-1 6.244296102408953779e-07 -1.774999618530295198 96.90000152587892046 1.000000000000000222 0 0 F -9.400000242959883678 F 9.400000901449296009 #
point $-1 -1 $-1 9.400001525878908026 -1.774999618530295198 96.90000152587892046 #
DXID-attrib $-1 -1 $-1 $-1 $360 @10 ASM ENTITY @2 58 #
face $578 -1 $-1 $579 $580 $5 $-1 $581 reversed single #
loop $-1 -1 $-1 $582 $583 $360 #
plane-surface $-1 -1 $-1 4.000000291400486852 -2.38418593245803209e-07 63.69999694824220171 0 2.220446049250312588e-16 -1 0 1.000000000000000222 2.220446049250312834e-16 forward_v I I I I #
coedge $-1 -1 $-1 $371 $363 $584 $585 forward $113 $-1 #
coedge $-1 -1 $-1 $586 $587 $363 $472 reversed $410 $-1 #
edge $-1 -1 $-1 $476 -0.9750004898418076493 $588 0.9750002730976454757 $363 $589 forward @7 unknown #
coedge $-1 -1 $-1 $590 $364 $367 $479 reversed $475 $-1 #
coedge $-1 -1 $-1 $364 $590 $586 $591 forward $475 $-1 #
loop $-1 -1 $-1 $-1 $590 $592 #
vertex $-1 -1 $-1 $472 $593 #
ellipse-curve $-1 -1 $-1 9.400001525878908026 0.9750003814697261184 3.000000000000000444 0 2.220446049250312588e-16 -1 0 0.799999237060546986 1.776355145334355956e-16 1 F 0 F 1.570796326794896558 #
coedge $-1 -1 $-1 $367 $366 $594 $595 forward $368 $-1 #
edge $-1 -1 $-1 $596 0 $369 3 $367 $597 forward @7 tangent #
point $-1 -1 $-1 9.400001525878908026 1.774999618530272993 3.000000000000000888 #
coedge $-1 -1 $-1 $598 $394 $371 $482 forward $296 $-1 #
edge $-1 -1 $-1 $486 -9.400000236251138119 $599 9.400000908158041568 $481 $600 forward @7 unknown #
coedge $-1 -1 $-1 $601 $372 $394 $509 reversed $485 $-1 #
coedge $-1 -1 $-1 $372 $601 $374 $489 forward $485 $-1 #
loop $-1 -1 $-1 $-1 $484 $498 #
vertex $-1 -1 $-1 $373 $602 #
ellipse-curve $-1 -1 $-1 -9.399999618530275214 -0.9749994277954110444 3.000000000000000444 0 2.220446049250312588e-16 -1 0 -0.8000001907348635033 -1.776357262916723845e-16 1 F 0 F 1.570796326794896558 #
coedge $-1 -1 $-1 $375 $374 $603 $604 reversed $376 $-1 #
edge $-1 -1 $-1 $605 0 $377 3 $484 $606 forward @7 tangent #
point $-1 -1 $-1 -10.19999980926513672 -0.9749994277954110444 3.000000000000000444 #
coedge $-1 -1 $-1 $603 $594 $379 $492 forward $607 $-1 #
edge $-1 -1 $-1 $495 0 $493 1.570796326794896558 $491 $608 forward @7 unknown #
vertex $-1 -1 $-1 $380 $609 #
straight-curve $-1 -1 $-1 -10.1999998092651385 0.9749994277954103783 2.164933627469634126e-16 0 2.220446049250312834e-16 -1.000000000000000222 F -3 F 0 #
vertex $-1 -1 $-1 $492 $610 #
straight-curve $-1 -1 $-1 -9.399999618530275214 1.774999618530273882 3.941290890386357971e-16 0 2.220446049250312834e-16 -1.000000000000000222 F -3 F -0 #
DXID-attrib $-1 -1 $-1 $-1 $382 @10 ASM ENTITY @2 41 #
face $611 -1 $-1 $115 $485 $5 $-1 $612 reversed single #
cone-surface $-1 -1 $-1 -9.399999618530275214 0.9749994277954103783 2.164933627469634126e-16 0 2.220446049250312588e-16 -1 0 0.8000001907348635033 1.776357262916723845e-16 1 I I 0 1 1.000000000000000222 forward I I I I #
DXID-attrib $-1 -1 $-1 $-1 $386 @10 ASM ENTITY @2 47 #
face $613 -1 $-1 $614 $615 $5 $-1 $616 reversed single #
loop $-1 -1 $-1 $617 $618 $386 #
plane-surface $-1 -1 $-1 3.247425475194632401e-07 -3.617385574861125412e-07 112.6999969482422159 0 2.220446049250312588e-16 -1 0 1.000000000000000222 2.220446049250312834e-16 forward_v I I I I #
coedge $-1 -1 $-1 $619 $620 $621 $622 forward $387 $-1 #
edge $-1 -1 $-1 $457 -9.400000889386447511 $506 9.400000255022732176 $446 $623 forward @7 unknown #
vertex $-1 -1 $-1 $447 $624 #
straight-curve $-1 -1 $-1 -9.399999618530275214 -1.774999618530295198 96.90000152587892046 0 -2.220446049250312834e-16 1.000000000000000222 F 0 F 3 #
coedge $-1 -1 $-1 $394 $598 $625 $626 forward $296 $-1 #
edge $-1 -1 $-1 $627 0 $486 3 $394 $628 forward @7 tangent #
coedge $-1 -1 $-1 $510 $510 $395 $511 reversed $629 $-1 #
edge $-1 -1 $-1 $630 -1.57079639117275649 $630 4.712388916006830186 $395 $631 forward @7 unknown #
loop $-1 -1 $-1 $-1 $396 $632 #
vertex $-1 -1 $-1 $397 $633 #
ellipse-curve $-1 -1 $-1 2.991203267299625242e-07 -4.036031619358840227e-07 41.70000076293946023 0 2.220446049250312588e-16 -1 0 18.35629187555411335 4.088718610643206573e-15 1 I I #
loop $-1 -1 $-1 $-1 $634 $516 #
face $635 -1 $-1 $636 $398 $5 $-1 $637 reversed single #
point $-1 -1 $-1 -14.99999952079028986 9.769962616701380711e-15 4.000000000000000888 #
DXID-attrib $-1 -1 $-1 $-1 $402 @10 ASM ENTITY @2 21 #
face $638 -1 $-1 $639 $640 $5 $-1 $641 reversed single #
loop $-1 -1 $-1 $-1 $642 $402 #
cone-surface $-1 -1 $-1 2.113921695467980118e-07 -19.10000031832896283 99.90000152587893467 6.066199368427558611e-18 -1.257698428970981231e-15 1 0 2.999999916580621928 3.773095181996522342e-15 1 I I 0 1 1.000000000000000222 forward I I I I #
straight-curve $-1 -1 $-1 9.400001525878908026 -1.774999618530295198 96.90000152587892046 0 2.220446049250312834e-16 -1.000000000000000222 F -3 F -0 #
coedge $-1 -1 $-1 $451 $406 $445 $569 reversed $291 $-1 #
straight-curve $-1 -1 $-1 9.400001525878908026 1.774999618530252121 96.90000152587892046 0 -2.220446049250312834e-16 1.000000000000000222 F 0 F 3 #
DXID-attrib $-1 -1 $-1 $-1 $409 @10 ASM ENTITY @2 11 #
face $643 -1 $-1 $162 $644 $5 $-1 $645 forward single #
plane-surface $-1 -1 $-1 -10.1999998092651385 -3.330669073875469621e-16 1.500000000000000222 1 0 0 0 1.000000000000000222 2.220446049250312834e-16 forward_v I I I I #
coedge $-1 -1 $-1 $587 $586 $646 $647 reversed $410 $-1 #
coedge $-1 -1 $-1 $648 $412 $558 $649 reversed $310 $-1 #
coedge $-1 -1 $-1 $412 $648 $561 $650 reversed $310 $-1 #
coedge $-1 -1 $-1 $555 $554 $412 $532 forward $556 $-1 #
edge $-1 -1 $-1 $651 0 $652 1 $531 $653 forward @7 tangent #
coedge $-1 -1 $-1 $414 $413 $654 $655 reversed $241 $-1 #
coedge $-1 -1 $-1 $656 $657 $413 $535 forward $658 $-1 #
edge $-1 -1 $-1 $659 -0 $539 1 $534 $660 forward @7 tangent #
coedge $-1 -1 $-1 $545 $544 $414 $537 forward $546 $-1 #
edge $-1 -1 $-1 $540 -1 $661 0 $536 $662 forward @7 tangent #
coedge $-1 -1 $-1 $415 $561 $656 $663 forward $424 $-1 #
vertex $-1 -1 $-1 $416 $664 #
vertex $-1 -1 $-1 $416 $665 #
straight-curve $-1 -1 $-1 12.50000000000000178 -6.079673972925198021e-07 95.90000152587892046 0 1.000000000000000222 2.220446049250312834e-16 F -4.200000154972077127 F 4.199999463558196311 #
coedge $-1 -1 $-1 $666 $430 $417 $543 forward $361 $-1 #
edge $-1 -1 $-1 $549 -11.69999948002043055 $547 11.69999823116121718 $542 $667 forward @7 unknown #
coedge $-1 -1 $-1 $536 $418 $423 $551 reversed $546 $-1 #
coedge $-1 -1 $-1 $418 $536 $666 $668 reversed $546 $-1 #
loop $-1 -1 $-1 $-1 $544 $567 #
vertex $-1 -1 $-1 $419 $669 #
straight-curve $-1 -1 $-1 11.69999885559082387 4.999999999999979572 96.90000152587892046 0 2.220446049250312834e-16 -1.000000000000000222 F -0 F 1 #
vertex $-1 -1 $-1 $543 $670 #
straight-curve $-1 -1 $-1 -11.69999885559082387 4.999999999999979572 96.90000152587892046 0 -2.220446049250312834e-16 1.000000000000000222 F -1 F 0 #
edge $-1 -1 $-1 $540 0 $425 1.570796326794887676 $423 $671 forward @7 unknown #
point $-1 -1 $-1 11.69999885559082919 4.999999999999976019 95.90000152587892046 #
point $-1 -1 $-1 -11.69999885559082387 4.999999999999979572 95.90000152587892046 #
coedge $-1 -1 $-1 $531 $428 $431 $559 reversed $556 $-1 #
coedge $-1 -1 $-1 $428 $531 $434 $562 reversed $556 $-1 #
loop $-1 -1 $-1 $-1 $428 $672 #
straight-curve $-1 -1 $-1 -12.50000000000000178 -4.199998855590842517 96.90000152587892046 0 -2.220446049250312834e-16 1.000000000000000222 F -1 F 0 #
coedge $-1 -1 $-1 $431 $673 $529 $649 forward $361 $-1 #
edge $-1 -1 $-1 $651 0 $432 1.570796326794896558 $431 $674 forward @7 unknown #
point $-1 -1 $-1 -12.50000000000000178 -4.199998855590842517 96.90000152587892046 #
coedge $-1 -1 $-1 $538 $434 $530 $650 forward $424 $-1 #
edge $-1 -1 $-1 $435 -1.570796326794896558 $652 0 $434 $675 forward @7 unknown #
point $-1 -1 $-1 -12.50000000000000178 -4.199998855590842517 95.90000152587892046 #
ellipse-curve $-1 -1 $-1 -11.69999885559082387 4.199998855590799884 95.90000152587892046 0 -2.220446049250312588e-16 1 0 0.8000011444091797985 1.776359380499092228e-16 1 F 0 F 1.570796326794896558 #
ellipse-curve $-1 -1 $-1 -11.69999885559082387 4.199998855590799884 96.90000152587892046 0 2.220446049250312588e-16 -1 0 0.8000011444091797985 1.776359380499092228e-16 1 F -1.570796326794896558 F 0 #
DXID-attrib $-1 -1 $-1 $-1 $439 @10 ASM ENTITY @2 31 #
face $676 -1 $-1 $677 $546 $5 $-1 $678 reversed single #
cone-surface $-1 -1 $-1 -11.69999885559082387 4.199998855590799884 96.90000152587892046 0 -2.220446049250312588e-16 1 0 0.8000011444091797985 1.776359380499092228e-16 1 I I 0 1 1.000000000000000222 forward I I I I #
edge $-1 -1 $-1 $455 -9.400000255022732176 $459 9.400000889386447511 $445 $679 forward @7 unknown #
ellipse-curve $-1 -1 $-1 -9.399999618530275214 -0.9749994277954325828 99.90000152587893467 0 2.220446049250312588e-16 -1 0 -0.8000001907348635033 -1.776357262916723845e-16 1 F 0 F 1.570796326794896558 #
ellipse-curve $-1 -1 $-1 -9.399999618530275214 -0.9749994277954319166 96.90000152587892046 0 -2.220446049250312588e-16 1 0 -0.8000001907348635033 -1.776357262916723845e-16 1 F -1.570796326794896558 F 0 #
straight-curve $-1 -1 $-1 -9.399999618530275214 1.774999618530252121 96.90000152587892046 0 2.220446049250312834e-16 -1.000000000000000222 F -3 F -0 #
point $-1 -1 $-1 -9.399999618530275214 1.774999618530252121 96.90000152587892046 #
point $-1 -1 $-1 -9.399999618530275214 1.774999618530251677 99.90000152587893467 #
point $-1 -1 $-1 9.400001525878908026 -1.774999618530296086 99.90000152587893467 #
point $-1 -1 $-1 9.400001525878908026 1.774999618530251677 99.90000152587893467 #
point $-1 -1 $-1 -9.399999618530275214 -1.774999618530295198 96.90000152587892046 #
DXID-attrib $-1 -1 $-1 $-1 $467 @10 ASM ENTITY @2 59 #
face $680 -1 $-1 $122 $681 $5 $-1 $682 forward single #
loop $-1 -1 $-1 $424 $683 $467 #
plane-surface $-1 -1 $-1 2.14576722612491748e-07 -2.622604568847112825e-07 95.90000152587892046 0 -2.220446049250312588e-16 1 0 -1.000000000000000222 -2.220446049250312834e-16 forward_v I I I I #
loop $-1 -1 $-1 $-1 $684 $360 #
coedge $-1 -1 $-1 $583 $583 $685 $686 forward $468 $-1 #
coedge $-1 -1 $-1 $687 $688 $470 $585 reversed $689 $-1 #
edge $-1 -1 $-1 $588 -1.570796326794896558 $599 0 $470 $690 forward @7 unknown #
coedge $-1 -1 $-1 $528 $471 $474 $591 reversed $410 $-1 #
coedge $-1 -1 $-1 $471 $528 $687 $691 reversed $410 $-1 #
vertex $-1 -1 $-1 $691 $692 #
straight-curve $-1 -1 $-1 10.20000076293945312 -1.083720817529610068e-07 3.000000000000000444 0 -1.000000000000000222 -2.220446049250312834e-16 F -0.9750004898418076493 F 0.9750002730976454757 #
coedge $-1 -1 $-1 $474 $473 $693 $694 reversed $475 $-1 #
edge $-1 -1 $-1 $695 0 $476 3 $474 $696 forward @7 tangent #
face $697 -1 $-1 $382 $475 $5 $-1 $698 reversed single #
point $-1 -1 $-1 10.20000076293945312 0.9750003814697261184 3.000000000000000444 #
coedge $-1 -1 $-1 $491 $693 $478 $595 reversed $607 $-1 #
edge $-1 -1 $-1 $495 -9.400000243351378515 $596 9.400000901057801173 $478 $699 forward @7 unknown #
vertex $-1 -1 $-1 $694 $700 #
straight-curve $-1 -1 $-1 9.400001525878908026 1.774999618530273882 3.941290890386357971e-16 0 -2.220446049250312834e-16 1.000000000000000222 F 0 F 3 #
coedge $-1 -1 $-1 $508 $481 $688 $701 forward $296 $-1 #
vertex $-1 -1 $-1 $701 $702 #
straight-curve $-1 -1 $-1 6.177208646818146306e-07 -1.774999618530274326 3 1.000000000000000222 0 0 F -9.400000236251138119 F 9.400000908158041568 #
coedge $-1 -1 $-1 $484 $483 $703 $704 reversed $485 $-1 #
point $-1 -1 $-1 -9.399999618530275214 -1.774999618530274326 3 #
coedge $-1 -1 $-1 $703 $491 $488 $604 forward $607 $-1 #
edge $-1 -1 $-1 $493 -0.9749996004433469921 $605 0.9749992551474733204 $603 $705 forward @7 unknown #
vertex $-1 -1 $-1 $489 $706 #
straight-curve $-1 -1 $-1 -10.1999998092651385 -0.9749994277954103783 -2.164933627469634126e-16 0 -2.220446049250312834e-16 1.000000000000000222 F 0 F 3 #
loop $-1 -1 $-1 $-1 $603 $707 #
ellipse-curve $-1 -1 $-1 -9.399999618530275214 0.9749994277954103783 2.164933627469634126e-16 0 -2.220446049250312588e-16 1 0 0.8000001907348635033 1.776357262916723845e-16 1 F 0 F 1.570796326794896558 #
point $-1 -1 $-1 -10.19999980926513672 0.9749994277954103783 2.164933627469634126e-16 #
point $-1 -1 $-1 -9.399999618530275214 1.774999618530273882 3.941290890386357971e-16 #
DXID-attrib $-1 -1 $-1 $-1 $498 @10 ASM ENTITY @2 42 #
cone-surface $-1 -1 $-1 -9.399999618530275214 -0.9749994277954103783 -2.164933627469634126e-16 0 2.220446049250312588e-16 -1 0 -0.8000001907348635033 -1.776357262916723845e-16 1 I I 0 1 1.000000000000000222 forward I I I I #
DXID-attrib $-1 -1 $-1 $-1 $501 @10 ASM ENTITY @2 48 #
face $708 -1 $-1 $709 $710 $5 $-1 $711 forward single #
loop $-1 -1 $-1 $-1 $712 $501 #
plane-surface $-1 -1 $-1 -15.69708797564873493 -1.467191372173106428e-07 59.70000076293946734 0 -2.220446049250312588e-16 1 0 -1.000000000000000222 -2.220446049250312834e-16 forward_v I I I I #
loop $-1 -1 $-1 $-1 $713 $386 #
coedge $-1 -1 $-1 $618 $618 $714 $715 forward $502 $-1 #
coedge $-1 -1 $-1 $716 $504 $717 $718 forward $387 $-1 #
coedge $-1 -1 $-1 $504 $716 $719 $720 forward $387 $-1 #
coedge $-1 -1 $-1 $642 $721 $504 $622 reversed $520 $-1 #
edge $-1 -1 $-1 $722 -1.492181515136427938 $723 1.492181627046241799 $504 $724 forward @7 unknown #
straight-curve $-1 -1 $-1 6.364924587387578107e-07 -1.774999618530296086 99.90000152587893467 -1.000000000000000222 0 0 F -9.400000889386447511 F 9.400000255022732176 #
point $-1 -1 $-1 -9.399999618530275214 -1.774999618530296086 99.90000152587893467 #
coedge $-1 -1 $-1 $725 $703 $508 $626 reversed $607 $-1 #
edge $-1 -1 $-1 $726 -9.400000901057801173 $627 9.400000243351378515 $508 $727 forward @7 unknown #
vertex $-1 -1 $-1 $509 $728 #
straight-curve $-1 -1 $-1 -9.399999618530275214 -1.774999618530273882 -3.941290890386357971e-16 0 -2.220446049250312834e-16 1.000000000000000222 F 0 F 3 #
loop $-1 -1 $-1 $729 $510 $730 #
vertex $-1 -1 $-1 $511 $731 #
ellipse-curve $-1 -1 $-1 8.000000541829132672 -2.897004151458661972e-07 41.70000076293946023 0 -2.220446049250312588e-16 1 0 -4.500000182678212113 -9.996391759486050014e-16 1 I I #
face $732 -1 $-1 $516 $733 $5 $-1 $734 reversed single #
point $-1 -1 $-1 -18.29359554620585016 1.515850007353941598 41.70000076293946023 #
coedge $-1 -1 $-1 $634 $634 $735 $736 reversed $515 $-1 #
DXID-attrib $-1 -1 $-1 $-1 $516 @10 ASM ENTITY @2 38 #
face $737 -1 $-1 $592 $689 $5 $-1 $738 reversed single #
cone-surface $-1 -1 $-1 2.979959603521820629e-07 -2.97995964060326711e-07 16.69999885559082387 8.027676662667701371e-19 -2.224994368125878588e-16 1 0 14.99999981878625377 3.337491511868861427e-15 1 I I 0 1 1.000000000000000222 forward I I I I #
DXID-attrib $-1 -1 $-1 $-1 $519 @10 ASM ENTITY @2 22 #
face $739 -1 $-1 $740 $741 $5 $-1 $742 forward single #
loop $-1 -1 $-1 $-1 $717 $519 #
cone-surface $-1 -1 $-1 -1.592050864474004113e-06 -3.71820179068116819e-07 99.90000152587893467 7.244133383343517398e-17 2.223220830689209641e-16 -1 0 -19.10000107300897554 -4.246352025169981081e-15 1 I I 0 1 1.000000000000000222 forward I I I I #
coedge $-1 -1 $-1 $743 $621 $744 $745 reversed $520 $-1 #
DXID-attrib $-1 -1 $-1 $-1 $526 @10 ASM ENTITY @2 12 #
loop $-1 -1 $-1 $746 $747 $526 #
cone-surface $-1 -1 $-1 4.869815839469994403e-08 -1.720155173611477087e-07 59.88960780311007426 4.483541846703781396e-09 -4.220026797518459991e-09 1 0 23.21805544949569367 9.798081618314135105e-08 1 I I -0.03773447894616223375 0.9992878009355771196 1.000000000000000222 forward I I I I #
coedge $-1 -1 $-1 $693 $725 $528 $647 forward $607 $-1 #
edge $-1 -1 $-1 $748 -0.9750002088217897267 $695 0.9750005541176633983 $646 $749 forward @7 unknown #
coedge $-1 -1 $-1 $530 $529 $750 $751 reversed $310 $-1 #
edge $-1 -1 $-1 $752 -11.70000013850984288 $651 11.69999948002043055 $558 $753 forward @7 unknown #
edge $-1 -1 $-1 $652 -11.69999943971633982 $754 11.70000017881393362 $561 $755 forward @7 unknown #
vertex $-1 -1 $-1 $532 $756 #
vertex $-1 -1 $-1 $532 $757 #
straight-curve $-1 -1 $-1 -11.69999885559082387 -5.000000000000022204 96.90000152587892046 0 2.220446049250312834e-16 -1.000000000000000222 F 0 F 1 #
coedge $-1 -1 $-1 $673 $666 $533 $655 forward $361 $-1 #
edge $-1 -1 $-1 $661 -4.199999491373695548 $659 4.200000127156577889 $654 $758 forward @7 unknown #
coedge $-1 -1 $-1 $750 $534 $538 $663 reversed $658 $-1 #
coedge $-1 -1 $-1 $534 $750 $673 $759 reversed $658 $-1 #
loop $-1 -1 $-1 $-1 $750 $677 #
vertex $-1 -1 $-1 $535 $760 #
straight-curve $-1 -1 $-1 12.50000000000000178 -4.200000762939475329 96.90000152587892046 0 2.220446049250312834e-16 -1.000000000000000222 F -0 F 1 #
vertex $-1 -1 $-1 $655 $761 #
straight-curve $-1 -1 $-1 12.50000000000000178 4.199998855590799884 96.90000152587892046 0 -2.220446049250312834e-16 1.000000000000000222 F -1 F 0 #
edge $-1 -1 $-1 $754 0 $539 1.570796326794896558 $538 $762 forward @7 unknown #
point $-1 -1 $-1 12.50000000000000178 -4.200000762939475329 95.90000152587892046 #
point $-1 -1 $-1 12.50000000000000178 4.199998855590799884 95.90000152587892046 #
coedge $-1 -1 $-1 $654 $542 $545 $668 forward $361 $-1 #
straight-curve $-1 -1 $-1 6.244296102408953779e-07 4.999999999999979572 96.90000152587892046 1.000000000000000222 0 0 F -11.69999948002043055 F 11.69999823116121718 #
edge $-1 -1 $-1 $547 -1.570796326794887676 $661 0 $666 $763 forward @7 unknown #
point $-1 -1 $-1 11.69999885559082919 4.999999999999976019 96.90000152587892046 #
point $-1 -1 $-1 -11.69999885559082387 4.999999999999979572 96.90000152587892046 #
ellipse-curve $-1 -1 $-1 11.69999885559082387 4.199998855590799884 95.90000152587892046 0 -2.220446049250312588e-16 1 0.8000011444091797985 0 0 1 F 0 F 1.570796326794887676 #
face $764 -1 $-1 $765 $556 $5 $-1 $766 reversed single #
coedge $-1 -1 $-1 $558 $654 $657 $759 forward $361 $-1 #
ellipse-curve $-1 -1 $-1 -11.69999885559082387 -4.199998855590842517 96.90000152587892046 0 2.220446049250312588e-16 -1 0 -0.8000011444091797985 -1.776359380499092228e-16 1 F 0 F 1.570796326794896558 #
ellipse-curve $-1 -1 $-1 -11.69999885559082387 -4.199998855590842517 95.90000152587892046 0 -2.220446049250312588e-16 1 0 -0.8000011444091797985 -1.776359380499092228e-16 1 F -1.570796326794896558 F 0 #
DXID-attrib $-1 -1 $-1 $-1 $567 @10 ASM ENTITY @2 32 #
face $767 -1 $-1 $672 $658 $5 $-1 $768 reversed single #
cone-surface $-1 -1 $-1 11.69999885559082387 4.199998855590799884 96.90000152587892046 0 -2.220446049250312588e-16 1 0.8000011444091797985 0 0 1 I I 0 1 1.000000000000000222 forward I I I I #
straight-curve $-1 -1 $-1 6.364924587387578107e-07 1.774999618530251677 99.90000152587893467 1.000000000000000222 0 0 F -9.400000255022732176 F 9.400000889386447511 #
DXID-attrib $-1 -1 $-1 $-1 $579 @10 ASM ENTITY @2 60 #
loop $-1 -1 $-1 $769 $770 $579 #
plane-surface $-1 -1 $-1 2.964122884918652364e-07 -2.641935631819689809e-07 16.69999885559082387 0 -2.220446049250312588e-16 1 0 -1.000000000000000222 -2.220446049250312834e-16 forward_v I I I I #
coedge $-1 -1 $-1 $683 $683 $771 $772 forward $580 $-1 #
coedge $-1 -1 $-1 $684 $684 $773 $774 forward $582 $-1 #
coedge $-1 -1 $-1 $685 $685 $583 $686 reversed $775 $-1 #
edge $-1 -1 $-1 $776 1.57079632035063077 $776 7.853981627530217224 $583 $777 forward @7 unknown #
coedge $-1 -1 $-1 $778 $584 $587 $691 forward $689 $-1 #
coedge $-1 -1 $-1 $584 $778 $598 $701 reversed $689 $-1 #
loop $-1 -1 $-1 $-1 $688 $636 #
ellipse-curve $-1 -1 $-1 9.400001525878908026 -0.9750003814697273397 3.000000000000000444 0 2.220446049250312588e-16 -1 0 -0.799999237060546986 -1.776355145334355956e-16 1 F -1.570796326794896558 F 0 #
edge $-1 -1 $-1 $588 -3 $748 -0 $687 $779 forward @7 tangent #
point $-1 -1 $-1 10.20000076293945312 -0.9750003814697273397 3.000000000000000444 #
coedge $-1 -1 $-1 $594 $646 $590 $694 forward $607 $-1 #
edge $-1 -1 $-1 $695 -1.570796326794896558 $596 0 $693 $780 forward @7 unknown #
vertex $-1 -1 $-1 $647 $781 #
straight-curve $-1 -1 $-1 10.20000076293945312 0.9750003814697267845 2.164935745052002508e-16 0 -2.220446049250312834e-16 1.000000000000000222 F 0 F 3 #
DXID-attrib $-1 -1 $-1 $-1 $592 @10 ASM ENTITY @2 40 #
cone-surface $-1 -1 $-1 9.400001525878908026 0.9750003814697267845 2.164935745052002508e-16 0 2.220446049250312588e-16 -1 0 0.799999237060546986 1.776355145334355956e-16 1 I I 0 1 1.000000000000000222 forward I I I I #
straight-curve $-1 -1 $-1 6.248211050774445838e-07 1.774999618530273882 3.941290890386357971e-16 1.000000000000000222 0 0 F -9.400000243351378515 F 9.400000901057801173 #
point $-1 -1 $-1 9.400001525878908026 1.774999618530273882 3.941290890386357971e-16 #
edge $-1 -1 $-1 $599 -3 $726 -0 $598 $782 forward @7 tangent #
point $-1 -1 $-1 9.400001525878908026 -1.774999618530274326 3 #
coedge $-1 -1 $-1 $625 $603 $601 $704 forward $607 $-1 #
edge $-1 -1 $-1 $605 -1.570796326794896558 $627 0 $703 $783 forward @7 unknown #
straight-curve $-1 -1 $-1 -10.1999998092651385 -1.726479368358014273e-07 -3.833554292582727605e-23 0 -1.000000000000000222 -2.220446049250312834e-16 F -0.9749996004433469921 F 0.9749992551474733204 #
point $-1 -1 $-1 -10.19999980926513672 -0.9749994277954103783 -2.164933627469634126e-16 #
face $784 -1 $-1 $272 $785 $5 $-1 $786 reversed single #
DXID-attrib $-1 -1 $-1 $-1 $614 @10 ASM ENTITY @2 49 #
face $787 -1 $-1 $788 $789 $5 $-1 $790 reversed single #
loop $-1 -1 $-1 $-1 $791 $614 #
plane-surface $-1 -1 $-1 -15.9815000020540694 -1.014743776744757298e-14 45.69999694824219461 0 -2.220446049250312588e-16 1 0 -1.000000000000000222 -2.220446049250312834e-16 forward_v I I I I #
coedge $-1 -1 $-1 $792 $793 $794 $795 forward $615 $-1 #
coedge $-1 -1 $-1 $796 $797 $798 $799 forward $617 $-1 #
coedge $-1 -1 $-1 $714 $714 $618 $715 reversed $800 $-1 #
edge $-1 -1 $-1 $801 1.570796308518236151 $801 7.853981615697822605 $618 $802 forward @7 unknown #
coedge $-1 -1 $-1 $620 $619 $803 $804 forward $387 $-1 #
coedge $-1 -1 $-1 $805 $806 $619 $718 reversed $640 $-1 #
edge $-1 -1 $-1 $723 0.1572300537602921988 $807 2.984362600514203656 $619 $808 forward @7 unknown #
coedge $-1 -1 $-1 $809 $744 $620 $720 reversed $810 $-1 #
edge $-1 -1 $-1 $811 -2.984362642309391855 $722 -0.1572300119651044714 $620 $812 forward @7 unknown #
coedge $-1 -1 $-1 $621 $743 $805 $813 reversed $520 $-1 #
vertex $-1 -1 $-1 $745 $814 #
vertex $-1 -1 $-1 $813 $815 #
ellipse-curve $-1 -1 $-1 2.113921695467980118e-07 -19.10000031832896283 99.90000152587890625 0 2.220446049250312588e-16 -1 0 2.999999916580621928 3.773095181996522342e-15 1 F -1.492181515136427938 F 1.492181627046241799 #
coedge $-1 -1 $-1 $646 $625 $778 $816 forward $607 $-1 #
vertex $-1 -1 $-1 $701 $817 #
straight-curve $-1 -1 $-1 6.248211050774445838e-07 -1.774999618530273882 -3.941290890386357971e-16 -1.000000000000000222 0 0 F -9.400000901057801173 F 9.400000243351378515 #
point $-1 -1 $-1 -9.399999618530275214 -1.774999618530273882 -3.941290890386357971e-16 #
loop $-1 -1 $-1 $-1 $773 $730 #
face $818 -1 $-1 $632 $629 $5 $-1 $819 reversed single #
point $-1 -1 $-1 3.500000359150932105 -3.412825594638390781e-14 41.70000076293946023 #
DXID-attrib $-1 -1 $-1 $-1 $632 @10 ASM ENTITY @2 37 #
loop $-1 -1 $-1 $512 $820 $632 #
cone-surface $-1 -1 $-1 2.991203267299625242e-07 -4.036031619358840227e-07 41.70000076293946023 5.44767855084689112e-19 -2.227420787576566513e-16 1 0 18.35629187555411335 4.088718610643206573e-15 1 I I 0 1 1.000000000000000222 forward I I I I #
coedge $-1 -1 $-1 $735 $735 $634 $736 forward $769 $-1 #
edge $-1 -1 $-1 $821 -1.570796306928498254 $821 4.712389000251087978 $735 $822 forward @7 unknown #
DXID-attrib $-1 -1 $-1 $-1 $636 @10 ASM ENTITY @2 39 #
cone-surface $-1 -1 $-1 9.400001525878908026 -0.9750003814697267845 -2.164935745052002508e-16 0 2.220446049250312588e-16 -1 0 -0.799999237060546986 -1.776355145334355956e-16 1 I I 0 1 1.000000000000000222 forward I I I I #
DXID-attrib $-1 -1 $-1 $-1 $639 @10 ASM ENTITY @2 23 #
face $823 -1 $-1 $824 $810 $5 $-1 $825 reversed single #
loop $-1 -1 $-1 $-1 $803 $639 #
cone-surface $-1 -1 $-1 2.113921659940843066e-07 19.09999957854709862 99.90000152587893467 6.500282205012268481e-18 -1.336283800668747069e-16 1 0 2.999999903877740959 4.008851273559624117e-16 1 I I 0 1 1.000000000000000222 forward I I I I #
coedge $-1 -1 $-1 $721 $642 $826 $827 reversed $520 $-1 #
coedge $-1 -1 $-1 $719 $828 $642 $745 forward $810 $-1 #
edge $-1 -1 $-1 $829 -12.79999542236329546 $722 -1.421085471520217096e-14 $744 $830 forward @7 unknown #
loop $-1 -1 $-1 $800 $831 $526 #
coedge $-1 -1 $-1 $747 $747 $832 $833 reversed $644 $-1 #
vertex $-1 -1 $-1 $647 $834 #
straight-curve $-1 -1 $-1 10.20000076293945312 -1.726479368358014273e-07 -3.833554292582727605e-23 0 1.000000000000000222 2.220446049250312834e-16 F -0.9750002088217897267 F 0.9750005541176633983 #
coedge $-1 -1 $-1 $657 $656 $648 $751 forward $658 $-1 #
edge $-1 -1 $-1 $754 -1 $752 0 $750 $835 forward @7 tangent #
vertex $-1 -1 $-1 $649 $836 #
straight-curve $-1 -1 $-1 6.244296102408953779e-07 -5.000000000000022204 96.90000152587892046 -1.000000000000000222 0 0 F -11.70000013850984288 F 11.69999948002043055 #
vertex $-1 -1 $-1 $751 $837 #
straight-curve $-1 -1 $-1 5.841255195093709666e-07 -5.000000000000022204 95.90000152587892046 1.000000000000000222 0 0 F -11.69999943971633982 F 11.70000017881393362 #
point $-1 -1 $-1 -11.69999885559082387 -5.000000000000022204 96.90000152587892046 #
point $-1 -1 $-1 -11.69999885559082387 -5.000000000000022204 95.90000152587892046 #
straight-curve $-1 -1 $-1 12.50000000000000178 -6.357828967518136486e-07 96.90000152587892046 0 -1.000000000000000222 -2.220446049250312834e-16 F -4.199999491373695548 F 4.200000127156577889 #
edge $-1 -1 $-1 $659 -1.570796326794896558 $752 0 $673 $838 forward @7 unknown #
point $-1 -1 $-1 12.50000000000000178 -4.200000762939475329 96.90000152587892046 #
point $-1 -1 $-1 12.50000000000000178 4.199998855590799884 96.90000152587892046 #
ellipse-curve $-1 -1 $-1 11.7000007629394549 -4.200000762939475329 95.90000152587892046 0 -2.220446049250312588e-16 1 0 -0.799999237060546986 -1.776355145334355956e-16 1 F 0 F 1.570796326794896558 #
ellipse-curve $-1 -1 $-1 11.69999885559082387 4.199998855590799884 96.90000152587892046 0 2.220446049250312588e-16 -1 0.8000011444091797985 0 0 1 F -1.570796326794887676 F 0 #
DXID-attrib $-1 -1 $-1 $-1 $672 @10 ASM ENTITY @2 34 #
face $839 -1 $-1 $730 $775 $5 $-1 $840 reversed single #
cone-surface $-1 -1 $-1 -11.69999885559082387 -4.199998855590842517 96.90000152587892046 0 -2.220446049250312588e-16 1 0 -0.8000011444091797985 -1.776359380499092228e-16 1 I I 0 1 1.000000000000000222 forward I I I I #
DXID-attrib $-1 -1 $-1 $-1 $677 @10 ASM ENTITY @2 33 #
cone-surface $-1 -1 $-1 11.7000007629394549 -4.200000762939475329 96.90000152587892046 0 -2.220446049250312588e-16 1 0 -0.799999237060546986 -1.776355145334355956e-16 1 I I 0 1 1.000000000000000222 forward I I I I #
loop $-1 -1 $-1 $-1 $735 $579 #
coedge $-1 -1 $-1 $770 $770 $820 $841 forward $681 $-1 #
coedge $-1 -1 $-1 $771 $771 $683 $772 reversed $842 $-1 #
edge $-1 -1 $-1 $843 -1.57079632035063077 $843 4.71238898682895524 $683 $844 forward @7 unknown #
coedge $-1 -1 $-1 $773 $773 $684 $774 reversed $729 $-1 #
edge $-1 -1 $-1 $845 1.57079639117275649 $845 7.853981698352342278 $684 $846 forward @7 unknown #
loop $-1 -1 $-1 $842 $685 $765 #
vertex $-1 -1 $-1 $686 $847 #
ellipse-curve $-1 -1 $-1 1.042636945669528624e-07 -1.042637158166208761e-07 63.69999694824220171 0 -2.220446049250312588e-16 1 0 16.17929865010204438 4.271710407123563141e-15 1 I I #
coedge $-1 -1 $-1 $688 $687 $725 $816 reversed $689 $-1 #
straight-curve $-1 -1 $-1 10.20000076293945312 -0.9750003814697267845 -2.164935745052002508e-16 0 2.220446049250312834e-16 -1.000000000000000222 F -3 F -0 #
ellipse-curve $-1 -1 $-1 9.400001525878908026 0.9750003814697267845 2.164935745052002508e-16 0 -2.220446049250312588e-16 1 0 0.799999237060546986 1.776355145334355956e-16 1 F -1.570796326794896558 F 0 #
point $-1 -1 $-1 10.20000076293945312 0.9750003814697267845 2.164935745052002508e-16 #
straight-curve $-1 -1 $-1 9.400001525878908026 -1.774999618530273882 -3.941290890386357971e-16 0 2.220446049250312834e-16 -1.000000000000000222 F -3 F -0 #
ellipse-curve $-1 -1 $-1 -9.399999618530275214 -0.9749994277954103783 -2.164933627469634126e-16 0 -2.220446049250312588e-16 1 0 -0.8000001907348635033 -1.776357262916723845e-16 1 F -1.570796326794896558 F 0 #
DXID-attrib $-1 -1 $-1 $-1 $707 @10 ASM ENTITY @2 56 #
loop $-1 -1 $-1 $607 $848 $707 #
plane-surface $-1 -1 $-1 2.959678901959251181e-07 -3.452958736716028547e-07 -7.66710858516545521e-23 0 -2.220446049250312588e-16 1 0 -1.000000000000000222 -2.220446049250312834e-16 forward_v I I I I #
DXID-attrib $-1 -1 $-1 $-1 $709 @10 ASM ENTITY @2 50 #
face $849 -1 $-1 $850 $851 $5 $-1 $852 reversed single #
loop $-1 -1 $-1 $853 $832 $709 #
plane-surface $-1 -1 $-1 1.967980942652048345e-07 -3.283393816166935788e-07 12.6999998092651385 0 -2.220446049250312588e-16 1 0 -1.000000000000000222 -2.220446049250312834e-16 forward_v I I I I #
coedge $-1 -1 $-1 $854 $855 $856 $857 forward $710 $-1 #
coedge $-1 -1 $-1 $858 $712 $859 $860 reversed $615 $-1 #
coedge $-1 -1 $-1 $712 $861 $862 $863 forward $615 $-1 #
coedge $-1 -1 $-1 $864 $865 $712 $795 reversed $866 $-1 #
edge $-1 -1 $-1 $867 -3.235187100696373719 $868 18.91002941131590376 $712 $869 forward @7 tangent #
coedge $-1 -1 $-1 $826 $713 $870 $871 forward $617 $-1 #
coedge $-1 -1 $-1 $713 $826 $828 $872 forward $617 $-1 #
coedge $-1 -1 $-1 $873 $874 $713 $799 reversed $741 $-1 #
edge $-1 -1 $-1 $875 1.649411139377262581 $876 4.633774279712147504 $713 $877 forward @7 unknown #
loop $-1 -1 $-1 $-1 $714 $526 #
vertex $-1 -1 $-1 $715 $878 #
ellipse-curve $-1 -1 $-1 2.818824498262984509e-07 -3.914946697269877485e-07 112.6999969482422159 0 -2.220446049250312588e-16 1 3.593296327153439879e-09 21.22386266992818804 4.712644201527323092e-15 1 I I #
coedge $-1 -1 $-1 $874 $873 $716 $804 reversed $741 $-1 #
edge $-1 -1 $-1 $807 1.649411027467438728 $811 4.633774167802323873 $716 $879 forward @7 unknown #
coedge $-1 -1 $-1 $870 $717 $721 $813 forward $640 $-1 #
coedge $-1 -1 $-1 $717 $870 $874 $880 reversed $640 $-1 #
vertex $-1 -1 $-1 $718 $881 #
ellipse-curve $-1 -1 $-1 -1.592050864474004113e-06 -3.71820179068116819e-07 99.90000152587893467 0 -2.220446049250312588e-16 1 0 -19.10000107300897554 -4.246352025169981081e-15 1 F 0.1572300537602921988 F 2.984362600514203656 #
coedge $-1 -1 $-1 $828 $719 $873 $882 forward $810 $-1 #
loop $-1 -1 $-1 $-1 $809 $740 #
vertex $-1 -1 $-1 $804 $883 #
ellipse-curve $-1 -1 $-1 1.179845700249871e-06 -3.718201897262578025e-07 99.90000152587893467 0 -2.220446049250312588e-16 1 0 -19.10000060754436291 -4.236782609191672091e-15 1 F -2.984362642309391855 F -0.1572300119651044714 #
edge $-1 -1 $-1 $723 1.42108547152055883e-14 $884 12.79999542236329546 $805 $885 forward @7 unknown #
point $-1 -1 $-1 -2.990734046025562254 -18.86439874596041122 99.90000152587893467 #
point $-1 -1 $-1 2.990734495140675797 -18.86439908065571203 99.90000152587893467 #
edge $-1 -1 $-1 $726 0 $748 1.570796326794896558 $725 $886 forward @7 unknown #
point $-1 -1 $-1 9.400001525878908026 -1.774999618530273882 -3.941290890386357971e-16 #
DXID-attrib $-1 -1 $-1 $-1 $730 @10 ASM ENTITY @2 36 #
cone-surface $-1 -1 $-1 8.000000541829132672 -2.897004151458661972e-07 41.70000076293946023 1.202240734667356617e-18 2.221420300817991329e-16 -1 0 -4.500000182678212113 -9.996391759486050014e-16 1 I I 0 1 1.000000000000000222 forward I I I I #
coedge $-1 -1 $-1 $820 $820 $770 $841 reversed $733 $-1 #
vertex $-1 -1 $-1 $736 $887 #
ellipse-curve $-1 -1 $-1 2.979959603521820629e-07 -2.97995964060326711e-07 16.69999885559082387 0 2.220446049250312588e-16 -1 0 14.99999981878625377 3.337491511868861427e-15 1 I I #
DXID-attrib $-1 -1 $-1 $-1 $740 @10 ASM ENTITY @2 24 #
face $888 -1 $-1 $889 $890 $5 $-1 $891 reversed single #
cone-surface $-1 -1 $-1 1.179845700249871e-06 -3.718201897262578025e-07 99.90000152587893467 -1.483756629145889478e-17 2.218210719594518273e-16 -1 0 -19.10000060754436291 -4.236782609191672091e-15 1 I I 0 1 1.000000000000000222 forward I I I I #
coedge $-1 -1 $-1 $797 $796 $743 $827 forward $617 $-1 #
edge $-1 -1 $-1 $884 -1.492181627046236914 $829 1.492181515136423053 $826 $892 forward @7 unknown #
coedge $-1 -1 $-1 $744 $809 $797 $872 reversed $810 $-1 #
vertex $-1 -1 $-1 $745 $893 #
straight-curve $-1 -1 $-1 -2.990734046037542004 -18.86439874592309351 99.90000152587890625 -1.483756629145889786e-17 2.218210719594518766e-16 -1.000000000000000222 F -12.79999542236329546 F -1.421085471520217096e-14 #
coedge $-1 -1 $-1 $862 $894 $864 $895 reversed $746 $-1 #
coedge $-1 -1 $-1 $832 $832 $747 $833 forward $789 $-1 #
edge $-1 -1 $-1 $896 -1.570796328208591275 $896 4.712388978970994735 $832 $897 forward @7 unknown #
point $-1 -1 $-1 10.20000076293945312 -0.9750003814697267845 -2.164935745052002508e-16 #
straight-curve $-1 -1 $-1 11.7000007629394549 -5.000000000000022204 96.90000152587892046 0 -2.220446049250312834e-16 1.000000000000000222 F -1 F 0 #
point $-1 -1 $-1 11.7000007629394549 -5.000000000000022204 96.90000152587892046 #
point $-1 -1 $-1 11.7000007629394549 -5.000000000000022204 95.90000152587892046 #
ellipse-curve $-1 -1 $-1 11.7000007629394549 -4.200000762939475329 96.90000152587892046 0 2.220446049250312588e-16 -1 0 -0.799999237060546986 -1.776355145334355956e-16 1 F -1.570796326794896558 F 0 #
DXID-attrib $-1 -1 $-1 $-1 $765 @10 ASM ENTITY @2 35 #
cone-surface $-1 -1 $-1 1.042636945669528624e-07 -1.042637229664581711e-07 95.90000152587892046 1.485470835874071273e-17 -2.640232125943618279e-16 1 0 16.17929865010204438 4.271710407123563141e-15 1 I I 0 1 1.000000000000000222 forward I I I I #
edge $-1 -1 $-1 $898 1.488122844516438725 $898 7.771308151696024957 $770 $899 forward @7 unknown #
loop $-1 -1 $-1 $-1 $771 $765 #
vertex $-1 -1 $-1 $772 $900 #
ellipse-curve $-1 -1 $-1 1.042636945669528624e-07 -1.042637229664581711e-07 95.90000152587892046 0 2.220446049250312588e-16 -1 0 16.17929865010204438 4.271710407123563141e-15 1 I I #
vertex $-1 -1 $-1 $774 $901 #
ellipse-curve $-1 -1 $-1 8.000000541829132672 -2.897004200308466585e-07 63.69999694824220171 0 2.220446049250312588e-16 -1 0 -4.500000182678212113 -9.996391759486050014e-16 1 I I #
point $-1 -1 $-1 -16.17929854583834981 -1.414424065609813652e-14 63.69999694824220171 #
coedge $-1 -1 $-1 $902 $903 $904 $905 forward $785 $-1 #
DXID-attrib $-1 -1 $-1 $-1 $788 @10 ASM ENTITY @2 51 #
face $906 -1 $-1 $907 $908 $5 $-1 $909 reversed single #
loop $-1 -1 $-1 $-1 $910 $788 #
plane-surface $-1 -1 $-1 -11.49999988079071223 2.499999999999988898 52.69999885559083452 0 -1 -2.220446049250312588e-16 1.000000000000000222 0 0 forward_v I I I I #
loop $-1 -1 $-1 $-1 $911 $709 #
coedge $-1 -1 $-1 $912 $791 $913 $914 reversed $710 $-1 #
coedge $-1 -1 $-1 $791 $915 $894 $916 forward $710 $-1 #
coedge $-1 -1 $-1 $917 $918 $791 $857 reversed $890 $-1 #
edge $-1 -1 $-1 $919 -3.846416880466567711 $920 18.85262632369995117 $791 $921 forward @7 tangent #
coedge $-1 -1 $-1 $922 $792 $923 $924 reversed $615 $-1 #
coedge $-1 -1 $-1 $925 $926 $792 $860 forward $927 $-1 #
edge $-1 -1 $-1 $928 -2.690722710047012356 $868 1.809277289952987644 $859 $929 forward @7 unknown #
coedge $-1 -1 $-1 $793 $930 $931 $932 forward $615 $-1 #
coedge $-1 -1 $-1 $933 $831 $793 $863 reversed $746 $-1 #
edge $-1 -1 $-1 $934 -1.876953304362230401 $867 -1.264639315913859585 $793 $935 forward @7 unknown #
coedge $-1 -1 $-1 $936 $794 $831 $895 forward $866 $-1 #
coedge $-1 -1 $-1 $794 $936 $925 $937 reversed $866 $-1 #
loop $-1 -1 $-1 $-1 $936 $889 #
vertex $-1 -1 $-1 $895 $938 #
vertex $-1 -1 $-1 $937 $939 #
straight-curve $-1 -1 $-1 -18.91002941131590376 7.000000351143809141 59.70000076293946734 1 -1.856918437652314011e-08 -4.123187208665143722e-24 F -3.235187100696373719 F 18.91002941131590376 #
coedge $-1 -1 $-1 $806 $805 $796 $871 reversed $640 $-1 #
edge $-1 -1 $-1 $876 -2.984362600514203656 $884 -0.1572300537602921988 $796 $940 forward @7 unknown #
edge $-1 -1 $-1 $829 0.1572300119651044714 $875 2.984362642309391855 $797 $941 forward @7 unknown #
coedge $-1 -1 $-1 $803 $798 $809 $882 reversed $741 $-1 #
coedge $-1 -1 $-1 $798 $803 $806 $880 forward $741 $-1 #
vertex $-1 -1 $-1 $799 $942 #
vertex $-1 -1 $-1 $871 $943 #
ellipse-curve $-1 -1 $-1 2.113921659940843066e-07 19.09999957854709862 112.6999969482422159 0 -2.220446049250312588e-16 1 0 2.999999903877740959 4.008851273559624117e-16 1 F 1.649411139377262581 F 4.633774279712147504 #
point $-1 -1 $-1 -21.22386238804573111 -3.923528101262667434e-14 112.6999969482422159 #
ellipse-curve $-1 -1 $-1 2.113921659940843066e-07 19.09999957854709862 99.90000152587893467 0 2.220446049250312588e-16 -1 0 2.999999903877740959 4.008851273559624117e-16 1 F 1.649411027467438728 F 4.633774167802323873 #
edge $-1 -1 $-1 $807 1.42108547152073238e-14 $876 12.79999542236329546 $874 $944 forward @7 unknown #
point $-1 -1 $-1 2.990734482231684588 18.86439833911053299 99.90000152587893467 #
edge $-1 -1 $-1 $811 5.495558482266159718e-28 $875 12.79999542236328125 $809 $945 forward @7 unknown #
point $-1 -1 $-1 -2.990734033116571045 18.86439800441520731 99.90000152587893467 #
vertex $-1 -1 $-1 $827 $946 #
straight-curve $-1 -1 $-1 2.990734495190122022 -18.86439908064253856 99.90000152587890625 -7.244133383343518631e-17 -2.223220830689210134e-16 1.000000000000000222 F 1.42108547152055883e-14 F 12.79999542236329546 #
ellipse-curve $-1 -1 $-1 9.400001525878908026 -0.9750003814697267845 -2.164935745052002508e-16 0 -2.220446049250312588e-16 1 0 -0.799999237060546986 -1.776355145334355956e-16 1 F 0 F 1.570796326794896558 #
point $-1 -1 $-1 -14.99999952079028986 6.949996388263365697e-15 16.69999885559082387 #
DXID-attrib $-1 -1 $-1 $-1 $824 @10 ASM ENTITY @2 25 #
face $947 -1 $-1 $948 $866 $5 $-1 $949 reversed single #
loop $-1 -1 $-1 $-1 $917 $824 #
cone-surface $-1 -1 $-1 -18.85262632369995472 -7.000000007011186298 52.69999885559083452 -1 1.822780835726085787e-09 4.0473865053371702e-25 0 1.554312657991692587e-15 -7.000001907348634589 1 I I 0 1 1.000000000000000222 forward I I I I #
ellipse-curve $-1 -1 $-1 2.113921695467980118e-07 -19.1000003183289806 112.6999969482422017 0 -2.220446049250312588e-16 1 0 2.999999916580621928 3.773095181996522342e-15 1 F -1.492181627046236914 F 1.492181515136423053 #
point $-1 -1 $-1 -2.990734046025562254 -18.86439874596041477 112.6999969482422159 #
coedge $-1 -1 $-1 $831 $933 $855 $916 reversed $746 $-1 #
edge $-1 -1 $-1 $867 -32.99750262880066032 $950 -10.64599177813976461 $864 $951 forward @7 unknown #
vertex $-1 -1 $-1 $833 $952 #
ellipse-curve $-1 -1 $-1 -1.671110467782455354e-07 3.110974307052321487e-08 12.6999998092651385 0 2.220446049250312588e-16 -1 4.232621364508305223e-09 24.99999981792914028 5.55111508269792822e-15 1 I I #
vertex $-1 -1 $-1 $841 $953 #
ellipse-curve $-1 -1 $-1 2.991203267299625242e-07 -4.036031563847684232e-07 16.69999885559082387 0 -2.220446049250312588e-16 1 0 18.35629187555411335 4.088718610643206573e-15 1 I I #
point $-1 -1 $-1 -16.17929854583834981 -2.129407795112368135e-14 95.90000152587892046 #
point $-1 -1 $-1 3.500000359150932105 -3.901323640770164934e-14 63.69999694824220171 #
coedge $-1 -1 $-1 $954 $848 $955 $956 forward $785 $-1 #
coedge $-1 -1 $-1 $848 $954 $957 $958 forward $785 $-1 #
coedge $-1 -1 $-1 $959 $960 $848 $905 reversed $961 $-1 #
edge $-1 -1 $-1 $962 1.649950258000980163 $963 4.633235215785943772 $848 $964 forward @7 unknown #
DXID-attrib $-1 -1 $-1 $-1 $850 @10 ASM ENTITY @2 52 #
face $965 -1 $-1 $966 $967 $5 $-1 $968 forward single #
loop $-1 -1 $-1 $-1 $969 $850 #
plane-surface $-1 -1 $-1 -22.99999976158142445 -1.170175042543926418e-14 52.69999885559083452 1 0 0 0 1.000000000000000222 2.220446049250312834e-16 forward_v I I I I #
coedge $-1 -1 $-1 $923 $970 $971 $972 reversed $851 $-1 #
coedge $-1 -1 $-1 $973 $974 $975 $976 forward $853 $-1 #
coedge $-1 -1 $-1 $977 $854 $978 $979 reversed $710 $-1 #
coedge $-1 -1 $-1 $980 $981 $854 $914 forward $982 $-1 #
edge $-1 -1 $-1 $983 -2.69072323753720255 $920 1.809276803696445057 $913 $984 forward @7 unknown #
coedge $-1 -1 $-1 $855 $985 $936 $986 forward $710 $-1 #
edge $-1 -1 $-1 $950 1.271666498580957816 $919 1.86992612723163032 $855 $987 forward @7 unknown #
coedge $-1 -1 $-1 $931 $856 $933 $988 forward $890 $-1 #
coedge $-1 -1 $-1 $856 $931 $980 $989 reversed $890 $-1 #
vertex $-1 -1 $-1 $988 $990 #
vertex $-1 -1 $-1 $989 $991 #
straight-curve $-1 -1 $-1 -18.85262632369995472 -7.000000007011184522 45.69999694824219461 1.000000000000000222 -1.8227808357260862e-09 -4.047386505337171118e-25 F -3.846416880466567711 F 18.85262632369995117 #
coedge $-1 -1 $-1 $992 $858 $993 $994 reversed $615 $-1 #
coedge $-1 -1 $-1 $995 $910 $858 $924 forward $851 $-1 #
edge $-1 -1 $-1 $996 -9.401455833361698211 $928 13.59854392821972269 $923 $997 forward @7 unknown #
coedge $-1 -1 $-1 $998 $859 $865 $937 forward $927 $-1 #
coedge $-1 -1 $-1 $859 $998 $995 $999 forward $927 $-1 #
loop $-1 -1 $-1 $-1 $998 $1000 #
vertex $-1 -1 $-1 $860 $1001 #
straight-curve $-1 -1 $-1 0 5.190722710046999921 59.70000076293946734 0 1.000000000000000222 2.220446049250312834e-16 F -2.690722710047012356 F 1.809277289952987644 #
coedge $-1 -1 $-1 $861 $992 $1002 $1003 reversed $615 $-1 #
coedge $-1 -1 $-1 $918 $917 $861 $932 reversed $890 $-1 #
edge $-1 -1 $-1 $1004 -18.85262632369995117 $934 3.292590423878516415 $861 $1005 forward @7 tangent #
coedge $-1 -1 $-1 $894 $862 $917 $988 reversed $746 $-1 #
vertex $-1 -1 $-1 $863 $1006 #
ellipse-curve $-1 -1 $-1 4.391591090779912272e-08 -1.675143427748439789e-07 59.70000076293946734 0 2.220446049250312588e-16 -1 3.932136394269037655e-09 23.22521527157964982 5.157033749276707063e-15 1 F -1.876953304362230401 F -1.264639315913859585 #
coedge $-1 -1 $-1 $865 $864 $915 $986 reversed $866 $-1 #
edge $-1 -1 $-1 $868 1.570796326794896558 $1007 4.712388980384689674 $925 $1008 forward @7 unknown #
point $-1 -1 $-1 -22.1452165120122757 7.000000411218580965 59.70000076293946734 #
point $-1 -1 $-1 0 6.999999999999988454 59.70000076293946734 #
ellipse-curve $-1 -1 $-1 -1.592050864474004113e-06 -3.718201819102866927e-07 112.6999969482422159 0 2.220446049250312588e-16 -1 0 -19.10000107300897554 -4.246352025169981081e-15 1 F -2.984362600514203656 F -0.1572300537602921988 #
ellipse-curve $-1 -1 $-1 1.179845700249871e-06 -3.718201925684277291e-07 112.6999969482422159 0 2.220446049250312588e-16 -1 0 -19.10000060754436291 -4.236782609191672091e-15 1 F 0.1572300119651044714 F 2.984362642309391855 #
point $-1 -1 $-1 -2.990734033116571045 18.86439800441520376 112.6999969482422159 #
point $-1 -1 $-1 2.990734482231684588 18.86439833911052943 112.6999969482422159 #
straight-curve $-1 -1 $-1 2.990734482304830966 18.86439833904499253 99.90000152587890625 6.500282205012269251e-18 -1.336283800668747315e-16 1.000000000000000222 F 1.42108547152073238e-14 F 12.79999542236329546 #
straight-curve $-1 -1 $-1 -2.990734033152258053 18.86439800432552261 99.90000152587893467 1.483756629145889786e-17 -2.218210719594518766e-16 1.000000000000000222 F 5.495558482266159718e-28 F 12.79999542236328125 #
point $-1 -1 $-1 2.990734495140675797 -18.86439908065571558 112.6999969482422159 #
DXID-attrib $-1 -1 $-1 $-1 $889 @10 ASM ENTITY @2 26 #
face $1009 -1 $-1 $1010 $1011 $5 $-1 $1012 forward single #
cone-surface $-1 -1 $-1 -18.91002941131590376 7.000000351143810917 52.69999885559083452 -0.999999999999999889 1.85691843765231368e-08 4.123187208665142987e-24 0 1.554312657991692587e-15 -7.000001907348634589 1 I I 0 1 1.000000000000000222 forward I I I I #
vertex $-1 -1 $-1 $895 $1013 #
intcurve-curve $-1 -1 $-1 reversed { surfintcur full nubs 3 periodic 33 
	0 3 1.329347675329868306 2 2.658695350659736611 2 3.988043025989604917 2 5.317390701319473223 2 
	6.670117933464143611 2 8.022845165608814 2 9.3755723977534835 2 10.72829962989815478 2 12.16343465899030818 2 
	13.59856968808245981 2 15.03370471717461143 2 16.46883974626676306 2 17.86331876427594167 2 19.25779778228512029 2 
	20.65227680029429891 2 22.04675581830347753 2 23.36502546667467684 2 24.68329511504587614 2 26.00156476341707545 2 
	27.31983441178827476 2 28.75985549690934562 2 30.19987658203041292 2 31.63989766715148022 2 33.07991875227254752 2 
	34.41745029057271665 2 35.75498182887288579 2 37.09251336717305492 2 38.43004490547323115 2 39.73903980164708116 2 
	41.04803469782093828 2 42.35702959399479539 2 43.66602449016865251 3 
	-23.48954493940513899 -1.471166954636338133e-06 52.69999884591989314 
	-23.50626568867940946 -1.470244709146850735e-06 52.2571985409418005 
	-23.52368562722954337 0.04269148175186559396 51.79939081077641561 
	-23.55704705877322525 0.2223901606434666722 50.88913119408864816 
	-23.5729651461831935 0.359353459054247093 50.4366700744003964 
	-23.59742667587521225 0.7214546905097767304 49.56938973290053951 
	-23.6058997650272282 0.9468861481596597685 49.15386816755956545 
	-23.60828975191900625 1.467789280458742462 48.38608240172149522 
	-23.60206708586005675 1.763294400032823228 48.03384046431433774 
	-23.56990360545841767 2.398600749351676331 47.40564304429266684 
	-23.54263920224137507 2.760245660163289205 47.11029759403636064 
	-23.45711481245919572 3.54435487982637687 46.59436256194257453 
	-23.39872344585997155 3.966784504532154809 46.37374205546307593 
	-23.24692408645690023 4.841734443801844812 46.02438570142722796 
	-23.15327577756351474 5.295098785797508256 45.8952870162488864 
	-22.93439170970160745 6.198449288947236013 45.73090217049675488 
	-22.80912530625164436 6.648424645404206856 45.69559744075603902 
	-22.53184930492073335 7.535325722792501679 45.70557780898187161 
	-22.36894045579927592 8.001137358233370023 45.75613529033734039 
	-22.01169606639247789 8.917543536129981518 45.95147718455124419 
	-21.81738404579158797 9.3681690290097972 46.09615939775834192 
	-21.41310093052399921 10.22593857700676345 46.47005181507297067 
	-21.20294281624997978 10.6336513732781679 46.69945084931750046 
	-20.78662700757291404 11.38488942315168551 47.22434876267498538 
	-20.58057329448645589 11.72843492720772751 47.51990112387091614 
	-20.19943962397320547 12.32812175597411475 48.14018162932345746 
	-20.00960282437036497 12.60824485533104955 48.48650976501312471 
	-19.65322211611783487 13.10525454662935907 49.24575974115611388 
	-19.48682245997212092 13.32220647112991152 49.65870651604519281 
	-19.20323850609954164 13.67125037955448974 50.52878656193417584 
	-19.08600636831980069 13.80363015292195961 50.98682381257258101 
	-18.91907049253950746 13.9723931131916661 51.91891865362034508 
	-18.8695565565189618 14.00868496485068881 52.39302676145989324 
	-18.84215977461681746 13.98834570015692513 53.2966323110239415 
	-18.85996909283753453 13.93618656055298111 53.74624710117203108 
	-18.95960785336083987 13.74343477651617818 54.63168380263706325 
	-19.04129425503264628 13.60290760436140545 55.0675360559000211 
	-19.2544989041697221 13.24430950625735015 55.8956565643349137 
	-19.38601804561109532 13.02592391685385387 56.28883485864248826 
	-19.676529715882765 12.5320787442171433 57.01133361434113311 
	-19.83536677298437922 12.25657629268057036 57.34068727892988449 
	-20.16975119258930604 11.65322958157596034 57.94856208563050615 
	-20.35912292222891296 11.29866211814314347 58.24420997377352194 
	-20.74681039105260894 10.52657896426113027 58.76465162496661776 
	-20.94500578775623367 10.10904170027783167 58.98950302011057545 
	-21.33030442790356673 9.234171413012550289 59.35074928000930328 
	-21.51758446928620572 8.776252278036885457 59.48732592294221178 
	-21.86581737459055574 7.848852764491885736 59.66436021391166378 
	-22.02675586635074723 7.379346932431142037 59.70471277682476341 
	-22.30300648877811298 6.495725654412156658 59.69476931644158668 
	-22.42945498439182472 6.052081644612114175 59.65032240553865961 
	-22.65750893725570592 5.163507066662651468 59.4699943953865855 
	-22.75914834032493417 4.718588301510282079 59.33409806841975609 
	-22.93393806967551996 3.86138350195160962 58.97416799923263397 
	-23.00733888464940335 3.448346779473103751 58.7497911591080566 
	-23.12889840642021611 2.682753176738026824 58.22952023767821572 
	-23.17718982192480937 2.330235728828204955 57.93359914703838598 
	-23.25456193515451275 1.712892710271832764 57.30819149774283972 
	-23.2864872516255339 1.425947696183451407 56.9589252052741557 
	-23.34068851828087077 0.9199180928354150355 56.19872952481542683 
	-23.36310106259687913 0.700809497993853836 55.7878258618913847 
	-23.40335935545314783 0.3489300518254856986 54.93108513976839191 
	-23.42132490890320184 0.2158776591032904313 54.48457327534492123 
	-23.45617498058833661 0.04139570242562361224 53.58704331328580395 
	-23.47308019066678497 -1.472075081640160801e-06 53.13601972292389775 
	-23.48954493940513899 -1.471166954636338133e-06 52.69999884591989314 
	0.0002957911389172257596 
	
	cone -18.91002941131590376 7.000000351143810917 52.69999885559083452 -0.999999999999999889 1.85691843765231368e-08 4.123187208665142987e-24 0 1.554312657991692587e-15 -7.000001907348634589 1 I I 0 1 1.000000000000000222 forward I I I I 
	cone 4.869815839469994403e-08 -1.720155173611477087e-07 59.88960780311007426 4.483541846703781396e-09 -4.220026797518459991e-09 1 0 23.21805544949569367 9.798081618314135105e-08 1 I I -0.03773447894616223375 0.9992878009355771196 1.000000000000000222 forward I I I I 
	nullbs 
	nullbs 
	I I 
	0 
	0 
	0 
	} F -32.99750262880066032 F -10.64599177813976461 #
point $-1 -1 $-1 -24.99999998504017995 -2.81996644019625025e-15 12.6999998092651385 #
point $-1 -1 $-1 -18.29359554620585016 1.515850007353947149 16.69999885559082387 #
coedge $-1 -1 $-1 $903 $902 $1014 $1015 forward $785 $-1 #
coedge $-1 -1 $-1 $1016 $1017 $902 $956 reversed $1018 $-1 #
edge $-1 -1 $-1 $963 -2.983284352783019067 $1019 -0.1583082928777505005 $902 $1020 forward @7 unknown #
coedge $-1 -1 $-1 $1021 $1022 $903 $958 reversed $1011 $-1 #
edge $-1 -1 $-1 $1023 0.1583082658458145053 $962 2.983284379817567444 $903 $1024 forward @7 unknown #
coedge $-1 -1 $-1 $1025 $904 $1022 $1026 forward $961 $-1 #
coedge $-1 -1 $-1 $904 $1025 $1016 $1027 forward $961 $-1 #
loop $-1 -1 $-1 $-1 $959 $1028 #
vertex $-1 -1 $-1 $1026 $1029 #
vertex $-1 -1 $-1 $1027 $1030 #
ellipse-curve $-1 -1 $-1 1.142617165328374805e-07 18.99999967495879361 4.862776840640822126e-14 0 -2.220446049250312588e-16 1 0 3.0047158046919904 7.671664278252197138e-15 1 F 1.649950258000980163 F 4.633235215785943772 #
DXID-attrib $-1 -1 $-1 $-1 $907 @10 ASM ENTITY @2 53 #
face $1031 -1 $-1 $1000 $982 $5 $-1 $1032 reversed single #
loop $-1 -1 $-1 $-1 $978 $907 #
plane-surface $-1 -1 $-1 -11.49999988079071223 -2.500000000000012434 52.69999885559083452 0 -1 -2.220446049250312588e-16 1.000000000000000222 0 0 forward_v I I I I #
coedge $-1 -1 $-1 $1033 $971 $977 $1034 forward $908 $-1 #
coedge $-1 -1 $-1 $910 $995 $1035 $1036 forward $851 $-1 #
coedge $-1 -1 $-1 $969 $993 $910 $972 forward $908 $-1 #
edge $-1 -1 $-1 $996 -7.000001907348632812 $1037 7.000001907348632812 $971 $1038 forward @7 unknown #
coedge $-1 -1 $-1 $1039 $911 $1040 $1041 forward $853 $-1 #
coedge $-1 -1 $-1 $911 $1039 $1042 $1043 forward $853 $-1 #
coedge $-1 -1 $-1 $1044 $1045 $911 $976 reversed $1046 $-1 #
edge $-1 -1 $-1 $1047 -1.491642644401739437 $1048 1.491642811059271434 $911 $1049 forward @7 unknown #
coedge $-1 -1 $-1 $1035 $912 $969 $1034 reversed $710 $-1 #
coedge $-1 -1 $-1 $1050 $1051 $912 $979 forward $967 $-1 #
edge $-1 -1 $-1 $1052 -9.259249820159030975 $983 13.74074994142238992 $978 $1053 forward @7 unknown #
coedge $-1 -1 $-1 $1002 $913 $918 $989 forward $982 $-1 #
coedge $-1 -1 $-1 $913 $1002 $1050 $1054 forward $982 $-1 #
loop $-1 -1 $-1 $-1 $913 $966 #
vertex $-1 -1 $-1 $914 $1055 #
straight-curve $-1 -1 $-1 0 -5.190723237537213208 45.69999694824219461 0 -1.000000000000000222 -2.220446049250312834e-16 F -2.69072323753720255 F 1.809276803696445057 #
coedge $-1 -1 $-1 $915 $1035 $998 $1056 reversed $710 $-1 #
edge $-1 -1 $-1 $1007 -18.91002941131590376 $950 3.789013596039951803 $915 $1057 forward @7 tangent #
ellipse-curve $-1 -1 $-1 -1.894320078577038988e-08 -1.083497055853748375e-07 45.69999694824219461 0 -2.220446049250312588e-16 1 4.021643462692737475e-09 23.75387463147304956 5.27441970798415616e-15 1 F 1.271666498580957816 F 1.86992612723163032 #
edge $-1 -1 $-1 $919 -11.40076393915529351 $934 10.95074684180372238 $917 $1058 forward @7 unknown #
edge $-1 -1 $-1 $920 -2.024741726902621856e-11 $1004 3.141592653610040475 $980 $1059 forward @7 unknown #
point $-1 -1 $-1 -22.69904320416652155 -7.000000000000018652 45.6999969482421875 #
point $-1 -1 $-1 0 -7.000000041233658266 45.69999694824219461 #
coedge $-1 -1 $-1 $930 $922 $1060 $1061 reversed $615 $-1 #
coedge $-1 -1 $-1 $971 $1033 $922 $994 forward $908 $-1 #
edge $-1 -1 $-1 $1062 -2.499999926640438019 $996 2.500000073359561981 $993 $1063 forward @7 unknown #
coedge $-1 -1 $-1 $970 $923 $926 $999 reversed $851 $-1 #
vertex $-1 -1 $-1 $924 $1064 #
straight-curve $-1 -1 $-1 -13.59854392821972624 2.499999999999987121 59.70000076293946734 1.000000000000000222 0 0 F -9.401455833361698211 F 13.59854392821972269 #
coedge $-1 -1 $-1 $926 $925 $985 $1056 forward $927 $-1 #
edge $-1 -1 $-1 $1065 -7.000002406892321005 $928 7.00000140780494462 $926 $1066 forward @7 unknown #
face $1067 -1 $-1 $707 $927 $5 $-1 $1068 reversed single #
point $-1 -1 $-1 0 2.499999999999987121 59.70000076293946734 #
coedge $-1 -1 $-1 $981 $980 $930 $1003 forward $982 $-1 #
edge $-1 -1 $-1 $1004 -1.809276730336883077 $1069 2.690723310896764531 $1002 $1070 forward @7 unknown #
vertex $-1 -1 $-1 $932 $1071 #
straight-curve $-1 -1 $-1 -18.85262632369995472 -7.000000007011188963 59.70000076293946734 -1.000000000000000222 1.8227808357260862e-09 4.047386505337171118e-25 F -18.85262632369995117 F 3.292590423878516415 #
point $-1 -1 $-1 -22.14521674757846981 -7.000000001009510697 59.70000076293946734 #
vertex $-1 -1 $-1 $986 $1072 #
ellipse-curve $-1 -1 $-1 0 6.999999999999989342 52.69999885559083452 -1 0 0 0 -7.000001907348636365 -1.554312657991693178e-15 0.9999999999999996669 F 1.570796326794896558 F 4.712388980384689674 #
DXID-attrib $-1 -1 $-1 $-1 $948 @10 ASM ENTITY @2 27 #
face $1073 -1 $-1 $1074 $1046 $5 $-1 $1075 reversed single #
loop $-1 -1 $-1 $-1 $1021 $948 #
cone-surface $-1 -1 $-1 1.699209917660482884e-06 -5.379569742336443663e-07 12.6999998092651385 1.567907024956120366e-16 2.232697532309168259e-16 -1 0 -19.00000095852821502 -4.242125525397777771e-15 1 I I 0 1 1.000000000000000222 forward I I I I #
point $-1 -1 $-1 -22.69904300735585778 7.000000421502700299 45.69999694824219461 #
coedge $-1 -1 $-1 $1045 $1044 $954 $1015 reversed $1046 $-1 #
edge $-1 -1 $-1 $1019 -1.491642811059271434 $1023 1.491642644401739437 $954 $1076 forward @7 unknown #
coedge $-1 -1 $-1 $1040 $955 $960 $1027 reversed $1018 $-1 #
coedge $-1 -1 $-1 $955 $1040 $1045 $1077 forward $1018 $-1 #
loop $-1 -1 $-1 $-1 $1016 $1074 #
vertex $-1 -1 $-1 $1015 $1078 #
ellipse-curve $-1 -1 $-1 -2.030927024776474778e-06 -5.379569536501095321e-07 -1.194504392399119266e-22 0 2.220446049250312588e-16 -1 0 -19.0000015460006928 -4.22393636556063992e-15 1 F -2.983284352783019067 F -0.1583082928777505005 #
coedge $-1 -1 $-1 $1042 $957 $1044 $1079 reversed $1011 $-1 #
coedge $-1 -1 $-1 $957 $1042 $959 $1026 reversed $1011 $-1 #
vertex $-1 -1 $-1 $1079 $1080 #
ellipse-curve $-1 -1 $-1 1.699209921213196563e-06 -5.379569714136779261e-07 -1.194504431842164527e-22 0 2.220446049250312588e-16 -1 0 -19.00000095852821502 -4.242125525397777771e-15 1 F 0.1583082658458145053 F 2.983284379817567444 #
coedge $-1 -1 $-1 $960 $959 $1039 $1081 reversed $961 $-1 #
edge $-1 -1 $-1 $962 -12.69999980926511363 $1082 2.309263891208437786e-14 $959 $1083 forward @7 unknown #
edge $-1 -1 $-1 $1084 -1.953992523352803569e-14 $963 12.69999980926511718 $960 $1085 forward @7 unknown #
face $1086 -1 $-1 $439 $961 $5 $-1 $1087 reversed single #
point $-1 -1 $-1 -2.995307813635097904 18.76241288218923486 2.607449357513578737e-14 #
point $-1 -1 $-1 2.995308081747649176 18.76241338122908431 2.6074493685944892e-14 #
DXID-attrib $-1 -1 $-1 $-1 $966 @10 ASM ENTITY @2 54 #
plane-surface $-1 -1 $-1 0 -10.38144647507442109 52.6999998546782038 1 0 0 0 1.000000000000000222 2.220446049250312834e-16 forward_v I I I I #
coedge $-1 -1 $-1 $993 $969 $1051 $1088 reversed $908 $-1 #
edge $-1 -1 $-1 $1037 -2.5 $1052 2.5 $969 $1089 forward @7 unknown #
coedge $-1 -1 $-1 $985 $977 $970 $1036 reversed $710 $-1 #
edge $-1 -1 $-1 $1065 -13.74074994142238992 $1037 9.259249820159030975 $970 $1090 forward @7 unknown #
vertex $-1 -1 $-1 $1034 $1091 #
straight-curve $-1 -1 $-1 -22.99999976158142445 2.499999999999988898 52.69999885559083452 0 2.220446049250312834e-16 -1.000000000000000222 F -7.000001907348632812 F 7.000001907348632812 #
coedge $-1 -1 $-1 $974 $973 $1025 $1081 forward $853 $-1 #
coedge $-1 -1 $-1 $1017 $1016 $973 $1041 reversed $1018 $-1 #
edge $-1 -1 $-1 $1048 0.1583082928777505005 $1084 2.983284352783019511 $973 $1092 forward @7 unknown #
coedge $-1 -1 $-1 $1022 $1021 $974 $1043 reversed $1011 $-1 #
edge $-1 -1 $-1 $1082 -2.983284379817566556 $1047 -0.1583082658458144498 $974 $1093 forward @7 unknown #
coedge $-1 -1 $-1 $1014 $975 $1021 $1079 forward $1046 $-1 #
coedge $-1 -1 $-1 $975 $1014 $1017 $1077 reversed $1046 $-1 #
loop $-1 -1 $-1 $-1 $1014 $1010 #
vertex $-1 -1 $-1 $1079 $1094 #
vertex $-1 -1 $-1 $1077 $1095 #
ellipse-curve $-1 -1 $-1 1.142617875871110565e-07 -19.00000001273245687 12.69999980926513672 0 2.220446049250312588e-16 -1 0 3.004715596139843736 2.958975580776849925e-16 1 F -1.491642644401739437 F 1.491642811059271434 #
coedge $-1 -1 $-1 $1060 $978 $981 $1054 reversed $967 $-1 #
coedge $-1 -1 $-1 $978 $1060 $1033 $1088 forward $967 $-1 #
vertex $-1 -1 $-1 $979 $1096 #
straight-curve $-1 -1 $-1 -13.7407499414223917 -2.500000000000010658 45.69999694824219461 1.000000000000000222 0 0 F -9.259249820159030975 F 13.74074994142238992 #
edge $-1 -1 $-1 $1069 -7.00000140780494462 $983 7.000002406892321005 $981 $1097 forward @7 unknown #
point $-1 -1 $-1 0 -2.500000000000010658 45.69999694824219461 #
edge $-1 -1 $-1 $1007 -1.809277216593425663 $1065 2.690722783406574337 $998 $1098 forward @7 unknown #
straight-curve $-1 -1 $-1 -18.91002941131590376 7.000000351143813582 45.69999694824219461 -1 1.856918437652314011e-08 4.123187208665143722e-24 F -18.91002941131590376 F 3.789013596039951803 #
intcurve-curve $-1 -1 $-1 reversed { surfintcur full nubs 3 periodic 33 
	0 3 1.394479014837096686 2 2.788958029674193373 2 4.183437044511290281 2 5.577916059348386746 2 
	7.013051082529761615 2 8.448186105711137373 2 9.88332112889251313 2 11.31845615207388889 2 12.6711833819835018 2 
	14.02391061189311472 2 15.37663784180272764 2 16.72936507171234055 2 18.05871274702683138 2 19.38806042234132576 2 
	20.71740809765581659 2 22.04675577297030742 2 23.35575066936966238 2 24.66474556576901378 2 25.97374046216836518 2 
	27.28273535856772014 2 28.62026689385492517 2 29.9577984291421302 2 31.29532996442933523 2 32.63286149971654027 2 
	34.07288257697828726 2 35.51290365424004136 2 36.95292473150179546 2 38.39294580876354246 2 39.71121545660793117 2 
	41.02948510445231989 2 42.3477547522967086 2 43.66602440014110442 3 
	-18.85547379845426974 -13.99822929483302403 52.85752199003297847 
	-18.8695570192297275 -14.00868461870528847 52.39302670065620049 
	-18.91907095353032631 -13.9723927620449313 51.91891859385189889 
	-19.08600682207951493 -13.80362979059326101 50.98682375509660858 
	-19.20323895435949524 -13.67125001104697901 50.52878650571742725 
	-19.48682289435150139 -13.32220608944537155 49.6587064626397563 
	-19.65322254210921216 -13.10525415793901516 49.24575968931178238 
	-20.0096032317915693 -12.60824445236690394 48.48650971664098108 
	-20.19944002121082605 -12.32812134574636609 48.14018158286351223 
	-20.58057367016596118 -11.72843450316848646 47.51990108212129371 
	-20.78662737095960722 -11.38488899221589179 47.22434872388100757 
	-21.20294315329438106 -10.63365092899438302 46.69945081703825451 
	-21.41310125351771987 -10.22593812627420462 46.4700517863531033 
	-21.8173843396674414 -9.368168566559047505 46.09615937662140794 
	-22.01169634518538487 -8.917543068396375006 45.95147716743809241 
	-22.36894070426512826 -8.00113688163305703 45.7561352814285911 
	-22.53184953814113811 -7.535325242610139362 45.70557780425218652 
	-22.80912551102113994 -6.64842415908409734 45.69559744385141897 
	-22.93439190022772323 -6.198448799847010804 45.73090217769696864 
	-23.15327593957105989 -5.295098293049626648 45.89528703175534474 
	-23.24692423419005038 -4.841733950185234114 46.02438572113210569 
	-23.39872356614236892 -3.96678401106329348 46.37374208312961343 
	-23.45711491953845851 -3.544354387372348203 46.59436259337744701 
	-23.54263928490657776 -2.760245171222504457 47.11029763216949817 
	-23.56990367691294352 -2.398600262905258962 47.40564308535511628 
	-23.60206713771651721 -1.763293918840269203 48.03384051062594295 
	-23.60828979468201894 -1.467788802227485201 48.38608245069145397 
	-23.60589979177214559 -0.9468856767569423516 49.15386822116876431 
	-23.59742669569404683 -0.7214542229704759002 49.56938978849140653 
	-23.57296515488024369 -0.3593529997093483086 50.43667013314838243 
	-23.55704706326553577 -0.2223897056354864621 50.88913125401333559 
	-23.523685626205598 -0.04269103547982752017 51.79939087223146998 
	-23.50626568634538316 1.912117759182497506e-06 52.25719860275027884 
	-23.473080188330119 1.90551225884049873e-06 53.13601978480236454 
	-23.45617497951959152 -0.04139527332922679492 53.58704337488919123 
	-23.42132491318380616 -0.2158772387186737307 54.48457333561510296 
	-23.40335936381409709 -0.3489296358121707908 54.93108519898078157 
	-23.36310108174730971 -0.7008090905663293402 55.78782591825295611 
	-23.34068854414898198 -0.91991768963064946 56.19872957938198965 
	-23.28648729300397946 -1.425947301189312899 56.95892525567159481 
	-23.25456198532643981 -1.71289231926899399 57.30819154576632712 
	-23.17718989110426264 -2.330235344855082325 57.93359918916369367 
	-23.12889848652908498 -2.68275279591998439 58.22952027624626226 
	-23.00733898858698367 -3.448346404940550336 58.74979119033623931 
	-22.9339381865121652 -3.861383130554024046 58.97416802667837743 
	-22.7591484840491951 -4.718587936437224073 59.33409808823257237 
	-22.65750909499276489 -5.163506704787270252 59.46999441134011732 
	-22.42945517023333579 -6.052081289196483915 59.65032241381016576 
	-22.30300668871090863 -6.495725302260275669 59.69476932088794285 
	-22.02675609490340136 -7.379346585517367885 59.70471277346513261 
	-21.86581761874009189 -7.848852419693472804 59.66436020658564132 
	-21.51758474465511028 -8.776251937452109075 59.48732590802176645 
	-21.33030471889627222 -9.234171074526258849 59.35074926145798457 
	-20.94500610906154137 -10.10904136564440137 58.98950299480792125 
	-20.74681072706396634 -10.5265786313904357 58.76465159653392334 
	-20.35912328589510878 -11.29866178810413402 58.24420993980698569 
	-20.16975156920518941 -11.65322925260154818 57.9485620492601754 
	-19.83536717119211445 -12.25657596628428792 57.34068723746916163 
	-19.67653012376621646 -12.53207841921155108 57.01133356971528343 
	-19.38601847121516997 -13.02592359302431113 56.28883480820774565 
	-19.25449933781906608 -13.24430918220897979 55.89565651125756318 
	-19.04129470214009601 -13.60290727808592237 55.06753599847201031 
	-18.9596083058887892 -13.74343444822414284 54.63168374350619416 
	-18.85996955285295584 -13.93618622660798678 53.74624703982192386 
	-18.84216023669059936 -13.98834536257406569 53.29663224915983477 
	-18.85547379845426974 -13.99822929483302403 52.85752199003297847 
	0.0002957911361958534785 
	
	cone -18.85262632369995472 -7.000000007011186298 52.69999885559083452 -1 1.822780835726085787e-09 4.0473865053371702e-25 0 1.554312657991692587e-15 -7.000001907348634589 1 I I 0 1 1.000000000000000222 forward I I I I 
	cone 4.869815839469994403e-08 -1.720155173611477087e-07 59.88960780311007426 4.483541846703781396e-09 -4.220026797518459991e-09 1 0 23.21805544949569367 9.798081618314135105e-08 1 I I -0.03773447894616223375 0.9992878009355771196 1.000000000000000222 forward I I I I 
	nullbs 
	nullbs 
	I I 
	0 
	0 
	0 
	} F -11.40076393915529351 F 10.95074684180372238 #
ellipse-curve $-1 -1 $-1 0 -7.00000004137539289 52.69999885559083452 -1 0 0 0 1.554312657991692587e-15 -7.000001907348634589 1 F -2.024741726902621856e-11 F 3.141592653610040475 #
coedge $-1 -1 $-1 $1051 $1050 $992 $1061 forward $967 $-1 #
edge $-1 -1 $-1 $1069 -13.59854392821972269 $1062 9.401455833361698211 $1060 $1099 forward @7 unknown #
vertex $-1 -1 $-1 $994 $1100 #
straight-curve $-1 -1 $-1 -22.99999976158142445 -7.33595752366868631e-08 59.70000076293946734 0 1.000000000000000222 2.220446049250312834e-16 F -2.499999926640438019 F 2.500000073359561981 #
point $-1 -1 $-1 -22.99999976158142445 2.499999999999987121 59.70000076293946734 #
vertex $-1 -1 $-1 $1036 $1101 #
straight-curve $-1 -1 $-1 0 2.499999999999988898 52.69999935513452272 0 -2.220446049250312834e-16 1.000000000000000222 F -7.000002406892321005 F 7.00000140780494462 #
DXID-attrib $-1 -1 $-1 $-1 $1000 @10 ASM ENTITY @2 55 #
plane-surface $-1 -1 $-1 0 10.38144556681314157 52.6999998546782038 1 0 0 0 1.000000000000000222 2.220446049250312834e-16 forward_v I I I I #
vertex $-1 -1 $-1 $1061 $1102 #
straight-curve $-1 -1 $-1 0 -5.190723310896778742 59.70000076293946734 0 1.000000000000000222 2.220446049250312834e-16 F -1.809276730336883077 F 2.690723310896764531 #
point $-1 -1 $-1 0 -7.000000041233662706 59.70000076293946734 #
point $-1 -1 $-1 0 6.999999999999992006 45.69999694824219461 #
DXID-attrib $-1 -1 $-1 $-1 $1010 @10 ASM ENTITY @2 28 #
face $1103 -1 $-1 $1028 $1018 $5 $-1 $1104 forward single #
cone-surface $-1 -1 $-1 1.142617875871110565e-07 -19.00000001273245687 12.69999980926513672 -7.327156949334789031e-20 -9.847772563161202513e-17 1 0 3.004715596139843736 2.958975580776849925e-16 1 I I 0 1 1.000000000000000222 forward I I I I #
ellipse-curve $-1 -1 $-1 1.142617875871110565e-07 -19.00000001273245331 -2.442490657002516166e-15 0 -2.220446049250312588e-16 1 0 3.004715596139843736 2.958975580776849925e-16 1 F -1.491642811059271434 F 1.491642644401739437 #
edge $-1 -1 $-1 $1048 1.776356839401353292e-15 $1019 12.6999998092651385 $1017 $1105 forward @7 unknown #
point $-1 -1 $-1 2.995307932983426458 -18.76241448091417041 -3.57397396438752213e-15 #
edge $-1 -1 $-1 $1047 1.776356839390608218e-15 $1023 12.6999998092651385 $1044 $1106 forward @7 unknown #
point $-1 -1 $-1 -2.99530766489666167 -18.76241398172100716 -3.573973853544373415e-15 #
edge $-1 -1 $-1 $1084 1.649950091393637575 $1082 4.63323504917861051 $1039 $1107 forward @7 unknown #
vertex $-1 -1 $-1 $1043 $1108 #
straight-curve $-1 -1 $-1 -2.99530781362169396 18.76241288213409319 12.69999980926514027 -7.165070597744514715e-16 -2.553207949408250884e-15 1.000000000000000222 F -12.69999980926511363 F 2.309263891208437786e-14 #
vertex $-1 -1 $-1 $1027 $1109 #
straight-curve $-1 -1 $-1 2.995308081737608763 18.76241338128588865 12.6999998092651456 7.165070597744514715e-16 2.553207949408250884e-15 -1.000000000000000222 F -1.953992523352803569e-14 F 12.69999980926511718 #
DXID-attrib $-1 -1 $-1 $-1 $1028 @10 ASM ENTITY @2 30 #
cone-surface $-1 -1 $-1 1.142617058746964441e-07 18.99999967495876163 12.69999980926514382 -7.165070597744512743e-16 -2.553207949408250489e-15 1 0 3.0047158046919904 7.671664278252197138e-15 1 I I 0 1 1.000000000000000222 forward I I I I #
edge $-1 -1 $-1 $1062 -7.000001907348632812 $1052 7.000001907348632812 $1051 $1110 forward @7 unknown #
straight-curve $-1 -1 $-1 -22.99999976158142445 -1.014743776744757298e-14 45.69999694824219461 0 -1.000000000000000222 -2.220446049250312834e-16 F -2.5 F 2.5 #
straight-curve $-1 -1 $-1 -13.7407499414223917 2.49999999999999023 45.69999694824219461 -1.000000000000000222 0 0 F -13.74074994142238992 F 9.259249820159030975 #
point $-1 -1 $-1 -22.99999976158142445 2.49999999999999023 45.69999694824219461 #
ellipse-curve $-1 -1 $-1 -2.030927024776474778e-06 -5.379569564700759723e-07 12.6999998092651385 0 -2.220446049250312588e-16 1 0 -19.0000015460006928 -4.22393636556063992e-15 1 F 0.1583082928777505005 F 2.983284352783019511 #
ellipse-curve $-1 -1 $-1 1.699209917660482884e-06 -5.379569742336443663e-07 12.6999998092651385 0 -2.220446049250312588e-16 1 0 -19.00000095852821502 -4.242125525397777771e-15 1 F -2.983284379817566556 F -0.1583082658458144498 #
point $-1 -1 $-1 -2.99530766489666167 -18.76241398172101071 12.69999980926513672 #
point $-1 -1 $-1 2.995307932983426458 -18.76241448091417396 12.69999980926513672 #
point $-1 -1 $-1 -22.99999976158142445 -2.500000000000010658 45.69999694824219461 #
straight-curve $-1 -1 $-1 0 -2.500000000000012434 52.69999935513452272 0 2.220446049250312834e-16 -1.000000000000000222 F -7.00000140780494462 F 7.000002406892321005 #
straight-curve $-1 -1 $-1 0 5.190722783406566343 45.69999694824219461 0 -1.000000000000000222 -2.220446049250312834e-16 F -1.809277216593425663 F 2.690722783406574337 #
straight-curve $-1 -1 $-1 -13.59854392821972624 -2.500000000000013767 59.70000076293946734 -1.000000000000000222 0 0 F -13.59854392821972269 F 9.401455833361698211 #
point $-1 -1 $-1 -22.99999976158142445 -2.500000000000013767 59.70000076293946734 #
point $-1 -1 $-1 0 2.49999999999999023 45.69999694824219461 #
point $-1 -1 $-1 0 -2.500000000000013767 59.70000076293946734 #
DXID-attrib $-1 -1 $-1 $-1 $1074 @10 ASM ENTITY @2 29 #
cone-surface $-1 -1 $-1 -2.030927024776474778e-06 -5.379569564700759723e-07 12.6999998092651385 5.410728061416284058e-17 2.223124222034463451e-16 -1 0 -19.0000015460006928 -4.22393636556063992e-15 1 I I 0 1 1.000000000000000222 forward I I I I #
straight-curve $-1 -1 $-1 2.995307932963226172 -18.76241448095076692 12.69999980926513672 5.41072806141628529e-17 2.223124222034463944e-16 -1.000000000000000222 F 1.776356839401353292e-15 F 12.6999998092651385 #
straight-curve $-1 -1 $-1 -2.995307664847282059 -18.7624139817990141 12.69999980926513672 7.327156949334790235e-20 9.847772563161204978e-17 -1.000000000000000222 F 1.776356839390608218e-15 F 12.6999998092651385 #
ellipse-curve $-1 -1 $-1 1.142617058746964441e-07 18.99999967495876163 12.69999980926518823 0 2.220446049250312588e-16 -1 0 3.0047158046919904 7.671664278252197138e-15 1 F 1.649950091393637575 F 4.63323504917861051 #
point $-1 -1 $-1 -2.995307813635112559 18.76241288218921355 12.69999980926516336 #
point $-1 -1 $-1 2.995308081747638074 18.76241338122906654 12.69999980926516336 #
straight-curve $-1 -1 $-1 -22.99999976158142445 -2.500000000000012434 52.69999885559083452 0 2.220446049250312834e-16 -1.000000000000000222 F -7.000001907348632812 F 7.000001907348632812 #
End-of-ACIS-data 